{"type": "FeatureCollection", "features": [{"type": "Feature", "geometry": {"type": "Polygon", "coordinates": [[[-0.715303630934216, 51.9974237196423], [-0.714728066236704, 51.9965129921898], [-0.71524397673212, 51.9965905213729], [-0.714297956356385, 51.9940703677743], [-0.71498558315351, 51.9929449586336], [-0.715919065568605, 51.9923531381076], [-0.717754698273518, 51.9908263894774], [-0.719999983162925, 51.9909557850886], [-0.720278927261265, 51.990671060913], [-0.721477635340047, 51.9910733506334], [-0.721569869692043, 51.9908496285894], [-0.722105455792155, 51.9894893912344], [-0.72221254890517, 51.9891611670587], [-0.726925996489106, 51.9899395728672], [-0.727519656454416, 51.9899881008108], [-0.72939283601172, 51.9902356148549], [-0.729696559634692, 51.9924122657829], [-0.728982225879213, 51.9930306207671], [-0.728170579909193, 51.9925207757694], [-0.727707442100944, 51.9927053846125], [-0.72721837421165, 51.9923407191523], [-0.726556606715069, 51.9926480041917], [-0.726125275015428, 51.9928940916132], [-0.72480536427482, 51.9928358460083], [-0.724872049711718, 51.9931178883662], [-0.724290330966826, 51.9931558106646], [-0.722664163335321, 51.9942907366236], [-0.724712008814446, 51.995832489434], [-0.720908410976901, 51.9961923354604], [-0.720557600663512, 51.9960467423788], [-0.719717158676106, 51.9966199048679], [-0.718271896148525, 51.9963683538475], [-0.717952642998227, 51.9966637168305], [-0.717343881287201, 51.9965581971674], [-0.717860322305128, 51.9952118806033], [-0.716949697455846, 51.9956503940993], [-0.716058439683501, 51.9971672994199], [-0.715303630934216, 51.9974237196423]]]}, "properties": {"LSOA21CD": "E01016710", "LSOA21NM": "Milton Keynes 030A", "LAT": 51.99281, "LONG": -0.72201, "fuel_poverty_rate_effective": 0.1124, "asset_total_mw": 12.8, "ec_count": 20.0, "population_effective": 2106, "deprivation_score": 24.61, "active": true}}, {"type": "Feature", "geometry": {"type": "Polygon", "coordinates": [[[-0.739328772147319, 52.0035017576455], [-0.737648869867646, 51.9995848637284], [-0.736856875090263, 51.9971669371487], [-0.738233604455164, 51.9973914381848], [-0.737894599463968, 51.9963076354379], [-0.739333618262592, 51.9953783594464], [-0.740291045104571, 51.9947231610713], [-0.741189181402014, 51.9927165188457], [-0.740493086645524, 51.9921711828955], [-0.74161833222776, 51.9922989692893], [-0.742191012419638, 51.991887591619], [-0.744172638778791, 51.9918773765131], [-0.744421109350503, 51.9914197708051], [-0.744784289698877, 51.9918125394219], [-0.746514159420139, 51.9915376907576], [-0.747679294027705, 51.9912484826048], [-0.747765619185298, 51.9918103560034], [-0.749418611414255, 51.9915315419941], [-0.749434844094332, 51.9911606358244], [-0.750160567042887, 51.9912934765199], [-0.75000448841091, 51.9908601592041], [-0.751597560066676, 51.9905818477165], [-0.751153789646933, 51.9899409949297], [-0.752634806884556, 51.9896213545182], [-0.752990957722007, 51.9906776513513], [-0.752300231964448, 51.9907049458682], [-0.751920010030925, 51.9910416786165], [-0.753212312147209, 51.9917918898841], [-0.753057431597194, 51.9925717253299], [-0.753707017684524, 51.9926327399554], [-0.753549968389936, 51.993307091632], [-0.753538626861659, 51.9943455419751], [-0.753737116357005, 51.9967795795445], [-0.754538155072013, 51.9973359499266], [-0.754068558972915, 51.9976094775657], [-0.752870800712035, 51.9970174131762], [-0.750156329446291, 51.9970893878655], [-0.749732718825813, 51.9973764731034], [-0.749326677995986, 51.997157034631], [-0.747445503759676, 51.9984275330853], [-0.745911839842441, 51.9994446988411], [-0.74486258022711, 51.9996553820263], [-0.744204846419344, 52.0005602055421], [-0.743002390331891, 52.0010675324348], [-0.741588213938672, 52.0022301593286], [-0.74125344328968, 52.0021380724209], [-0.740875278601599, 52.0024910152161], [-0.740501560289938, 52.0023430333184], [-0.740967803511548, 52.0028039498293], [-0.740280988374303, 52.0034390134709], [-0.739917848493619, 52.0032548807596], [-0.739328772147319, 52.0035017576455]]]}, "properties": {"LSOA21CD": "E01016711", "LSOA21NM": "Milton Keynes 031A", "LAT": 51.99656, "LONG": -0.74579, "fuel_poverty_rate_effective": 0.0579, "asset_total_mw": 12.8, "ec_count": 20.0, "population_effective": 2976, "deprivation_score": 10.548, "active": true}}, {"type": "Feature", "geometry": {"type": "Polygon", "coordinates": [[[-0.735811705296363, 51.9938491579203], [-0.735102715456667, 51.9912303709553], [-0.736133091315389, 51.9916763171092], [-0.737489065770421, 51.9903200196131], [-0.739916598851726, 51.9894468792864], [-0.744784838588111, 51.9891934080768], [-0.748865232946042, 51.9887418194968], [-0.752394661340246, 51.9879792179705], [-0.753455452951009, 51.9886235754149], [-0.754232390671536, 51.9884557035174], [-0.754881396230553, 51.9891102097417], [-0.754847614762902, 51.9897000216393], [-0.756766324129817, 51.9889335477167], [-0.757131726065559, 51.9892256360776], [-0.754771369516035, 51.991339636568], [-0.754338038167253, 51.991304548441], [-0.75403208732482, 51.9912799050593], [-0.753906218727613, 51.9918364009675], [-0.753707017684524, 51.9926327399554], [-0.753057431597194, 51.9925717253299], [-0.753212312147209, 51.9917918898841], [-0.751920010030925, 51.9910416786165], [-0.752300231964448, 51.9907049458682], [-0.752990957722007, 51.9906776513513], [-0.752634806884556, 51.9896213545182], [-0.751153789646933, 51.9899409949297], [-0.751597560066676, 51.9905818477165], [-0.75000448841091, 51.9908601592041], [-0.750160567042887, 51.9912934765199], [-0.749434844094332, 51.9911606358244], [-0.749418611414255, 51.9915315419941], [-0.747765619185298, 51.9918103560034], [-0.747679294027705, 51.9912484826048], [-0.746514159420139, 51.9915376907576], [-0.744784289698877, 51.9918125394219], [-0.744421109350503, 51.9914197708051], [-0.744172638778791, 51.9918773765131], [-0.742191012419638, 51.991887591619], [-0.74161833222776, 51.9922989692893], [-0.740493086645524, 51.9921711828955], [-0.741189181402014, 51.9927165188457], [-0.740291045104571, 51.9947231610713], [-0.739333618262592, 51.9953783594464], [-0.737894599463968, 51.9963076354379], [-0.738233604455164, 51.9973914381848], [-0.736856875090263, 51.9971669371487], [-0.735811705296363, 51.9938491579203]]]}, "properties": {"LSOA21CD": "E01016713", "LSOA21NM": "Milton Keynes 031B", "LAT": 51.99261, "LONG": -0.73823, "fuel_poverty_rate_effective": 0.0789, "asset_total_mw": 12.8, "ec_count": 20.0, "population_effective": 1824, "deprivation_score": 10.087, "active": true}}, {"type": "Feature", "geometry": {"type": "Polygon", "coordinates": [[[-0.732199567504434, 51.9981665803338], [-0.731483534469622, 51.9972147856185], [-0.730090202435451, 51.99728222719], [-0.729746818641514, 51.9966390263697], [-0.73221373823213, 51.9963296720903], [-0.731978613940393, 51.995990974573], [-0.730403359628737, 51.9960947558033], [-0.730366158941338, 51.9953573454941], [-0.728657321401497, 51.9956827744324], [-0.728523020821497, 51.9953647498242], [-0.72913225330113, 51.9948852877766], [-0.72850343809702, 51.9949438255794], [-0.727197579303744, 51.9952803878015], [-0.727575969617384, 51.9958059714058], [-0.727071330169777, 51.9967971995005], [-0.726350959517169, 51.9969540728411], [-0.725710751250183, 51.9966688603454], [-0.724712008814446, 51.995832489434], [-0.722664163335321, 51.9942907366236], [-0.724290330966826, 51.9931558106646], [-0.724872049711718, 51.9931178883662], [-0.72480536427482, 51.9928358460083], [-0.726125275015428, 51.9928940916132], [-0.726556606715069, 51.9926480041917], [-0.72721837421165, 51.9923407191523], [-0.727707442100944, 51.9927053846125], [-0.728170579909193, 51.9925207757694], [-0.728982225879213, 51.9930306207671], [-0.729696559634692, 51.9924122657829], [-0.72939283601172, 51.9902356148549], [-0.729593197328242, 51.9902689120862], [-0.729941556412718, 51.9903293647222], [-0.735099075192674, 51.9912174024439], [-0.735102715456667, 51.9912303709553], [-0.735811705296363, 51.9938491579203], [-0.735305979897208, 51.9939553111335], [-0.734457758378714, 51.9945313908661], [-0.734472511907237, 51.9950421483005], [-0.73460735851365, 51.996978635712], [-0.733995005223904, 51.9969990317284], [-0.733898137557231, 51.9978348799637], [-0.733129831329717, 51.997726800118], [-0.732199567504434, 51.9981665803338]]]}, "properties": {"LSOA21CD": "E01016714", "LSOA21NM": "Milton Keynes 030B", "LAT": 51.99418, "LONG": -0.72895, "fuel_poverty_rate_effective": 0.1224, "asset_total_mw": 12.8, "ec_count": 20.0, "population_effective": 2483, "deprivation_score": 28.858, "active": true}}, {"type": "Feature", "geometry": {"type": "Polygon", "coordinates": [[[-0.736133091315389, 51.9916763171092], [-0.735102715456667, 51.9912303709553], [-0.735099075192674, 51.9912174024439], [-0.735442110549644, 51.9912363876681], [-0.735241411357148, 51.9902777971331], [-0.735526151490135, 51.9887336457239], [-0.73670378369866, 51.9882705859118], [-0.739624883274921, 51.9880429650855], [-0.745984897539636, 51.9866636354352], [-0.748583355738804, 51.9865516180452], [-0.749204642587067, 51.9862376131284], [-0.755050510394854, 51.9852715727119], [-0.75687737294849, 51.9853795161324], [-0.757869562111244, 51.9864444863319], [-0.758293746786329, 51.9863251657265], [-0.76178048403146, 51.9853395437639], [-0.761997432560289, 51.9855584414253], [-0.765724518607373, 51.9844965537308], [-0.765872267815002, 51.986111433747], [-0.765898014459737, 51.9871196796338], [-0.765999923112076, 51.9885290596135], [-0.766231822971392, 51.9894263448402], [-0.766301770639018, 51.9896335556053], [-0.762910237946049, 51.9899790632784], [-0.76019506976824, 51.990252013467], [-0.757194704303296, 51.9910509615582], [-0.754771369516035, 51.991339636568], [-0.757131726065559, 51.9892256360776], [-0.756766324129817, 51.9889335477167], [-0.754847614762902, 51.9897000216393], [-0.754881396230553, 51.9891102097417], [-0.754232390671536, 51.9884557035174], [-0.753455452951009, 51.9886235754149], [-0.752394661340246, 51.9879792179705], [-0.748865232946042, 51.9887418194968], [-0.744784838588111, 51.9891934080768], [-0.739916598851726, 51.9894468792864], [-0.737489065770421, 51.9903200196131], [-0.736133091315389, 51.9916763171092]]]}, "properties": {"LSOA21CD": "E01016715", "LSOA21NM": "Milton Keynes 031C", "LAT": 51.98818, "LONG": -0.75928, "fuel_poverty_rate_effective": 0.1091, "asset_total_mw": 12.8, "ec_count": 20.0, "population_effective": 1740, "deprivation_score": 24.24, "active": true}}, {"type": "Feature", "geometry": {"type": "Polygon", "coordinates": [[[-0.715689546121579, 52.0019439933789], [-0.715619608378406, 52.0003157801019], [-0.719889892409246, 52.000049952647], [-0.719251420244691, 51.9996449866228], [-0.719612300629968, 51.9991034682063], [-0.71626220506422, 51.9981005719641], [-0.716863704538814, 51.9980820900733], [-0.717166296096656, 51.9975421817224], [-0.718140077309306, 51.9971394996727], [-0.717952642998227, 51.9966637168305], [-0.718271896148525, 51.9963683538475], [-0.719717158676106, 51.9966199048679], [-0.720557600663512, 51.9960467423788], [-0.720908410976901, 51.9961923354604], [-0.724712008814446, 51.995832489434], [-0.725710751250183, 51.9966688603454], [-0.726350959517169, 51.9969540728411], [-0.727071330169777, 51.9967971995005], [-0.727575969617384, 51.9958059714058], [-0.727197579303744, 51.9952803878015], [-0.72850343809702, 51.9949438255794], [-0.72913225330113, 51.9948852877766], [-0.728523020821497, 51.9953647498242], [-0.728657321401497, 51.9956827744324], [-0.730366158941338, 51.9953573454941], [-0.730403359628737, 51.9960947558033], [-0.731978613940393, 51.995990974573], [-0.73221373823213, 51.9963296720903], [-0.729746818641514, 51.9966390263697], [-0.730090202435451, 51.99728222719], [-0.730086804499803, 51.9979566741976], [-0.729102998426852, 51.9977400308168], [-0.728964011737702, 51.9981351026353], [-0.726815115409734, 51.9994553614898], [-0.727517006488681, 51.9994979792069], [-0.727370980669415, 52.0003905614367], [-0.727866025951891, 52.0004146361178], [-0.726642459201056, 52.0015053828861], [-0.726218898908596, 52.0025707813476], [-0.722430117699709, 52.0010731563894], [-0.721843212906425, 52.0017321566044], [-0.719784998825551, 52.0023724005731], [-0.719821302245202, 52.0030949236002], [-0.718157163487454, 52.0033988710541], [-0.719946278653095, 52.0054160331591], [-0.716612112135147, 52.0063598481576], [-0.716837280149427, 52.0045999762803], [-0.715689546121579, 52.0019439933789]]]}, "properties": {"LSOA21CD": "E01016716", "LSOA21NM": "Milton Keynes 030C", "LAT": 52.0006, "LONG": -0.72153, "fuel_poverty_rate_effective": 0.1161, "asset_total_mw": 12.8, "ec_count": 20.0, "population_effective": 2731, "deprivation_score": 24.271, "active": true}}, {"type": "Feature", "geometry": {"type": "Polygon", "coordinates": [[[-0.770955499897374, 52.0543219171643], [-0.771454831065764, 52.0540407872452], [-0.771828377779049, 52.0542609450251], [-0.774484532652213, 52.0525982313281], [-0.775290850073391, 52.0524447663405], [-0.777413512481057, 52.0523117035479], [-0.779104251581546, 52.052187599666], [-0.779674067230588, 52.0521513648443], [-0.780099736261481, 52.0525173497476], [-0.780800166494647, 52.0520343118873], [-0.780455738245754, 52.0524943011555], [-0.781150945054681, 52.0525414512192], [-0.781664497071305, 52.0524426122402], [-0.781826869555198, 52.0528428835758], [-0.781375787215871, 52.0533889578762], [-0.782040632883449, 52.0537651546979], [-0.782372376254984, 52.0546832405036], [-0.780676940531167, 52.0551864750268], [-0.779586683326678, 52.0555207642407], [-0.776792129420319, 52.0563672948642], [-0.773289631870594, 52.0575210941181], [-0.772969878913588, 52.0576257143082], [-0.771700983072056, 52.0553039588043], [-0.770955499897374, 52.0543219171643]]]}, "properties": {"LSOA21CD": "E01016717", "LSOA21NM": "Milton Keynes 013A", "LAT": 52.05482, "LONG": -0.77649, "fuel_poverty_rate_effective": 0.0828999999999999, "asset_total_mw": 0.0, "ec_count": 0.0, "population_effective": 1676, "deprivation_score": 22.771, "active": false}}, {"type": "Feature", "geometry": {"type": "Polygon", "coordinates": [[[-0.753373721612755, 52.0518030675456], [-0.751666353195184, 52.0492560454569], [-0.751661893145378, 52.0492517812795], [-0.753813295861683, 52.0484972412695], [-0.754276582959907, 52.0483211813], [-0.757899751411774, 52.0468214205964], [-0.760618073302143, 52.0456563722877], [-0.761919071924862, 52.0466058809751], [-0.760531323890204, 52.0472014661273], [-0.761015886072607, 52.0471663581152], [-0.761702914992023, 52.047700519433], [-0.761921172183705, 52.0480171364689], [-0.761362807669034, 52.0482442122702], [-0.762857506146127, 52.0495636535784], [-0.760675435401194, 52.0504853734716], [-0.759785757018877, 52.0509520099788], [-0.759007888358964, 52.0502608282934], [-0.757638429780896, 52.0506025878393], [-0.757067471406515, 52.0500973382202], [-0.75507693675697, 52.0508933991169], [-0.754861333563083, 52.0513047124346], [-0.753373721612755, 52.0518030675456]]]}, "properties": {"LSOA21CD": "E01016718", "LSOA21NM": "Milton Keynes 014A", "LAT": 52.04874, "LONG": -0.75765, "fuel_poverty_rate_effective": 0.1066, "asset_total_mw": 12.8, "ec_count": 20.0, "population_effective": 2039, "deprivation_score": 35.244, "active": true}}, {"type": "Feature", "geometry": {"type": "Polygon", "coordinates": [[[-0.782553151438097, 52.0519265539886], [-0.783922742218084, 52.0514371626617], [-0.786273124095894, 52.0519012455849], [-0.786212624828871, 52.0515442884025], [-0.785433886800331, 52.0515079360129], [-0.784220877104726, 52.0507051098363], [-0.784314599016667, 52.0499981537894], [-0.787235651663889, 52.0503002797932], [-0.786644689296813, 52.050017605763], [-0.786558541627339, 52.0488927849871], [-0.786970415752334, 52.0487621522119], [-0.786883984356662, 52.048314201356], [-0.78740539651313, 52.0483246001956], [-0.786809765383246, 52.0469973298247], [-0.786369576086468, 52.0456940812893], [-0.78522883695432, 52.0460904456082], [-0.783679845159848, 52.0461361884055], [-0.783855629233565, 52.0457978205021], [-0.785157580029292, 52.0455066280722], [-0.785620093168601, 52.0449573059526], [-0.78615506530181, 52.0454203058505], [-0.786773713795661, 52.0452271982588], [-0.787163564269597, 52.0454447816359], [-0.788570304201597, 52.0446248480353], [-0.788770500792892, 52.0447825279649], [-0.795921456692235, 52.050285144727], [-0.796007037732997, 52.0503527153864], [-0.792605629948945, 52.0514685497868], [-0.792341505930829, 52.0515530518174], [-0.78628600415608, 52.0534167094985], [-0.785046999950128, 52.05381148975], [-0.782372376254984, 52.0546832405036], [-0.782040632883449, 52.0537651546979], [-0.781375787215871, 52.0533889578762], [-0.781826869555198, 52.0528428835758], [-0.783327733341549, 52.0524843948642], [-0.782553151438097, 52.0519265539886]]]}, "properties": {"LSOA21CD": "E01016719", "LSOA21NM": "Milton Keynes 011A", "LAT": 52.04876, "LONG": -0.78876, "fuel_poverty_rate_effective": 0.0644, "asset_total_mw": 0.0, "ec_count": 0.0, "population_effective": 1420, "deprivation_score": 16.626, "active": false}}, {"type": "Feature", "geometry": {"type": "Polygon", "coordinates": [[[-0.770955499897374, 52.0543219171643], [-0.767060131646298, 52.0502938831758], [-0.767590145576986, 52.049811021237], [-0.772262998687272, 52.0485200446012], [-0.772989255403985, 52.0493948034505], [-0.771338779735078, 52.0505456615738], [-0.772314225903033, 52.0506643439658], [-0.773751728199958, 52.0497426169471], [-0.774260200171955, 52.0499750340095], [-0.775808535443576, 52.0499910352076], [-0.776029087508132, 52.050464949159], [-0.776626403239928, 52.0502565136952], [-0.776532443057072, 52.0497063182705], [-0.778058919163642, 52.0494444000576], [-0.778568700010835, 52.0500081717939], [-0.780569124379039, 52.0501430992579], [-0.781015831139501, 52.0502735814188], [-0.780552923569267, 52.0493343540659], [-0.781360636767729, 52.0491269184794], [-0.78156686086711, 52.0486716301047], [-0.782271373370327, 52.0488845485306], [-0.782948352720666, 52.0486577692385], [-0.783452820915071, 52.0492809434877], [-0.784408265874439, 52.0492717514107], [-0.784314599016667, 52.0499981537894], [-0.784220877104726, 52.0507051098363], [-0.785433886800331, 52.0515079360129], [-0.786212624828871, 52.0515442884025], [-0.786273124095894, 52.0519012455849], [-0.783922742218084, 52.0514371626617], [-0.782553151438097, 52.0519265539886], [-0.783327733341549, 52.0524843948642], [-0.781826869555198, 52.0528428835758], [-0.781664497071305, 52.0524426122402], [-0.781150945054681, 52.0525414512192], [-0.780455738245754, 52.0524943011555], [-0.780800166494647, 52.0520343118873], [-0.780099736261481, 52.0525173497476], [-0.779674067230588, 52.0521513648443], [-0.779104251581546, 52.052187599666], [-0.777413512481057, 52.0523117035479], [-0.775290850073391, 52.0524447663405], [-0.774484532652213, 52.0525982313281], [-0.771828377779049, 52.0542609450251], [-0.771454831065764, 52.0540407872452], [-0.770955499897374, 52.0543219171643]]]}, "properties": {"LSOA21CD": "E01016720", "LSOA21NM": "Milton Keynes 013B", "LAT": 52.05146, "LONG": -0.77571, "fuel_poverty_rate_effective": 0.0816, "asset_total_mw": 12.8, "ec_count": 20.0, "population_effective": 1583, "deprivation_score": 30.695, "active": true}}, {"type": "Feature", "geometry": {"type": "Polygon", "coordinates": [[[-0.754861333563083, 52.0513047124346], [-0.75507693675697, 52.0508933991169], [-0.757067471406515, 52.0500973382202], [-0.757638429780896, 52.0506025878393], [-0.759007888358964, 52.0502608282934], [-0.759785757018877, 52.0509520099788], [-0.760675435401194, 52.0504853734716], [-0.762857506146127, 52.0495636535784], [-0.761362807669034, 52.0482442122702], [-0.761921172183705, 52.0480171364689], [-0.761702914992023, 52.047700519433], [-0.761015886072607, 52.0471663581152], [-0.760531323890204, 52.0472014661273], [-0.761919071924862, 52.0466058809751], [-0.760618073302143, 52.0456563722877], [-0.761386420397038, 52.0453259183141], [-0.763619387160441, 52.0443701481134], [-0.765083500920102, 52.0469165471365], [-0.765085289498412, 52.0469214841531], [-0.766067772970317, 52.049041299614], [-0.766830390230042, 52.0501202580888], [-0.763844093673746, 52.0514209942361], [-0.75890675965164, 52.0536753501472], [-0.753629200006713, 52.054686051668], [-0.75359775564511, 52.0544562186368], [-0.753529701263611, 52.0524106606895], [-0.753373721612755, 52.0518030675456], [-0.754861333563083, 52.0513047124346]]]}, "properties": {"LSOA21CD": "E01016721", "LSOA21NM": "Milton Keynes 009A", "LAT": 52.05202, "LONG": -0.76008, "fuel_poverty_rate_effective": 0.0913, "asset_total_mw": 12.8, "ec_count": 20.0, "population_effective": 1911, "deprivation_score": 21.253, "active": true}}, {"type": "Feature", "geometry": {"type": "Polygon", "coordinates": [[[-0.776029087508132, 52.050464949159], [-0.775808535443576, 52.0499910352076], [-0.774260200171955, 52.0499750340095], [-0.773751728199958, 52.0497426169471], [-0.77582735965915, 52.0488268373779], [-0.775363943795867, 52.0486938316272], [-0.774971835736093, 52.0476152484803], [-0.775919813924867, 52.0473059419588], [-0.776754794710855, 52.0481453464058], [-0.778480005075607, 52.0471235889581], [-0.778179594528769, 52.046495827298], [-0.777729018152735, 52.0465414115564], [-0.778976331895589, 52.046189038024], [-0.779520861589039, 52.046005854871], [-0.779688139289371, 52.0457644584603], [-0.783026027316251, 52.0436593535371], [-0.783296634178829, 52.0438959217938], [-0.783453810564126, 52.0433826324551], [-0.785533682491922, 52.0422994105353], [-0.788570304201597, 52.0446248480353], [-0.787163564269597, 52.0454447816359], [-0.786773713795661, 52.0452271982588], [-0.78615506530181, 52.0454203058505], [-0.785620093168601, 52.0449573059526], [-0.785157580029292, 52.0455066280722], [-0.783855629233565, 52.0457978205021], [-0.783679845159848, 52.0461361884055], [-0.78522883695432, 52.0460904456082], [-0.786369576086468, 52.0456940812893], [-0.786809765383246, 52.0469973298247], [-0.78740539651313, 52.0483246001956], [-0.786883984356662, 52.048314201356], [-0.786970415752334, 52.0487621522119], [-0.786558541627339, 52.0488927849871], [-0.786644689296813, 52.050017605763], [-0.787235651663889, 52.0503002797932], [-0.784314599016667, 52.0499981537894], [-0.784408265874439, 52.0492717514107], [-0.783452820915071, 52.0492809434877], [-0.782948352720666, 52.0486577692385], [-0.782271373370327, 52.0488845485306], [-0.78156686086711, 52.0486716301047], [-0.781360636767729, 52.0491269184794], [-0.780552923569267, 52.0493343540659], [-0.781015831139501, 52.0502735814188], [-0.780569124379039, 52.0501430992579], [-0.778568700010835, 52.0500081717939], [-0.778058919163642, 52.0494444000576], [-0.776532443057072, 52.0497063182705], [-0.776626403239928, 52.0502565136952], [-0.776029087508132, 52.050464949159]]]}, "properties": {"LSOA21CD": "E01016722", "LSOA21NM": "Milton Keynes 011B", "LAT": 52.0464, "LONG": -0.78238, "fuel_poverty_rate_effective": 0.0501, "asset_total_mw": 0.0, "ec_count": 0.0, "population_effective": 1539, "deprivation_score": 10.934, "active": false}}, {"type": "Feature", "geometry": {"type": "Polygon", "coordinates": [[[-0.772989255403985, 52.0493948034505], [-0.772262998687272, 52.0485200446012], [-0.767590145576986, 52.049811021237], [-0.767060131646298, 52.0502938831758], [-0.766830390230042, 52.0501202580888], [-0.766067772970317, 52.049041299614], [-0.765085289498412, 52.0469214841531], [-0.766521372776181, 52.0462928223649], [-0.767213403288479, 52.0470972081519], [-0.768955628057868, 52.0462645270369], [-0.769469830119844, 52.0467645898041], [-0.770832442702806, 52.0464965502832], [-0.771846401002215, 52.0459734656819], [-0.771534981095484, 52.0458240404685], [-0.770428416900661, 52.0462888549153], [-0.770284355844545, 52.0460118480167], [-0.771319805968479, 52.045507244469], [-0.770570375484383, 52.0448429199321], [-0.77257660151022, 52.045124161139], [-0.772433097409155, 52.0444430626586], [-0.77288246933154, 52.0438133838637], [-0.773682495873559, 52.0432623359741], [-0.772578121892977, 52.0423719651774], [-0.773305741184574, 52.0420902521031], [-0.77332403789761, 52.0417335954653], [-0.774291559784053, 52.0424703303223], [-0.775225054578893, 52.0421020832101], [-0.776297697277162, 52.0422949777429], [-0.777661895325099, 52.0438832918842], [-0.777892706737472, 52.0436871986464], [-0.778617631468177, 52.0438385701166], [-0.778113090764704, 52.0444979701959], [-0.778976331895589, 52.046189038024], [-0.777729018152735, 52.0465414115564], [-0.778179594528769, 52.046495827298], [-0.778480005075607, 52.0471235889581], [-0.776754794710855, 52.0481453464058], [-0.775919813924867, 52.0473059419588], [-0.774971835736093, 52.0476152484803], [-0.775363943795867, 52.0486938316272], [-0.77582735965915, 52.0488268373779], [-0.773751728199958, 52.0497426169471], [-0.772314225903033, 52.0506643439658], [-0.771338779735078, 52.0505456615738], [-0.772989255403985, 52.0493948034505]]]}, "properties": {"LSOA21CD": "E01016723", "LSOA21NM": "Milton Keynes 013C", "LAT": 52.04622, "LONG": -0.77492, "fuel_poverty_rate_effective": 0.0444, "asset_total_mw": 12.8, "ec_count": 20.0, "population_effective": 1566, "deprivation_score": 9.778, "active": true}}, {"type": "Feature", "geometry": {"type": "Polygon", "coordinates": [[[-0.767213403288479, 52.0470972081519], [-0.766521372776181, 52.0462928223649], [-0.765085289498412, 52.0469214841531], [-0.765083500920102, 52.0469165471365], [-0.763619387160441, 52.0443701481134], [-0.764816506152002, 52.0438499998267], [-0.76612609957865, 52.0432903394335], [-0.768725702378349, 52.0421644750686], [-0.772854290777619, 52.0406328797], [-0.779070286416103, 52.0387388072401], [-0.7819264140349, 52.0373860707912], [-0.787537429684062, 52.0411927027884], [-0.785533682491922, 52.0422994105353], [-0.783453810564126, 52.0433826324551], [-0.783296634178829, 52.0438959217938], [-0.783026027316251, 52.0436593535371], [-0.779688139289371, 52.0457644584603], [-0.779520861589039, 52.046005854871], [-0.778976331895589, 52.046189038024], [-0.778113090764704, 52.0444979701959], [-0.778617631468177, 52.0438385701166], [-0.777892706737472, 52.0436871986464], [-0.777661895325099, 52.0438832918842], [-0.776297697277162, 52.0422949777429], [-0.775225054578893, 52.0421020832101], [-0.774291559784053, 52.0424703303223], [-0.77332403789761, 52.0417335954653], [-0.773305741184574, 52.0420902521031], [-0.772578121892977, 52.0423719651774], [-0.773682495873559, 52.0432623359741], [-0.77288246933154, 52.0438133838637], [-0.772433097409155, 52.0444430626586], [-0.77257660151022, 52.045124161139], [-0.770570375484383, 52.0448429199321], [-0.771319805968479, 52.045507244469], [-0.770284355844545, 52.0460118480167], [-0.770428416900661, 52.0462888549153], [-0.771534981095484, 52.0458240404685], [-0.771846401002215, 52.0459734656819], [-0.770832442702806, 52.0464965502832], [-0.769469830119844, 52.0467645898041], [-0.768955628057868, 52.0462645270369], [-0.767213403288479, 52.0470972081519]]]}, "properties": {"LSOA21CD": "E01016724", "LSOA21NM": "Milton Keynes 013D", "LAT": 52.04231, "LONG": -0.78077, "fuel_poverty_rate_effective": 0.0625, "asset_total_mw": 12.8, "ec_count": 20.0, "population_effective": 1827, "deprivation_score": 22.347, "active": true}}, {"type": "Feature", "geometry": {"type": "Polygon", "coordinates": [[[-0.756509144151785, 52.0363783318956], [-0.756380347762151, 52.0359355879048], [-0.755754549288703, 52.035956784218], [-0.75499982512691, 52.0353104143707], [-0.756003350408221, 52.0348714357837], [-0.75619298133708, 52.0344418441501], [-0.755208910493365, 52.0340807827051], [-0.754326866954985, 52.0333081339561], [-0.753338926177671, 52.0338372042122], [-0.75379694025209, 52.0342527022412], [-0.753460707785706, 52.0344456470832], [-0.751612903092093, 52.033907865246], [-0.750505217751239, 52.0328531074566], [-0.750551192362683, 52.0327726710218], [-0.750575053682522, 52.0327719663882], [-0.752523746346284, 52.0320065896644], [-0.752631649614059, 52.0323243286673], [-0.751306495379258, 52.0328707802428], [-0.751549981450277, 52.0332614347556], [-0.753581004501524, 52.0326468404895], [-0.754042580184159, 52.0330344290579], [-0.754636033271814, 52.0326755122213], [-0.754148576850409, 52.0320184818255], [-0.754755977692643, 52.0317971836207], [-0.754975674219303, 52.0309312833621], [-0.756745450257832, 52.0304690161329], [-0.757320959307442, 52.0309856715419], [-0.757992566723239, 52.0309458934471], [-0.75868960281777, 52.031497203747], [-0.759526929939017, 52.0308174448831], [-0.760186108043473, 52.031408229196], [-0.75946112783604, 52.0317169011097], [-0.759537410797681, 52.0321414021797], [-0.760313476808838, 52.0329477193062], [-0.759280644847569, 52.0333954147714], [-0.760057995572314, 52.034133267126], [-0.760330238775756, 52.0347489830437], [-0.757816125248777, 52.0358297495672], [-0.756509144151785, 52.0363783318956]]]}, "properties": {"LSOA21CD": "E01016725", "LSOA21NM": "Milton Keynes 021A", "LAT": 52.03248, "LONG": -0.75544, "fuel_poverty_rate_effective": 0.0677, "asset_total_mw": 0.0, "ec_count": 0.0, "population_effective": 1685, "deprivation_score": 26.735, "active": false}}, {"type": "Feature", "geometry": {"type": "Polygon", "coordinates": [[[-0.742463806196859, 52.0356065423294], [-0.742027582769543, 52.0352176141595], [-0.740757944748694, 52.0357205574115], [-0.73868183526972, 52.0365126050914], [-0.738769608143662, 52.0358585672434], [-0.736366705415935, 52.0355429343164], [-0.736291938875961, 52.0354919290921], [-0.738111772161266, 52.0345622646938], [-0.740665588692316, 52.03352711778], [-0.741427581230969, 52.0333220916424], [-0.745177753537438, 52.0316414724574], [-0.745366284389308, 52.0320770147952], [-0.746901358107515, 52.0329711978967], [-0.745722847412519, 52.0334755029952], [-0.746182756302198, 52.0336222650731], [-0.746379301095624, 52.0334233684201], [-0.746591136979592, 52.0338310136629], [-0.747988825674086, 52.0330943314135], [-0.748834059855738, 52.033527267417], [-0.74868651314623, 52.0339902491817], [-0.747528179453068, 52.0344167509475], [-0.747147358654367, 52.035640807117], [-0.74692067338206, 52.0354338479351], [-0.746602713669209, 52.0357223239304], [-0.746118385815755, 52.0354230577931], [-0.745489922369383, 52.0354793104974], [-0.745426172469531, 52.0361575130237], [-0.74496078548453, 52.0362738001269], [-0.745441640606917, 52.036683666216], [-0.744253222661551, 52.0371443395194], [-0.744203526498413, 52.0371650156837], [-0.743123068918507, 52.0361824086413], [-0.744024699652559, 52.0357424427784], [-0.742463806196859, 52.0356065423294]]]}, "properties": {"LSOA21CD": "E01016726", "LSOA21NM": "Milton Keynes 018A", "LAT": 52.03438, "LONG": -0.74304, "fuel_poverty_rate_effective": 0.1017, "asset_total_mw": 12.8, "ec_count": 20.0, "population_effective": 1892, "deprivation_score": 32.787, "active": true}}, {"type": "Feature", "geometry": {"type": "Polygon", "coordinates": [[[-0.746591136979592, 52.0338310136629], [-0.746379301095624, 52.0334233684201], [-0.746182756302198, 52.0336222650731], [-0.745722847412519, 52.0334755029952], [-0.746901358107515, 52.0329711978967], [-0.745366284389308, 52.0320770147952], [-0.745177753537438, 52.0316414724574], [-0.745379751481898, 52.0315369699586], [-0.748757971569938, 52.0299036445857], [-0.748903969719067, 52.0298525399271], [-0.754264043511859, 52.0278694082144], [-0.755376246245116, 52.0285797349733], [-0.756041935110462, 52.0292791141263], [-0.757275156873519, 52.0295094190372], [-0.756953385009495, 52.0300530145683], [-0.757992566723239, 52.0309458934471], [-0.757320959307442, 52.0309856715419], [-0.756745450257832, 52.0304690161329], [-0.754975674219303, 52.0309312833621], [-0.754755977692643, 52.0317971836207], [-0.754148576850409, 52.0320184818255], [-0.754636033271814, 52.0326755122213], [-0.754042580184159, 52.0330344290579], [-0.753581004501524, 52.0326468404895], [-0.751549981450277, 52.0332614347556], [-0.751306495379258, 52.0328707802428], [-0.752631649614059, 52.0323243286673], [-0.752523746346284, 52.0320065896644], [-0.750575053682522, 52.0327719663882], [-0.750551192362683, 52.0327726710218], [-0.750505217751239, 52.0328531074566], [-0.748834059855738, 52.033527267417], [-0.747988825674086, 52.0330943314135], [-0.746591136979592, 52.0338310136629]]]}, "properties": {"LSOA21CD": "E01016727", "LSOA21NM": "Milton Keynes 021B", "LAT": 52.03085, "LONG": -0.75084, "fuel_poverty_rate_effective": 0.0652, "asset_total_mw": 12.8, "ec_count": 20.0, "population_effective": 1884, "deprivation_score": 23.639, "active": true}}, {"type": "Feature", "geometry": {"type": "Polygon", "coordinates": [[[-0.760186108043473, 52.031408229196], [-0.759526929939017, 52.0308174448831], [-0.75868960281777, 52.031497203747], [-0.757992566723239, 52.0309458934471], [-0.756953385009495, 52.0300530145683], [-0.757275156873519, 52.0295094190372], [-0.756041935110462, 52.0292791141263], [-0.755376246245116, 52.0285797349733], [-0.754264043511859, 52.0278694082144], [-0.755811562331438, 52.0270424657729], [-0.757889032290546, 52.0257100425053], [-0.76153846709603, 52.0232586483294], [-0.768390777185384, 52.0285297205022], [-0.770784370418334, 52.0304120823008], [-0.76645397854445, 52.0321436343796], [-0.760330238775756, 52.0347489830437], [-0.760057995572314, 52.034133267126], [-0.759280644847569, 52.0333954147714], [-0.760313476808838, 52.0329477193062], [-0.759537410797681, 52.0321414021797], [-0.75946112783604, 52.0317169011097], [-0.760186108043473, 52.031408229196]]]}, "properties": {"LSOA21CD": "E01016728", "LSOA21NM": "Milton Keynes 021C", "LAT": 52.02901, "LONG": -0.76252, "fuel_poverty_rate_effective": 0.0694, "asset_total_mw": 12.8, "ec_count": 20.0, "population_effective": 2104, "deprivation_score": 14.133, "active": true}}, {"type": "Feature", "geometry": {"type": "Polygon", "coordinates": [[[-0.746055395041881, 52.0375031344029], [-0.745637382816931, 52.0371294654567], [-0.744253222661551, 52.0371443395194], [-0.745441640606917, 52.036683666216], [-0.74496078548453, 52.0362738001269], [-0.745426172469531, 52.0361575130237], [-0.745489922369383, 52.0354793104974], [-0.746118385815755, 52.0354230577931], [-0.746602713669209, 52.0357223239304], [-0.74692067338206, 52.0354338479351], [-0.747147358654367, 52.035640807117], [-0.747528179453068, 52.0344167509475], [-0.74868651314623, 52.0339902491817], [-0.748834059855738, 52.033527267417], [-0.750505217751239, 52.0328531074566], [-0.751612903092093, 52.033907865246], [-0.753460707785706, 52.0344456470832], [-0.75379694025209, 52.0342527022412], [-0.753338926177671, 52.0338372042122], [-0.754326866954985, 52.0333081339561], [-0.755208910493365, 52.0340807827051], [-0.75619298133708, 52.0344418441501], [-0.756003350408221, 52.0348714357837], [-0.75499982512691, 52.0353104143707], [-0.755754549288703, 52.035956784218], [-0.756380347762151, 52.0359355879048], [-0.756509144151785, 52.0363783318956], [-0.755468082603461, 52.0368001340431], [-0.750072734550544, 52.0391490235235], [-0.749505680322753, 52.0393969207013], [-0.744480332344935, 52.0416775111549], [-0.744219132105266, 52.0418045753193], [-0.743327988471532, 52.0411549027034], [-0.742342711551687, 52.040259004513], [-0.744985653204783, 52.0393889759517], [-0.743973965028913, 52.0383621786729], [-0.744443402448142, 52.0383478849453], [-0.745052941596328, 52.0376641309347], [-0.746055395041881, 52.0375031344029]]]}, "properties": {"LSOA21CD": "E01016729", "LSOA21NM": "Milton Keynes 014B", "LAT": 52.03634, "LONG": -0.74947, "fuel_poverty_rate_effective": 0.096, "asset_total_mw": 12.8, "ec_count": 20.0, "population_effective": 2455, "deprivation_score": 27.932, "active": true}}, {"type": "Feature", "geometry": {"type": "Polygon", "coordinates": [[[-0.713503337354916, 52.0471736093359], [-0.713915831043276, 52.0463306729536], [-0.720829162482921, 52.0441068554469], [-0.72370430596582, 52.0431908770965], [-0.724375533028069, 52.042261146961], [-0.726543820567138, 52.0418998497082], [-0.726775656940498, 52.0422257293747], [-0.727297692607007, 52.0420610534162], [-0.727227541662804, 52.0400200063374], [-0.726796787279213, 52.0394267956602], [-0.728680408172543, 52.0390271802816], [-0.729090968808395, 52.039529666667], [-0.728128488891408, 52.0398958358265], [-0.728544401337241, 52.0402940438531], [-0.729362077130238, 52.0402519129432], [-0.728535253699555, 52.0421582076327], [-0.729101104845905, 52.0435092181221], [-0.728983122527681, 52.0438444343366], [-0.729723790153291, 52.0445758886084], [-0.730836384327378, 52.0443421962074], [-0.730664499191228, 52.0440557657817], [-0.733606239303373, 52.0427792405988], [-0.732686255844271, 52.0417982734883], [-0.734708768675244, 52.0409118494393], [-0.734340739020834, 52.0405212620111], [-0.736464741493928, 52.0396538863703], [-0.736634832352971, 52.0398265495438], [-0.735631246730809, 52.0402563734991], [-0.737456852022419, 52.0418605908298], [-0.738253937717434, 52.041156366254], [-0.739070097459966, 52.0418847227716], [-0.740641915593507, 52.0412369228222], [-0.740924972251597, 52.0399977676754], [-0.743327988471532, 52.0411549027034], [-0.744219132105266, 52.0418045753193], [-0.742800811948901, 52.0423729035339], [-0.738710522264037, 52.0435706134367], [-0.736676887167783, 52.0440205426038], [-0.732476925008536, 52.0457573964565], [-0.730228653888101, 52.0466644616958], [-0.727973811170228, 52.0471654493123], [-0.723208524394456, 52.047097419971], [-0.718465786424328, 52.0467996377892], [-0.713503337354916, 52.0471736093359]]]}, "properties": {"LSOA21CD": "E01016731", "LSOA21NM": "Milton Keynes 016A", "LAT": 52.04327, "LONG": -0.73622, "fuel_poverty_rate_effective": 0.074, "asset_total_mw": 12.8, "ec_count": 20.0, "population_effective": 1558, "deprivation_score": 18.523, "active": true}}, {"type": "Feature", "geometry": {"type": "Polygon", "coordinates": [[[-0.728535253699555, 52.0421582076327], [-0.729362077130238, 52.0402519129432], [-0.728544401337241, 52.0402940438531], [-0.728128488891408, 52.0398958358265], [-0.729090968808395, 52.039529666667], [-0.728680408172543, 52.0390271802816], [-0.726796787279213, 52.0394267956602], [-0.727227541662804, 52.0400200063374], [-0.727297692607007, 52.0420610534162], [-0.726775656940498, 52.0422257293747], [-0.726543820567138, 52.0418998497082], [-0.724375533028069, 52.042261146961], [-0.72459607501845, 52.0418123185304], [-0.724056157335795, 52.0410450116808], [-0.7241189431703, 52.0396879684557], [-0.722135459082219, 52.038752578029], [-0.720873565554992, 52.0374393384319], [-0.72102309043542, 52.0368052406594], [-0.725074934076175, 52.0362892461278], [-0.72964940726562, 52.036674122519], [-0.732160420057902, 52.0365810404365], [-0.733118640738904, 52.0364500466386], [-0.735322100925684, 52.0359332205943], [-0.735892518490992, 52.0357121145552], [-0.736291938875961, 52.0354919290921], [-0.736366705415935, 52.0355429343164], [-0.73797682880071, 52.0375790731364], [-0.735534537934754, 52.0386114712966], [-0.736464741493928, 52.0396538863703], [-0.734340739020834, 52.0405212620111], [-0.734708768675244, 52.0409118494393], [-0.732686255844271, 52.0417982734883], [-0.733606239303373, 52.0427792405988], [-0.730664499191228, 52.0440557657817], [-0.730836384327378, 52.0443421962074], [-0.729723790153291, 52.0445758886084], [-0.728983122527681, 52.0438444343366], [-0.729101104845905, 52.0435092181221], [-0.728535253699555, 52.0421582076327]]]}, "properties": {"LSOA21CD": "E01016732", "LSOA21NM": "Milton Keynes 016B", "LAT": 52.04003, "LONG": -0.73186, "fuel_poverty_rate_effective": 0.0617999999999999, "asset_total_mw": 0.0, "ec_count": 0.0, "population_effective": 1380, "deprivation_score": 15.704, "active": false}}, {"type": "Feature", "geometry": {"type": "Polygon", "coordinates": [[[-0.739070097459966, 52.0418847227716], [-0.738253937717434, 52.041156366254], [-0.737456852022419, 52.0418605908298], [-0.735631246730809, 52.0402563734991], [-0.736634832352971, 52.0398265495438], [-0.736464741493928, 52.0396538863703], [-0.735534537934754, 52.0386114712966], [-0.73797682880071, 52.0375790731364], [-0.736366705415935, 52.0355429343164], [-0.738769608143662, 52.0358585672434], [-0.73868183526972, 52.0365126050914], [-0.740757944748694, 52.0357205574115], [-0.742027582769543, 52.0352176141595], [-0.742463806196859, 52.0356065423294], [-0.744024699652559, 52.0357424427784], [-0.743123068918507, 52.0361824086413], [-0.744203526498413, 52.0371650156837], [-0.744253222661551, 52.0371443395194], [-0.745637382816931, 52.0371294654567], [-0.746055395041881, 52.0375031344029], [-0.745052941596328, 52.0376641309347], [-0.744443402448142, 52.0383478849453], [-0.743973965028913, 52.0383621786729], [-0.744985653204783, 52.0393889759517], [-0.742342711551687, 52.040259004513], [-0.743327988471532, 52.0411549027034], [-0.740924972251597, 52.0399977676754], [-0.740641915593507, 52.0412369228222], [-0.739070097459966, 52.0418847227716]]]}, "properties": {"LSOA21CD": "E01016733", "LSOA21NM": "Milton Keynes 018B", "LAT": 52.03834, "LONG": -0.74077, "fuel_poverty_rate_effective": 0.1118, "asset_total_mw": 0.0, "ec_count": 0.0, "population_effective": 1828, "deprivation_score": 24.301, "active": false}}, {"type": "Feature", "geometry": {"type": "Polygon", "coordinates": [[[-0.663313627996866, 52.0149342352769], [-0.660843023157029, 52.0110309135287], [-0.65555184169383, 52.0120635192676], [-0.657005740149568, 52.0108118678499], [-0.655770905833896, 52.009564132323], [-0.65486936837591, 52.0100357007151], [-0.654306598967982, 52.0094252109435], [-0.653318290635206, 52.0099768653826], [-0.651725609478577, 52.0086133802059], [-0.655881147079983, 52.0057325302627], [-0.656614994523268, 52.0039826191105], [-0.658752638887633, 52.0017369053514], [-0.659384741978391, 52.000036982799], [-0.661689769581588, 51.9997364071946], [-0.660239367712284, 51.9966911658383], [-0.660118606130678, 51.9946824108091], [-0.659329053506285, 51.9929695313625], [-0.66062628327018, 51.9908002226614], [-0.657805027746352, 51.9898220169239], [-0.6554650836491, 51.9881994972604], [-0.655461593769034, 51.987251974853], [-0.655970295024848, 51.9867380952468], [-0.655100982246232, 51.9851753105162], [-0.656284849484589, 51.9843613190202], [-0.655791042888995, 51.9837705260317], [-0.656351020003631, 51.9827264674104], [-0.656172661526505, 51.9820256306632], [-0.651288956409352, 51.9776171382303], [-0.649076975281373, 51.9762163640529], [-0.648077231105303, 51.9744047895813], [-0.64568145713181, 51.9722279627295], [-0.647471803038943, 51.9715853762514], [-0.649857292391042, 51.971269045819], [-0.651074398233452, 51.9705360990011], [-0.652289397091734, 51.9703152391244], [-0.652978130425581, 51.9692297836299], [-0.657164260807661, 51.9714931407882], [-0.66050900966756, 51.9731480465848], [-0.668523998477226, 51.977564860151], [-0.669063159202947, 51.9784877827964], [-0.670448324639015, 51.9778982060339], [-0.670791117489748, 51.9765679884378], [-0.677326118128073, 51.9767217949959], [-0.678250061314421, 51.9781815936191], [-0.682237533885454, 51.9796015163795], [-0.687909593791147, 51.9806213099368], [-0.693136030113395, 51.9824544891185], [-0.696150096285383, 51.9822065129387], [-0.700041574838909, 51.9844136380596], [-0.700031790419651, 51.9854134881874], [-0.701568427679604, 51.9854816192557], [-0.701561222761462, 51.9869601836848], [-0.701293755804418, 51.9898711119605], [-0.700354395829953, 51.9919978458149], [-0.710934526235946, 51.9965459233767], [-0.711697911096757, 51.9977323850494], [-0.712694730692315, 51.9983317703158], [-0.712498686505248, 51.9988655380487], [-0.712109325468442, 51.9993798904715], [-0.710729655119744, 51.9998048089352], [-0.71015847832741, 52.0006877374837], [-0.702907474967269, 52.0020927527583], [-0.695888139468838, 52.0043847803866], [-0.688449946719988, 52.0079941289116], [-0.681584148406466, 52.010913893485], [-0.676977145962263, 52.0126047142892], [-0.675953597408951, 52.0129782718873], [-0.675515699687664, 52.013138082989], [-0.672325005620808, 52.0143074281758], [-0.674471812036511, 52.0175348907805], [-0.675488052458738, 52.0203993196363], [-0.676281339906652, 52.021289653845], [-0.678067831926615, 52.0237131046306], [-0.678791793984438, 52.024489576332], [-0.680022729893206, 52.0263556577358], [-0.680375978171096, 52.0275442937222], [-0.679917799601008, 52.0276039345648], [-0.679997152165157, 52.0298447965771], [-0.679187228785075, 52.0299062388836], [-0.679249122924455, 52.0304808333032], [-0.678492166620607, 52.0305846025832], [-0.678598798453066, 52.0318969906456], [-0.677637072094544, 52.0320453388891], [-0.67570453746916, 52.03061635811], [-0.67341647257272, 52.0293948383837], [-0.671979254693187, 52.0287576306312], [-0.669325171958416, 52.0283050888553], [-0.666789012479627, 52.0258487414412], [-0.665936972101788, 52.0246529059889], [-0.668927487617515, 52.0240432728473], [-0.667920999912737, 52.0224471621162], [-0.664396343153966, 52.016650086162], [-0.663313627996866, 52.0149342352769]]]}, "properties": {"LSOA21CD": "E01016734", "LSOA21NM": "Milton Keynes 024A", "LAT": 51.99529, "LONG": -0.6789, "fuel_poverty_rate_effective": 0.0817, "asset_total_mw": 12.8, "ec_count": 20.0, "population_effective": 2338, "deprivation_score": 15.561, "active": true}}, {"type": "Feature", "geometry": {"type": "Polygon", "coordinates": [[[-0.649428021589592, 52.0153072252526], [-0.649114906918898, 52.0148468796219], [-0.648343057487147, 52.0152062874493], [-0.645209249187369, 52.0137123721861], [-0.64406692777829, 52.0127415152735], [-0.644472434081983, 52.0125914757531], [-0.644414458135292, 52.0124750888413], [-0.643476881103245, 52.0108546667389], [-0.645253506921664, 52.0103439443285], [-0.6469392382034, 52.0102750818291], [-0.649413073622399, 52.0102650934362], [-0.650879640305878, 52.009473271751], [-0.651725609478577, 52.0086133802059], [-0.653318290635206, 52.0099768653826], [-0.654306598967982, 52.0094252109435], [-0.65486936837591, 52.0100357007151], [-0.655770905833896, 52.009564132323], [-0.657005740149568, 52.0108118678499], [-0.65555184169383, 52.0120635192676], [-0.654780761482652, 52.0121711596825], [-0.654128570869399, 52.0118367997756], [-0.653168203462596, 52.012032095651], [-0.652874043113715, 52.0123985852834], [-0.652171735871735, 52.0125049135613], [-0.652499195655236, 52.0127849933186], [-0.651996019948591, 52.0129207343864], [-0.652180570702566, 52.0132690159434], [-0.655656457049186, 52.0126013259322], [-0.656165087682745, 52.0139526689931], [-0.654708501674551, 52.0142728169692], [-0.653597821412446, 52.0135762127973], [-0.64978862984004, 52.0146158725351], [-0.649826407034228, 52.0149422734], [-0.649975875359215, 52.0151886233025], [-0.649428021589592, 52.0153072252526]]]}, "properties": {"LSOA21CD": "E01016736", "LSOA21NM": "Milton Keynes 024C", "LAT": 52.01194, "LONG": -0.64877, "fuel_poverty_rate_effective": 0.096, "asset_total_mw": 0.0, "ec_count": 0.0, "population_effective": 1463, "deprivation_score": 5.867, "active": false}}, {"type": "Feature", "geometry": {"type": "Polygon", "coordinates": [[[-0.752349089831589, 52.0056080074054], [-0.752260888856863, 52.0053044699967], [-0.751287804042228, 52.0055532284033], [-0.751103858541973, 52.0044488959476], [-0.749799143944032, 52.0046542500202], [-0.749826962313632, 52.004387727216], [-0.750538774252914, 52.004388812991], [-0.750288444451315, 52.0032601097512], [-0.751207049135687, 52.0029551526615], [-0.75158052489262, 52.0020959418798], [-0.752059724237759, 52.001355958252], [-0.752945882877671, 52.0015760370255], [-0.753282280588655, 52.0020993865085], [-0.753389056010696, 52.0013324131036], [-0.753968797789048, 52.0010128254744], [-0.756043785244159, 52.0017859693011], [-0.757206384586752, 52.0013644873437], [-0.760329926980704, 52.0015607666012], [-0.760774773682523, 52.0013122629083], [-0.761244500665482, 52.0015737487451], [-0.763904995843748, 52.0029776437581], [-0.761457217539886, 52.0051115928315], [-0.761283473480364, 52.0052761508777], [-0.760515318325001, 52.0050741744012], [-0.7604421836238, 52.0045898961767], [-0.759649730137744, 52.0045025495879], [-0.759107304609362, 52.0046062355815], [-0.7591845383455, 52.0048901500563], [-0.758307047008208, 52.0049737951489], [-0.758346230311426, 52.0054627880648], [-0.756588900270608, 52.0043224069315], [-0.75582759614029, 52.0046589360825], [-0.75571526982452, 52.0048092179028], [-0.755088111314501, 52.0047451293585], [-0.755029857519171, 52.0053693216434], [-0.753415392158023, 52.0065172944033], [-0.753795897504514, 52.0071086603972], [-0.753444760521449, 52.007375463654], [-0.753115876882505, 52.007186694783], [-0.751534812158262, 52.0058263862315], [-0.752349089831589, 52.0056080074054]]]}, "properties": {"LSOA21CD": "E01016737", "LSOA21NM": "Milton Keynes 027A", "LAT": 52.00422, "LONG": -0.75636, "fuel_poverty_rate_effective": 0.0658, "asset_total_mw": 12.8, "ec_count": 20.0, "population_effective": 1701, "deprivation_score": 15.269, "active": true}}, {"type": "Feature", "geometry": {"type": "Polygon", "coordinates": [[[-0.747955490184125, 52.0026171356025], [-0.745315674483102, 52.0021046063507], [-0.746029931805139, 51.9999175233629], [-0.745911839842441, 51.9994446988411], [-0.747445503759676, 51.9984275330853], [-0.749326677995986, 51.997157034631], [-0.749732718825813, 51.9973764731034], [-0.750156329446291, 51.9970893878655], [-0.752870800712035, 51.9970174131762], [-0.754068558972915, 51.9976094775657], [-0.754311003897599, 51.9977443485041], [-0.75497285550132, 51.9981091810506], [-0.75688558360942, 51.9991671832384], [-0.759353506408143, 52.0005258540596], [-0.760774773682523, 52.0013122629083], [-0.760329926980704, 52.0015607666012], [-0.757206384586752, 52.0013644873437], [-0.756043785244159, 52.0017859693011], [-0.753968797789048, 52.0010128254744], [-0.753389056010696, 52.0013324131036], [-0.753282280588655, 52.0020993865085], [-0.752945882877671, 52.0015760370255], [-0.752059724237759, 52.001355958252], [-0.75158052489262, 52.0020959418798], [-0.751207049135687, 52.0029551526615], [-0.750288444451315, 52.0032601097512], [-0.749818493006228, 52.0032551241722], [-0.749862635022252, 52.0024142727578], [-0.749464674770759, 52.0021818313151], [-0.749181539831809, 52.0038999573856], [-0.747705608871931, 52.0046237634052], [-0.747280099522137, 52.0042884666519], [-0.747955490184125, 52.0026171356025]]]}, "properties": {"LSOA21CD": "E01016738", "LSOA21NM": "Milton Keynes 027B", "LAT": 52.00085, "LONG": -0.75297, "fuel_poverty_rate_effective": 0.0935, "asset_total_mw": 12.8, "ec_count": 20.0, "population_effective": 1998, "deprivation_score": 29.175, "active": true}}, {"type": "Feature", "geometry": {"type": "Polygon", "coordinates": [[[-0.745272876394207, 52.0112578064945], [-0.746241998201761, 52.0106889261164], [-0.746830145716397, 52.010950797558], [-0.747584974620319, 52.0104815081499], [-0.747177475195749, 52.0103109262617], [-0.747563143359268, 52.0097948857304], [-0.747096227783458, 52.0096111469578], [-0.747461614266281, 52.0085177548483], [-0.747956825081352, 52.0078815402107], [-0.748924488380985, 52.0083006546615], [-0.749372818214973, 52.0084172752703], [-0.749290135173289, 52.008640619017], [-0.750560585646221, 52.0089326716637], [-0.751455828975095, 52.0089678765033], [-0.752603627758712, 52.007405453613], [-0.753115876882505, 52.007186694783], [-0.753444760521449, 52.007375463654], [-0.753795897504514, 52.0071086603972], [-0.753415392158023, 52.0065172944033], [-0.755029857519171, 52.0053693216434], [-0.755088111314501, 52.0047451293585], [-0.75571526982452, 52.0048092179028], [-0.75582759614029, 52.0046589360825], [-0.756588900270608, 52.0043224069315], [-0.758346230311426, 52.0054627880648], [-0.758307047008208, 52.0049737951489], [-0.7591845383455, 52.0048901500563], [-0.759107304609362, 52.0046062355815], [-0.759649730137744, 52.0045025495879], [-0.7604421836238, 52.0045898961767], [-0.760515318325001, 52.0050741744012], [-0.761283473480364, 52.0052761508777], [-0.76034890895981, 52.0060705152507], [-0.759301829452707, 52.0068298171295], [-0.758479199307788, 52.0073447708947], [-0.755844456170938, 52.0089724177349], [-0.754430589273738, 52.0099160732496], [-0.754088578745395, 52.0101551513922], [-0.751012507856088, 52.0125388348688], [-0.750217329692057, 52.0130818247384], [-0.746419660595164, 52.012329911927], [-0.745272876394207, 52.0112578064945]]]}, "properties": {"LSOA21CD": "E01016739", "LSOA21NM": "Milton Keynes 027C", "LAT": 52.00905, "LONG": -0.75325, "fuel_poverty_rate_effective": 0.0794, "asset_total_mw": 0.0, "ec_count": 0.0, "population_effective": 1537, "deprivation_score": 11.803, "active": false}}, {"type": "Feature", "geometry": {"type": "Polygon", "coordinates": [[[-0.745272876394207, 52.0112578064945], [-0.743514859633831, 52.009405853169], [-0.742796675861585, 52.0085723906271], [-0.741821847539498, 52.0073574604116], [-0.739922182475828, 52.0046443511152], [-0.739697166111159, 52.0042745579799], [-0.739328772147319, 52.0035017576455], [-0.739917848493619, 52.0032548807596], [-0.740280988374303, 52.0034390134709], [-0.740967803511548, 52.0028039498293], [-0.740501560289938, 52.0023430333184], [-0.740875278601599, 52.0024910152161], [-0.74125344328968, 52.0021380724209], [-0.741588213938672, 52.0022301593286], [-0.743002390331891, 52.0010675324348], [-0.744204846419344, 52.0005602055421], [-0.74486258022711, 51.9996553820263], [-0.745911839842441, 51.9994446988411], [-0.746029931805139, 51.9999175233629], [-0.745315674483102, 52.0021046063507], [-0.744776803750033, 52.0026245007412], [-0.742654043007412, 52.0040229578882], [-0.741854578289722, 52.0051621149834], [-0.743019003413964, 52.0048442299508], [-0.743536716295886, 52.0048934345755], [-0.74374492038572, 52.0055463806168], [-0.745199401924597, 52.0064358646818], [-0.74535800397587, 52.0060960490519], [-0.746243061476953, 52.0059696604115], [-0.746593493164495, 52.0057555106308], [-0.747258989822216, 52.006097920188], [-0.746927866893631, 52.0071531202299], [-0.748838536531275, 52.0076956142496], [-0.748924488380985, 52.0083006546615], [-0.747956825081352, 52.0078815402107], [-0.747461614266281, 52.0085177548483], [-0.747096227783458, 52.0096111469578], [-0.747563143359268, 52.0097948857304], [-0.747177475195749, 52.0103109262617], [-0.747584974620319, 52.0104815081499], [-0.746830145716397, 52.010950797558], [-0.746241998201761, 52.0106889261164], [-0.745272876394207, 52.0112578064945]]]}, "properties": {"LSOA21CD": "E01016740", "LSOA21NM": "Milton Keynes 027D", "LAT": 52.00791, "LONG": -0.74409, "fuel_poverty_rate_effective": 0.0848, "asset_total_mw": 0.0, "ec_count": 0.0, "population_effective": 1511, "deprivation_score": 13.732, "active": false}}, {"type": "Feature", "geometry": {"type": "Polygon", "coordinates": [[[-0.747258989822216, 52.006097920188], [-0.746593493164495, 52.0057555106308], [-0.746243061476953, 52.0059696604115], [-0.74535800397587, 52.0060960490519], [-0.745199401924597, 52.0064358646818], [-0.74374492038572, 52.0055463806168], [-0.743536716295886, 52.0048934345755], [-0.743019003413964, 52.0048442299508], [-0.741854578289722, 52.0051621149834], [-0.742654043007412, 52.0040229578882], [-0.744776803750033, 52.0026245007412], [-0.745315674483102, 52.0021046063507], [-0.747955490184125, 52.0026171356025], [-0.747280099522137, 52.0042884666519], [-0.747705608871931, 52.0046237634052], [-0.749181539831809, 52.0038999573856], [-0.749464674770759, 52.0021818313151], [-0.749862635022252, 52.0024142727578], [-0.749818493006228, 52.0032551241722], [-0.750288444451315, 52.0032601097512], [-0.750538774252914, 52.004388812991], [-0.749826962313632, 52.004387727216], [-0.749799143944032, 52.0046542500202], [-0.751103858541973, 52.0044488959476], [-0.751287804042228, 52.0055532284033], [-0.752260888856863, 52.0053044699967], [-0.752349089831589, 52.0056080074054], [-0.751534812158262, 52.0058263862315], [-0.753115876882505, 52.007186694783], [-0.752603627758712, 52.007405453613], [-0.751455828975095, 52.0089678765033], [-0.750560585646221, 52.0089326716637], [-0.749290135173289, 52.008640619017], [-0.749372818214973, 52.0084172752703], [-0.748924488380985, 52.0083006546615], [-0.748838536531275, 52.0076956142496], [-0.746927866893631, 52.0071531202299], [-0.747258989822216, 52.006097920188]]]}, "properties": {"LSOA21CD": "E01016741", "LSOA21NM": "Milton Keynes 027E", "LAT": 52.00553, "LONG": -0.74805, "fuel_poverty_rate_effective": 0.1061, "asset_total_mw": 0.0, "ec_count": 0.0, "population_effective": 1518, "deprivation_score": 31.975, "active": false}}, {"type": "Feature", "geometry": {"type": "Polygon", "coordinates": [[[-0.729854729381394, 51.9852658016717], [-0.728870660183266, 51.9830297975713], [-0.727843220911955, 51.9832741341905], [-0.728199131631013, 51.9845915809527], [-0.725446618737106, 51.9851706195845], [-0.725805820568795, 51.9847725231412], [-0.725434123327124, 51.9835007353952], [-0.726116089874561, 51.9833368540716], [-0.725921273827618, 51.9827835124336], [-0.724689793754655, 51.9835867030235], [-0.723496274527829, 51.9843416415117], [-0.722799428703862, 51.9833215039094], [-0.72222763178918, 51.9832236927155], [-0.721615321273514, 51.9836066687728], [-0.720808234979363, 51.9833337196519], [-0.721924058290579, 51.9828052203779], [-0.722825223318374, 51.9829730759522], [-0.723294697169876, 51.9826177586067], [-0.723466939590353, 51.9812320233351], [-0.723131211242383, 51.9808604456277], [-0.720545002953541, 51.981299810023], [-0.720077737538695, 51.9798587510385], [-0.723791764126233, 51.9795301625017], [-0.724384755388913, 51.979425344164], [-0.724305949237191, 51.9791210361979], [-0.725234071694793, 51.9789883452593], [-0.725578272112067, 51.9793729740884], [-0.726429706717568, 51.9794316052235], [-0.726844717811094, 51.9807931215361], [-0.727038500509839, 51.9813511890362], [-0.728585034240951, 51.9815890447405], [-0.73137353885004, 51.9814610574516], [-0.731771177057293, 51.9828947701942], [-0.732429230433681, 51.9828416098707], [-0.733387033807459, 51.9857631984732], [-0.73143153220143, 51.9859736413825], [-0.731629048702148, 51.9854417135098], [-0.730473514289723, 51.9854065031191], [-0.729854729381394, 51.9852658016717]]]}, "properties": {"LSOA21CD": "E01016742", "LSOA21NM": "Milton Keynes 032A", "LAT": 51.98247, "LONG": -0.72747, "fuel_poverty_rate_effective": 0.1496, "asset_total_mw": 12.8, "ec_count": 20.0, "population_effective": 1867, "deprivation_score": 63.521, "active": true}}, {"type": "Feature", "geometry": {"type": "Polygon", "coordinates": [[[-0.721475922799361, 51.9850014629615], [-0.719775489256603, 51.9848198892111], [-0.719567761675673, 51.9854668459018], [-0.717340386418368, 51.9855096660775], [-0.717941393876081, 51.9842355741647], [-0.716590593834981, 51.983695614227], [-0.717854242009198, 51.9822886936267], [-0.716768604101626, 51.9813438864881], [-0.714481759563756, 51.9809948191782], [-0.713839958289998, 51.9804544077673], [-0.714396779307323, 51.9800610132606], [-0.71319173133813, 51.9798439347214], [-0.712742856313534, 51.9788954973777], [-0.713463487683411, 51.9789011217249], [-0.713971401221089, 51.9785631835367], [-0.713941650629346, 51.9778708520518], [-0.720330148766405, 51.9760896603372], [-0.720752127398068, 51.9767648917575], [-0.721531254889449, 51.9768181339865], [-0.721847064238452, 51.9779544227443], [-0.721174306650618, 51.9780850485805], [-0.72117954571325, 51.9794965436987], [-0.719731665466977, 51.9794733663453], [-0.719160798301254, 51.9799754016887], [-0.720077737538695, 51.9798587510385], [-0.720545002953541, 51.981299810023], [-0.723131211242383, 51.9808604456277], [-0.723466939590353, 51.9812320233351], [-0.723294697169876, 51.9826177586067], [-0.722825223318374, 51.9829730759522], [-0.721924058290579, 51.9828052203779], [-0.720808234979363, 51.9833337196519], [-0.721615321273514, 51.9836066687728], [-0.72222763178918, 51.9832236927155], [-0.722799428703862, 51.9833215039094], [-0.723496274527829, 51.9843416415117], [-0.721738075869866, 51.9856771052646], [-0.721475922799361, 51.9850014629615]]]}, "properties": {"LSOA21CD": "E01016744", "LSOA21NM": "Milton Keynes 032C", "LAT": 51.98112, "LONG": -0.71812, "fuel_poverty_rate_effective": 0.1309, "asset_total_mw": 12.8, "ec_count": 20.0, "population_effective": 1751, "deprivation_score": 44.516, "active": true}}, {"type": "Feature", "geometry": {"type": "Polygon", "coordinates": [[[-0.729941556412718, 51.9903293647222], [-0.729593197328242, 51.9902689120862], [-0.72939283601172, 51.9902356148549], [-0.727519656454416, 51.9899881008108], [-0.727339730314321, 51.9891871493968], [-0.727261065625974, 51.988841134272], [-0.725226442244581, 51.9885721939973], [-0.724456410269613, 51.9878758133594], [-0.725403520041826, 51.9868494603078], [-0.726160316212456, 51.9866287207519], [-0.726657478601285, 51.9865772311403], [-0.726554819321379, 51.9863010609896], [-0.725446618737106, 51.9851706195845], [-0.728199131631013, 51.9845915809527], [-0.727843220911955, 51.9832741341905], [-0.728870660183266, 51.9830297975713], [-0.729854729381394, 51.9852658016717], [-0.730473514289723, 51.9854065031191], [-0.731629048702148, 51.9854417135098], [-0.73143153220143, 51.9859736413825], [-0.733387033807459, 51.9857631984732], [-0.734158676917902, 51.9882332364612], [-0.7348263070458, 51.990336940313], [-0.735241411357148, 51.9902777971331], [-0.735442110549644, 51.9912363876681], [-0.735099075192674, 51.9912174024439], [-0.729941556412718, 51.9903293647222]]]}, "properties": {"LSOA21CD": "E01016745", "LSOA21NM": "Milton Keynes 030D", "LAT": 51.98711, "LONG": -0.72957, "fuel_poverty_rate_effective": 0.0947, "asset_total_mw": 12.8, "ec_count": 20.0, "population_effective": 1656, "deprivation_score": 16.506, "active": true}}, {"type": "Feature", "geometry": {"type": "Polygon", "coordinates": [[[-0.720278927261265, 51.990671060913], [-0.718630409034591, 51.9904071058908], [-0.715022698728664, 51.9904207810945], [-0.714044293116747, 51.9901618573213], [-0.713521431722947, 51.9896233271123], [-0.713817714879807, 51.9877188906969], [-0.71548786198687, 51.9856083639786], [-0.715210025397225, 51.9849793175334], [-0.716590593834981, 51.983695614227], [-0.717941393876081, 51.9842355741647], [-0.717340386418368, 51.9855096660775], [-0.719567761675673, 51.9854668459018], [-0.719775489256603, 51.9848198892111], [-0.721475922799361, 51.9850014629615], [-0.721738075869866, 51.9856771052646], [-0.723496274527829, 51.9843416415117], [-0.724689793754655, 51.9835867030235], [-0.725921273827618, 51.9827835124336], [-0.726116089874561, 51.9833368540716], [-0.725434123327124, 51.9835007353952], [-0.725805820568795, 51.9847725231412], [-0.725446618737106, 51.9851706195845], [-0.726554819321379, 51.9863010609896], [-0.726657478601285, 51.9865772311403], [-0.726160316212456, 51.9866287207519], [-0.725403520041826, 51.9868494603078], [-0.724456410269613, 51.9878758133594], [-0.725226442244581, 51.9885721939973], [-0.727261065625974, 51.988841134272], [-0.727339730314321, 51.9891871493968], [-0.727519656454416, 51.9899881008108], [-0.726925996489106, 51.9899395728672], [-0.72221254890517, 51.9891611670587], [-0.722105455792155, 51.9894893912344], [-0.721569869692043, 51.9908496285894], [-0.721477635340047, 51.9910733506334], [-0.720278927261265, 51.990671060913]]]}, "properties": {"LSOA21CD": "E01016746", "LSOA21NM": "Milton Keynes 032D", "LAT": 51.98689, "LONG": -0.72005, "fuel_poverty_rate_effective": 0.1231, "asset_total_mw": 12.8, "ec_count": 20.0, "population_effective": 1810, "deprivation_score": 30.166, "active": true}}, {"type": "Feature", "geometry": {"type": "Polygon", "coordinates": [[[-0.774970656159876, 52.0099086330009], [-0.77310877550663, 52.0080146134684], [-0.772170545674466, 52.0071708533194], [-0.769070250849839, 52.0050626400194], [-0.769461256356593, 52.0047994905962], [-0.770231661039805, 52.0043788407318], [-0.770889826410583, 52.0047800278026], [-0.770906251826547, 52.0053065332563], [-0.771607491175674, 52.0054202900485], [-0.771448267544975, 52.0048491653566], [-0.771971470066578, 52.0043291721954], [-0.770997702728333, 52.0040091211499], [-0.771980512339477, 52.0032231533048], [-0.772666415119338, 52.002817827577], [-0.774630327324474, 52.0032525046239], [-0.776468757595582, 52.0039844036711], [-0.777271233160514, 52.0034762402633], [-0.778563657923738, 52.0037965561058], [-0.778003724838014, 52.0041542550771], [-0.778481911033932, 52.0044007175009], [-0.778062993360773, 52.0053790005155], [-0.778530589493076, 52.0053095254775], [-0.778770608099093, 52.0055907429826], [-0.778385516632474, 52.0058416933957], [-0.779792456664176, 52.006354625338], [-0.780961818678591, 52.0056939194306], [-0.780712059118422, 52.0053466003577], [-0.782970649687875, 52.0053364442536], [-0.782960502342802, 52.0057791981395], [-0.782051479678318, 52.005826600121], [-0.781776991631494, 52.0064909832528], [-0.780400331041704, 52.0068858015201], [-0.77782784821039, 52.0081165264924], [-0.777846440518267, 52.0082971210711], [-0.778994069588418, 52.0082121665762], [-0.780218920738459, 52.0089200812535], [-0.77918586283889, 52.00920351292], [-0.779263150730215, 52.0094436578128], [-0.780629490972948, 52.0101056444584], [-0.779641334871557, 52.0107352880289], [-0.780622954498614, 52.0117197979064], [-0.780101098544393, 52.0122067913732], [-0.778309127842418, 52.0125654501202], [-0.777273886078993, 52.0118825902009], [-0.775720726225354, 52.0106443083871], [-0.775353698574111, 52.0102553367569], [-0.774970656159876, 52.0099086330009]]]}, "properties": {"LSOA21CD": "E01016748", "LSOA21NM": "Milton Keynes 028A", "LAT": 52.00724, "LONG": -0.776, "fuel_poverty_rate_effective": 0.0476999999999999, "asset_total_mw": 12.8, "ec_count": 20.0, "population_effective": 2081, "deprivation_score": 10.032, "active": true}}, {"type": "Feature", "geometry": {"type": "Polygon", "coordinates": [[[-0.770889826410583, 52.0047800278026], [-0.770231661039805, 52.0043788407318], [-0.769461256356593, 52.0047994905962], [-0.769070250849839, 52.0050626400194], [-0.769030571545395, 52.0050400890837], [-0.767368204121853, 52.0041980798607], [-0.763904995843748, 52.0029776437581], [-0.767187805774604, 52.0008734688447], [-0.76776183685025, 52.0005777786924], [-0.769912431011117, 51.9996057376303], [-0.769668925583625, 51.9998103565228], [-0.770629645834981, 52.0004837396046], [-0.769575382148006, 52.0009810663346], [-0.769714439906877, 52.0013483748159], [-0.771011076322487, 52.0006519790596], [-0.77201509144186, 52.0006292900124], [-0.77406475046827, 51.9998308293879], [-0.774881464351759, 51.9991485712336], [-0.775442788692486, 51.9993971682509], [-0.78056179499542, 52.0013204204692], [-0.782004945980993, 52.0018142617059], [-0.781213977820511, 52.0027431547747], [-0.778773534888936, 52.0026335981491], [-0.779171912320201, 52.0038332828345], [-0.778731854076225, 52.0038638677825], [-0.778946760875506, 52.0044686519542], [-0.778530589493076, 52.0053095254775], [-0.778062993360773, 52.0053790005155], [-0.778481911033932, 52.0044007175009], [-0.778003724838014, 52.0041542550771], [-0.778563657923738, 52.0037965561058], [-0.777271233160514, 52.0034762402633], [-0.776468757595582, 52.0039844036711], [-0.774630327324474, 52.0032525046239], [-0.772666415119338, 52.002817827577], [-0.771980512339477, 52.0032231533048], [-0.770997702728333, 52.0040091211499], [-0.771971470066578, 52.0043291721954], [-0.771448267544975, 52.0048491653566], [-0.771607491175674, 52.0054202900485], [-0.770906251826547, 52.0053065332563], [-0.770889826410583, 52.0047800278026]]]}, "properties": {"LSOA21CD": "E01016750", "LSOA21NM": "Milton Keynes 028C", "LAT": 52.00236, "LONG": -0.77315, "fuel_poverty_rate_effective": 0.0436, "asset_total_mw": 0.0, "ec_count": 0.0, "population_effective": 1576, "deprivation_score": 6.138, "active": false}}, {"type": "Feature", "geometry": {"type": "Polygon", "coordinates": [[[-0.769912431011117, 51.9996057376303], [-0.772217201421691, 51.9983050191594], [-0.775127159177398, 51.9957640538423], [-0.777828124247464, 51.9961623127062], [-0.778610192672087, 51.9962852369854], [-0.778540188464809, 51.9958561201304], [-0.779690089581576, 51.9950052514981], [-0.780010429766535, 51.9951437468629], [-0.779546472034209, 51.9956620000125], [-0.780063537906081, 51.9957524815957], [-0.78230254099437, 51.9964288166214], [-0.784457735240735, 51.996383619212], [-0.784525361504765, 51.9956436586988], [-0.785549177147348, 51.9943240359391], [-0.785404797235965, 51.9966916710091], [-0.784895800712843, 51.9966661507689], [-0.784673676527518, 51.9970963176817], [-0.784970790996748, 51.9977077425715], [-0.783653948227345, 51.9984807837123], [-0.7856539117965, 51.9992909313235], [-0.783246870601446, 51.9999417228614], [-0.782699347223948, 51.9992070839311], [-0.781421825801673, 51.9994192933916], [-0.781464378540718, 52.0000066398697], [-0.781142350586531, 51.9997564425044], [-0.778996886875287, 51.9996142254162], [-0.77829212621051, 51.9989108808634], [-0.777839683114617, 51.9993102064778], [-0.777485564302297, 51.9991528915925], [-0.776918764669546, 51.9994579409105], [-0.776620490673501, 51.9988727222493], [-0.775442788692486, 51.9993971682509], [-0.774881464351759, 51.9991485712336], [-0.77406475046827, 51.9998308293879], [-0.77201509144186, 52.0006292900124], [-0.771011076322487, 52.0006519790596], [-0.769714439906877, 52.0013483748159], [-0.769575382148006, 52.0009810663346], [-0.770629645834981, 52.0004837396046], [-0.769668925583625, 51.9998103565228], [-0.769912431011117, 51.9996057376303]]]}, "properties": {"LSOA21CD": "E01016751", "LSOA21NM": "Milton Keynes 028D", "LAT": 51.99785, "LONG": -0.7786, "fuel_poverty_rate_effective": 0.049, "asset_total_mw": 0.0, "ec_count": 0.0, "population_effective": 1585, "deprivation_score": 9.798, "active": false}}, {"type": "Feature", "geometry": {"type": "Polygon", "coordinates": [[[-0.780996871459583, 52.0147483366442], [-0.78065575153665, 52.0144777296351], [-0.778309127842418, 52.0125654501202], [-0.780101098544393, 52.0122067913732], [-0.780622954498614, 52.0117197979064], [-0.779641334871557, 52.0107352880289], [-0.780629490972948, 52.0101056444584], [-0.779263150730215, 52.0094436578128], [-0.77918586283889, 52.00920351292], [-0.780218920738459, 52.0089200812535], [-0.781175516951085, 52.0078873139291], [-0.781561757479355, 52.0081376144571], [-0.782813898575157, 52.0081160845664], [-0.782905712343634, 52.0086754203118], [-0.784046768997081, 52.0096395817187], [-0.784619614698668, 52.0096778480813], [-0.785154248595595, 52.0102137379241], [-0.786196174789382, 52.0099567709136], [-0.786341030180957, 52.0102245217473], [-0.786416291319887, 52.012082657572], [-0.784688511077377, 52.012080480399], [-0.784899266996134, 52.0127507161082], [-0.783254108877076, 52.0119684184265], [-0.782954871411785, 52.0123298559489], [-0.784594355959123, 52.0132737181033], [-0.784311238525041, 52.013720176159], [-0.784439189463449, 52.0140261299583], [-0.784537750133067, 52.0145950102402], [-0.785078359772749, 52.0145875799415], [-0.785321008104926, 52.0140853253509], [-0.786482686477742, 52.0142843938862], [-0.787035870892999, 52.0142581927196], [-0.786955469581066, 52.0139011574445], [-0.787739329058844, 52.0135893794385], [-0.787227855631514, 52.01292183942], [-0.787913939416532, 52.0127758166612], [-0.78994033600985, 52.0143699947247], [-0.788498942619638, 52.0150466589037], [-0.785918955824148, 52.0165119235064], [-0.78501818724535, 52.0171232892606], [-0.780996871459583, 52.0147483366442]]]}, "properties": {"LSOA21CD": "E01016752", "LSOA21NM": "Milton Keynes 025B", "LAT": 52.01483, "LONG": -0.78409, "fuel_poverty_rate_effective": 0.047, "asset_total_mw": 0.0, "ec_count": 0.0, "population_effective": 1672, "deprivation_score": 12.225, "active": false}}, {"type": "Feature", "geometry": {"type": "Polygon", "coordinates": [[[-0.786341030180957, 52.0102245217473], [-0.786196174789382, 52.0099567709136], [-0.785154248595595, 52.0102137379241], [-0.784619614698668, 52.0096778480813], [-0.784046768997081, 52.0096395817187], [-0.782905712343634, 52.0086754203118], [-0.782813898575157, 52.0081160845664], [-0.781561757479355, 52.0081376144571], [-0.781175516951085, 52.0078873139291], [-0.780218920738459, 52.0089200812535], [-0.778994069588418, 52.0082121665762], [-0.777846440518267, 52.0082971210711], [-0.77782784821039, 52.0081165264924], [-0.780400331041704, 52.0068858015201], [-0.781776991631494, 52.0064909832528], [-0.782051479678318, 52.005826600121], [-0.782960502342802, 52.0057791981395], [-0.782970649687875, 52.0053364442536], [-0.783746585280949, 52.0049642533786], [-0.783744889827938, 52.0046428949506], [-0.784970359163717, 52.004549856091], [-0.785917145676957, 52.0040522687289], [-0.785475671845036, 52.0038437609337], [-0.786058724690977, 52.0032923062965], [-0.788764827718867, 52.0045070019354], [-0.791605883812455, 52.0034307387224], [-0.791874106427743, 52.003655224486], [-0.792755748366139, 52.0035000782407], [-0.793033179363369, 52.0028874039863], [-0.795422281874648, 52.0012574557311], [-0.795811887244181, 52.0013963067933], [-0.79645786821208, 52.0017535654849], [-0.796408892984526, 52.0022206736428], [-0.797679892398056, 52.0018625073141], [-0.798949182149854, 52.0037676578078], [-0.79808518718942, 52.0042580436917], [-0.796124976484941, 52.0058193429238], [-0.796038714539653, 52.0059842111428], [-0.796644708337352, 52.0072940855928], [-0.795234014800699, 52.0082866974128], [-0.794776338922073, 52.0079673252667], [-0.793504382867557, 52.0086658473931], [-0.792154104051757, 52.0084979465917], [-0.790632590076676, 52.0099566401376], [-0.790004420098978, 52.0099331709288], [-0.787507477457047, 52.009948311407], [-0.786774463917873, 52.0103204062067], [-0.786341030180957, 52.0102245217473]]]}, "properties": {"LSOA21CD": "E01016753", "LSOA21NM": "Milton Keynes 025C", "LAT": 52.00577, "LONG": -0.78955, "fuel_poverty_rate_effective": 0.0495, "asset_total_mw": 0.0, "ec_count": 0.0, "population_effective": 2249, "deprivation_score": 15.104, "active": false}}, {"type": "Feature", "geometry": {"type": "Polygon", "coordinates": [[[-0.765116594717601, 52.0099804509664], [-0.762717508738898, 52.0093793708974], [-0.762707088326209, 52.0093783155828], [-0.760235387843002, 52.0085978979097], [-0.759482094487807, 52.0091995818877], [-0.758223402404576, 52.0087355422582], [-0.757496445006491, 52.0095399133013], [-0.756750609635393, 52.009532195988], [-0.755844456170938, 52.0089724177349], [-0.758479199307788, 52.0073447708947], [-0.759301829452707, 52.0068298171295], [-0.76034890895981, 52.0060705152507], [-0.761283473480364, 52.0052761508777], [-0.761457217539886, 52.0051115928315], [-0.763904995843748, 52.0029776437581], [-0.767368204121853, 52.0041980798607], [-0.769030571545395, 52.0050400890837], [-0.769070250849839, 52.0050626400194], [-0.772170545674466, 52.0071708533194], [-0.77310877550663, 52.0080146134684], [-0.772007590651779, 52.0087659032544], [-0.771331799888635, 52.0085794945509], [-0.770579865972411, 52.0089043439357], [-0.769778861725473, 52.0088412760585], [-0.770062685264151, 52.0085310605287], [-0.769490015681221, 52.0078759654133], [-0.769882891881535, 52.0073054928474], [-0.769346514101487, 52.0068384514415], [-0.76837437938212, 52.0071529315606], [-0.767880975668862, 52.0078078540225], [-0.766365406409432, 52.0076079163148], [-0.767094741203061, 52.0084813066763], [-0.76568107296424, 52.0091844818276], [-0.764421254714052, 52.0092447097224], [-0.765033443616863, 52.0095999694922], [-0.765972679407347, 52.0094079006242], [-0.76606557374654, 52.0097170293011], [-0.765116594717601, 52.0099804509664]]]}, "properties": {"LSOA21CD": "E01016754", "LSOA21NM": "Milton Keynes 026A", "LAT": 52.00651, "LONG": -0.76562, "fuel_poverty_rate_effective": 0.0581, "asset_total_mw": 12.8, "ec_count": 20.0, "population_effective": 1676, "deprivation_score": 14.471, "active": true}}, {"type": "Feature", "geometry": {"type": "Polygon", "coordinates": [[[-0.771376017929384, 52.0205793796664], [-0.771863694411196, 52.0194915511243], [-0.77002004738819, 52.0194723336195], [-0.76964400274455, 52.0191267357211], [-0.77187848118601, 52.0189522278647], [-0.771876794184151, 52.0186655992038], [-0.771288707954218, 52.0186901691955], [-0.771656758216567, 52.0183418362672], [-0.771290799019178, 52.0179450704447], [-0.771863616249661, 52.0177110925983], [-0.772889439013004, 52.0179253929928], [-0.772334410181313, 52.0181054235778], [-0.772408534032648, 52.0184194930272], [-0.774141490358989, 52.0184213467344], [-0.774757246396694, 52.0170669917859], [-0.776536305333194, 52.0170225253466], [-0.776871023465409, 52.0165045013498], [-0.778061261104381, 52.0165168418683], [-0.778623839076851, 52.016351835525], [-0.778648281479319, 52.0154529569108], [-0.779849538609287, 52.0150987637741], [-0.780726991317798, 52.0145663474605], [-0.780996871459583, 52.0147483366442], [-0.78501818724535, 52.0171232892606], [-0.782268189422468, 52.0189741709745], [-0.779296268028028, 52.0206629559219], [-0.778641066807476, 52.0211812790204], [-0.777136361160796, 52.022752752484], [-0.772415126759499, 52.0209649656243], [-0.771376017929384, 52.0205793796664]]]}, "properties": {"LSOA21CD": "E01016755", "LSOA21NM": "Milton Keynes 025D", "LAT": 52.01864, "LONG": -0.77703, "fuel_poverty_rate_effective": 0.0549, "asset_total_mw": 0.0, "ec_count": 0.0, "population_effective": 1838, "deprivation_score": 11.097, "active": false}}, {"type": "Feature", "geometry": {"type": "Polygon", "coordinates": [[[-0.771376017929384, 52.0205793796664], [-0.762107680612389, 52.016832149083], [-0.767758982677427, 52.0159254141183], [-0.769449617641215, 52.014698951899], [-0.772089268581527, 52.013542353269], [-0.771363027421328, 52.0129065228075], [-0.771935556131889, 52.0124397321922], [-0.771696982926374, 52.0117838557355], [-0.772460155245515, 52.0115404062593], [-0.77257989321997, 52.0113411461033], [-0.771828785589956, 52.010351572879], [-0.770765262471982, 52.0108743913208], [-0.770307673634045, 52.0106383803509], [-0.769779141753109, 52.0109998031584], [-0.768672634935681, 52.010757516449], [-0.768430592083203, 52.0099410875584], [-0.767343393750531, 52.0098501331949], [-0.767518127152606, 52.0093211571288], [-0.769006821191102, 52.009411297881], [-0.769778861725473, 52.0088412760585], [-0.770579865972411, 52.0089043439357], [-0.771331799888635, 52.0085794945509], [-0.772007590651779, 52.0087659032544], [-0.77310877550663, 52.0080146134684], [-0.774970656159876, 52.0099086330009], [-0.775353698574111, 52.0102553367569], [-0.775720726225354, 52.0106443083871], [-0.777273886078993, 52.0118825902009], [-0.778309127842418, 52.0125654501202], [-0.78065575153665, 52.0144777296351], [-0.780996871459583, 52.0147483366442], [-0.780726991317798, 52.0145663474605], [-0.779849538609287, 52.0150987637741], [-0.778648281479319, 52.0154529569108], [-0.778623839076851, 52.016351835525], [-0.778061261104381, 52.0165168418683], [-0.776871023465409, 52.0165045013498], [-0.776536305333194, 52.0170225253466], [-0.774757246396694, 52.0170669917859], [-0.774141490358989, 52.0184213467344], [-0.772408534032648, 52.0184194930272], [-0.772334410181313, 52.0181054235778], [-0.772889439013004, 52.0179253929928], [-0.771863616249661, 52.0177110925983], [-0.771290799019178, 52.0179450704447], [-0.771656758216567, 52.0183418362672], [-0.771288707954218, 52.0186901691955], [-0.771876794184151, 52.0186655992038], [-0.77187848118601, 52.0189522278647], [-0.76964400274455, 52.0191267357211], [-0.77002004738819, 52.0194723336195], [-0.771863694411196, 52.0194915511243], [-0.771376017929384, 52.0205793796664]]]}, "properties": {"LSOA21CD": "E01016756", "LSOA21NM": "Milton Keynes 026B", "LAT": 52.01433, "LONG": -0.7755, "fuel_poverty_rate_effective": 0.0544, "asset_total_mw": 12.8, "ec_count": 20.0, "population_effective": 2167, "deprivation_score": 20.406, "active": true}}, {"type": "Feature", "geometry": {"type": "Polygon", "coordinates": [[[-0.754430589273738, 52.0099160732496], [-0.755844456170938, 52.0089724177349], [-0.756750609635393, 52.009532195988], [-0.757496445006491, 52.0095399133013], [-0.758223402404576, 52.0087355422582], [-0.759482094487807, 52.0091995818877], [-0.760235387843002, 52.0085978979097], [-0.762707088326209, 52.0093783155828], [-0.761209723783464, 52.0102707344323], [-0.761780700396533, 52.0105468630404], [-0.761374699242149, 52.0109732520354], [-0.761252923484703, 52.0132415129707], [-0.761877174909348, 52.0167496322712], [-0.755119849521271, 52.0141625921948], [-0.751012507856088, 52.0125388348688], [-0.754088578745395, 52.0101551513922], [-0.754430589273738, 52.0099160732496]]]}, "properties": {"LSOA21CD": "E01016757", "LSOA21NM": "Milton Keynes 026C", "LAT": 52.0126, "LONG": -0.75607, "fuel_poverty_rate_effective": 0.0487, "asset_total_mw": 0.0, "ec_count": 0.0, "population_effective": 1510, "deprivation_score": 12.156, "active": false}}, {"type": "Feature", "geometry": {"type": "Polygon", "coordinates": [[[-0.761374699242149, 52.0109732520354], [-0.761780700396533, 52.0105468630404], [-0.761209723783464, 52.0102707344323], [-0.762707088326209, 52.0093783155828], [-0.762717508738898, 52.0093793708974], [-0.765116594717601, 52.0099804509664], [-0.76606557374654, 52.0097170293011], [-0.765972679407347, 52.0094079006242], [-0.765033443616863, 52.0095999694922], [-0.764421254714052, 52.0092447097224], [-0.76568107296424, 52.0091844818276], [-0.767094741203061, 52.0084813066763], [-0.766365406409432, 52.0076079163148], [-0.767880975668862, 52.0078078540225], [-0.76837437938212, 52.0071529315606], [-0.769346514101487, 52.0068384514415], [-0.769882891881535, 52.0073054928474], [-0.769490015681221, 52.0078759654133], [-0.770062685264151, 52.0085310605287], [-0.769778861725473, 52.0088412760585], [-0.769006821191102, 52.009411297881], [-0.767518127152606, 52.0093211571288], [-0.767343393750531, 52.0098501331949], [-0.768430592083203, 52.0099410875584], [-0.768672634935681, 52.010757516449], [-0.769779141753109, 52.0109998031584], [-0.770307673634045, 52.0106383803509], [-0.770765262471982, 52.0108743913208], [-0.771828785589956, 52.010351572879], [-0.77257989321997, 52.0113411461033], [-0.772460155245515, 52.0115404062593], [-0.771696982926374, 52.0117838557355], [-0.771935556131889, 52.0124397321922], [-0.771363027421328, 52.0129065228075], [-0.772089268581527, 52.013542353269], [-0.769449617641215, 52.014698951899], [-0.767758982677427, 52.0159254141183], [-0.762107680612389, 52.016832149083], [-0.761877174909348, 52.0167496322712], [-0.761252923484703, 52.0132415129707], [-0.761374699242149, 52.0109732520354]]]}, "properties": {"LSOA21CD": "E01016758", "LSOA21NM": "Milton Keynes 026D", "LAT": 52.01233, "LONG": -0.76681, "fuel_poverty_rate_effective": 0.0426, "asset_total_mw": 0.0, "ec_count": 0.0, "population_effective": 1636, "deprivation_score": 8.616, "active": false}}, {"type": "Feature", "geometry": {"type": "Polygon", "coordinates": [[[-0.868253204910791, 52.1301067145669], [-0.850704192044895, 52.1042566621568], [-0.845147386863547, 52.1123207236007], [-0.842626626590215, 52.1128965949232], [-0.840138440887328, 52.1145058274991], [-0.8380267883621, 52.114481246443], [-0.834415224637545, 52.1164324450015], [-0.835361317746061, 52.1170930436281], [-0.83607949371926, 52.1175817739298], [-0.833039553905187, 52.1191274358827], [-0.834771905378553, 52.1206705487936], [-0.836084467670075, 52.1212645781767], [-0.834195944604524, 52.1231635794532], [-0.831141437877542, 52.1236366470234], [-0.828097595730893, 52.1236179566125], [-0.826707087840236, 52.1228957638923], [-0.821959878865457, 52.1220535632399], [-0.822592924817852, 52.1179460087585], [-0.819105980925944, 52.1200052111352], [-0.816248091423921, 52.1182464467057], [-0.814025072467552, 52.1209230146236], [-0.814584255505628, 52.1159709912466], [-0.818330845895451, 52.1165778996497], [-0.82064351203698, 52.1152793900952], [-0.823657316740639, 52.1145272884589], [-0.824478103008195, 52.1154303582262], [-0.825858115627265, 52.114872952038], [-0.825897732874899, 52.1144752026344], [-0.826616008214287, 52.1148334263034], [-0.826520575788619, 52.1153058125087], [-0.827298193172005, 52.1162848203571], [-0.826710489296462, 52.1166167372324], [-0.826995883674664, 52.1167981966181], [-0.826467010531941, 52.1179766440822], [-0.827925078141417, 52.1174919467576], [-0.829598406750924, 52.1177053084321], [-0.831065634033189, 52.1174439215964], [-0.831596347110354, 52.1177656099267], [-0.831939623613612, 52.1170701365862], [-0.832747220759611, 52.1169141438306], [-0.834455258644498, 52.115616449826], [-0.831125400563836, 52.1165706790411], [-0.830778738709665, 52.1162662258575], [-0.831310889643614, 52.1161486250783], [-0.831309968403528, 52.1155572354235], [-0.830646223763055, 52.1151415625245], [-0.831409545092083, 52.1145828328321], [-0.831644963402379, 52.1148625748976], [-0.832385747102925, 52.1148826826717], [-0.834193151031137, 52.1145310001452], [-0.832269622934848, 52.1137196028455], [-0.830893264052609, 52.1133277041342], [-0.8299443679974, 52.1114972510939], [-0.828051618806953, 52.105318871596], [-0.830362330745171, 52.1034171558443], [-0.827639580604196, 52.1013841912682], [-0.830299302419259, 52.0986051870475], [-0.830511922228319, 52.0983540542149], [-0.825332930411752, 52.0973745727402], [-0.826192625578519, 52.0965486943158], [-0.823408848115258, 52.0963016126405], [-0.821349846068809, 52.0966684885746], [-0.819794621664816, 52.0963553604731], [-0.820046088854057, 52.0960018576352], [-0.819465490245649, 52.0948217406737], [-0.820157257262785, 52.0942271109997], [-0.820482762707405, 52.0922253441808], [-0.821243666346303, 52.0913761329508], [-0.822955731516264, 52.0904878393737], [-0.825531477330442, 52.09079553638], [-0.825112579053618, 52.0914467768228], [-0.829510027594121, 52.0927089029405], [-0.832797060725859, 52.0932623575462], [-0.832971494836408, 52.0935956885652], [-0.833560634827854, 52.0933636197399], [-0.833835320937701, 52.0937939587559], [-0.835228065945559, 52.0941832922174], [-0.838783122298669, 52.0937133704831], [-0.838187750990692, 52.0932007052217], [-0.838947598150511, 52.0929306684175], [-0.840212451562492, 52.093751243517], [-0.843868130616077, 52.0939106393834], [-0.844675274597709, 52.0921742183219], [-0.846607590323358, 52.0906475100203], [-0.846282880907625, 52.0910837710819], [-0.84685152534929, 52.091604504323], [-0.848889730702694, 52.0921982461054], [-0.849432095683078, 52.0920812662684], [-0.850377072236607, 52.0923999002346], [-0.85049738814065, 52.092090579881], [-0.851744340485446, 52.0920397681248], [-0.854332447255635, 52.0925847349474], [-0.854736892550613, 52.0923432539841], [-0.855977399730796, 52.0930484644208], [-0.856374365107227, 52.0950455745414], [-0.857943173505202, 52.0975184720126], [-0.858452523191449, 52.0974125020506], [-0.860292679837092, 52.0980102399457], [-0.861330291331306, 52.0978507120707], [-0.86214699160413, 52.0982869325392], [-0.863405214913699, 52.0983615363066], [-0.864845089297623, 52.0992564625017], [-0.865396025237498, 52.0991031024236], [-0.866653258347783, 52.0994669056908], [-0.867845227349554, 52.0994370495223], [-0.868624369543255, 52.0996334144366], [-0.868917087358137, 52.1001668769956], [-0.869582696514281, 52.1001603972001], [-0.868777045444041, 52.1010886950526], [-0.86674987565339, 52.1015783428205], [-0.865416615486788, 52.1025722377685], [-0.865329322284328, 52.1030747188832], [-0.866925495926834, 52.1039587757829], [-0.867484386508604, 52.1047419087905], [-0.868401182759924, 52.1042966554794], [-0.869862936082997, 52.1050971958522], [-0.869796442788587, 52.1064207040677], [-0.86902001425771, 52.1070709587883], [-0.870239476502913, 52.1077546059224], [-0.868985431499248, 52.1079877094607], [-0.868617145538613, 52.1084407532965], [-0.869307219829808, 52.1094824710421], [-0.869154008179983, 52.1098753421214], [-0.869803273354437, 52.1104564386233], [-0.870390212346897, 52.1102428083379], [-0.870483100448778, 52.1107173548957], [-0.872966161263547, 52.1126652224113], [-0.873899074275921, 52.1122795069074], [-0.874936558548249, 52.1124900275681], [-0.875253797855462, 52.1122050962024], [-0.876500514961399, 52.1129432533676], [-0.878207901111702, 52.1128850972404], [-0.878460952964338, 52.1125099684435], [-0.880378341801621, 52.1130470007936], [-0.880588844628856, 52.1126756263207], [-0.880897041751943, 52.1128726645199], [-0.881470080080597, 52.1126590827789], [-0.88367574371444, 52.1135699654488], [-0.884513864105294, 52.113323565474], [-0.886077247338291, 52.1134919402178], [-0.887302768398201, 52.1145303117173], [-0.88648192687524, 52.1150000759657], [-0.886263365736242, 52.1156397517715], [-0.883704495726117, 52.1165687640153], [-0.882885105259889, 52.1175190937965], [-0.883020704234914, 52.1180474346597], [-0.881977868718859, 52.1181593454515], [-0.882425611716782, 52.1188358875649], [-0.881550009904222, 52.1190576227342], [-0.881789445523182, 52.119854272001], [-0.880682843377542, 52.1201906309328], [-0.880766583223807, 52.1217495500122], [-0.8800233753258, 52.1223537511839], [-0.88081661520248, 52.1234899389682], [-0.88040269619933, 52.1238626543554], [-0.879819478429509, 52.1238077998103], [-0.879653628631161, 52.1241779506014], [-0.880614902593756, 52.1254018520441], [-0.880688639962482, 52.1261411043932], [-0.879942558176414, 52.1266354336254], [-0.878864052524305, 52.1261389216564], [-0.86900135711918, 52.1306196343189], [-0.868698573536403, 52.1301808935116], [-0.868253204910791, 52.1301067145669]]]}, "properties": {"LSOA21CD": "E01016759", "LSOA21NM": "Milton Keynes 002A", "LAT": 52.09842, "LONG": -0.85119, "fuel_poverty_rate_effective": 0.0929, "asset_total_mw": 0.0, "ec_count": 0.0, "population_effective": 1871, "deprivation_score": 10.979, "active": false}}, {"type": "Feature", "geometry": {"type": "Polygon", "coordinates": [[[-0.812847893389885, 52.1318867588361], [-0.809790577870363, 52.130599826859], [-0.801802961860689, 52.1292825795217], [-0.797225404934351, 52.1280981147463], [-0.791772463500925, 52.12606831447], [-0.789211994372272, 52.1241224043505], [-0.787828836276661, 52.1239855249603], [-0.786677907983825, 52.123502902945], [-0.789475616325129, 52.1226795087169], [-0.791790315540782, 52.1222696674323], [-0.792324578273707, 52.1225099703194], [-0.793001254814887, 52.122334703428], [-0.79284074007983, 52.1217869806101], [-0.793544038649577, 52.1214857839393], [-0.792322453288204, 52.119889703198], [-0.791521910786642, 52.1194564052432], [-0.792583732655191, 52.1172362350126], [-0.790539945104106, 52.1144957098756], [-0.790110766060334, 52.1127456207102], [-0.789098453426145, 52.1121738126389], [-0.79049554090613, 52.110801710921], [-0.789055641564351, 52.109116941397], [-0.789449107018109, 52.1075784274718], [-0.790327097504615, 52.1071571724448], [-0.79076215799364, 52.1063702220731], [-0.792047878592331, 52.1060235344516], [-0.792504350148492, 52.1053934866775], [-0.794154495306894, 52.1046919646863], [-0.795318141726558, 52.1028913153947], [-0.795431976037676, 52.1024590792376], [-0.795073378315011, 52.1023906541834], [-0.795453156288271, 52.1019172814076], [-0.793045943042539, 52.1015004251187], [-0.793806113221727, 52.0991947893449], [-0.794623691711636, 52.0983804915284], [-0.795899325765341, 52.0988232831137], [-0.796586693299227, 52.0985587535383], [-0.796843776396849, 52.0987197075941], [-0.798279860709892, 52.0971106296155], [-0.802441314226012, 52.095054462076], [-0.80339020823749, 52.0941847897071], [-0.803378975526196, 52.093734137262], [-0.804321863198064, 52.0931386358871], [-0.806084821278709, 52.0924966518238], [-0.808694678292826, 52.0923414340206], [-0.809899897598387, 52.0909338615086], [-0.811864001683454, 52.0904062137305], [-0.812571577619687, 52.0897676773385], [-0.813353692314086, 52.0900507537375], [-0.813599085787537, 52.0897232416604], [-0.815296690820637, 52.0897143390987], [-0.822955731516264, 52.0904878393737], [-0.821243666346303, 52.0913761329508], [-0.820482762707405, 52.0922253441808], [-0.820157257262785, 52.0942271109997], [-0.819465490245649, 52.0948217406737], [-0.820046088854057, 52.0960018576352], [-0.819794621664816, 52.0963553604731], [-0.821349846068809, 52.0966684885746], [-0.823408848115258, 52.0963016126405], [-0.826192625578519, 52.0965486943158], [-0.825332930411752, 52.0973745727402], [-0.830511922228319, 52.0983540542149], [-0.830299302419259, 52.0986051870475], [-0.827639580604196, 52.1013841912682], [-0.830362330745171, 52.1034171558443], [-0.828051618806953, 52.105318871596], [-0.8299443679974, 52.1114972510939], [-0.830893264052609, 52.1133277041342], [-0.832269622934848, 52.1137196028455], [-0.834193151031137, 52.1145310001452], [-0.832385747102925, 52.1148826826717], [-0.831644963402379, 52.1148625748976], [-0.831409545092083, 52.1145828328321], [-0.830646223763055, 52.1151415625245], [-0.831309968403528, 52.1155572354235], [-0.831310889643614, 52.1161486250783], [-0.830778738709665, 52.1162662258575], [-0.831125400563836, 52.1165706790411], [-0.834455258644498, 52.115616449826], [-0.832747220759611, 52.1169141438306], [-0.831939623613612, 52.1170701365862], [-0.831596347110354, 52.1177656099267], [-0.831065634033189, 52.1174439215964], [-0.829598406750924, 52.1177053084321], [-0.827925078141417, 52.1174919467576], [-0.826467010531941, 52.1179766440822], [-0.826995883674664, 52.1167981966181], [-0.826710489296462, 52.1166167372324], [-0.827298193172005, 52.1162848203571], [-0.826520575788619, 52.1153058125087], [-0.826616008214287, 52.1148334263034], [-0.825897732874899, 52.1144752026344], [-0.825858115627265, 52.114872952038], [-0.824478103008195, 52.1154303582262], [-0.823657316740639, 52.1145272884589], [-0.82064351203698, 52.1152793900952], [-0.818330845895451, 52.1165778996497], [-0.814584255505628, 52.1159709912466], [-0.814025072467552, 52.1209230146236], [-0.816248091423921, 52.1182464467057], [-0.819105980925944, 52.1200052111352], [-0.822592924817852, 52.1179460087585], [-0.821959878865457, 52.1220535632399], [-0.826707087840236, 52.1228957638923], [-0.828097595730893, 52.1236179566125], [-0.831141437877542, 52.1236366470234], [-0.834195944604524, 52.1231635794532], [-0.836084467670075, 52.1212645781767], [-0.834771905378553, 52.1206705487936], [-0.833039553905187, 52.1191274358827], [-0.83607949371926, 52.1175817739298], [-0.835361317746061, 52.1170930436281], [-0.834415224637545, 52.1164324450015], [-0.8380267883621, 52.114481246443], [-0.840138440887328, 52.1145058274991], [-0.842626626590215, 52.1128965949232], [-0.845147386863547, 52.1123207236007], [-0.850704192044895, 52.1042566621568], [-0.868253204910791, 52.1301067145669], [-0.861602946442067, 52.1305832452638], [-0.853517030573642, 52.1316705987278], [-0.852939850080646, 52.1303382446748], [-0.851264787458037, 52.1293437285094], [-0.846738362605005, 52.1294098031109], [-0.838228560006727, 52.1307137991223], [-0.835768267169087, 52.1328428521549], [-0.832054852859118, 52.1312587996424], [-0.828204869960686, 52.1326105646314], [-0.82863215268144, 52.135696922863], [-0.831362808389083, 52.1412938457953], [-0.831966594474488, 52.1436834490151], [-0.816544440221328, 52.1435253813862], [-0.814041358595816, 52.1424723206722], [-0.818138014896599, 52.133177203209], [-0.817942670740654, 52.132811526714], [-0.812847893389885, 52.1318867588361]]]}, "properties": {"LSOA21CD": "E01016761", "LSOA21NM": "Milton Keynes 002C", "LAT": 52.1335, "LONG": -0.82729, "fuel_poverty_rate_effective": 0.1123, "asset_total_mw": 12.8, "ec_count": 20.0, "population_effective": 1774, "deprivation_score": 4.366, "active": true}}, {"type": "Feature", "geometry": {"type": "Polygon", "coordinates": [[[-0.754665811959338, 52.0767020458594], [-0.754790078747344, 52.07537197731], [-0.753915792583156, 52.0757859512707], [-0.753951156743896, 52.0765324802062], [-0.753532366630942, 52.076860478259], [-0.75275600742689, 52.0767618108835], [-0.751933136460896, 52.0753173677862], [-0.751399005473068, 52.0756058439954], [-0.750148150218257, 52.0754494218062], [-0.751076777090356, 52.0744686467464], [-0.751220811608213, 52.0736332419079], [-0.754894006824739, 52.0744747181269], [-0.754897681052347, 52.0733574266177], [-0.756191210047459, 52.0731389785684], [-0.757869057909493, 52.0735554135461], [-0.759059547481625, 52.0717720236048], [-0.7581405685503, 52.070427698327], [-0.759886508597634, 52.069852897431], [-0.76021294361039, 52.0687064975429], [-0.759086859113421, 52.0677578197572], [-0.758891001212753, 52.0669285954065], [-0.761253855380175, 52.0665156666028], [-0.761482490409076, 52.0666383726763], [-0.763557485088416, 52.0678800184989], [-0.765664652734262, 52.0685936852986], [-0.768102830830542, 52.0689142021393], [-0.770960246420147, 52.0686529949965], [-0.770200358897465, 52.0697329538403], [-0.767004585963445, 52.0718106790302], [-0.766412312799315, 52.0722976657222], [-0.767765729300016, 52.0729804926171], [-0.763238161868093, 52.07424471904], [-0.762525709630955, 52.0744108059697], [-0.761184869316883, 52.0747163655999], [-0.759367976280075, 52.0752541120509], [-0.755275252557328, 52.0768907808257], [-0.754665811959338, 52.0767020458594]]]}, "properties": {"LSOA21CD": "E01016762", "LSOA21NM": "Milton Keynes 005A", "LAT": 52.07069, "LONG": -0.76063, "fuel_poverty_rate_effective": 0.0779, "asset_total_mw": 0.0, "ec_count": 0.0, "population_effective": 1349, "deprivation_score": 22.024, "active": false}}, {"type": "Feature", "geometry": {"type": "Polygon", "coordinates": [[[-0.739045842157749, 52.0733305786446], [-0.738778805049802, 52.0726564903019], [-0.741588764635587, 52.0722498190386], [-0.739827524304342, 52.0702283998127], [-0.739475679933835, 52.0699681991703], [-0.737536148670493, 52.0709723938084], [-0.736548022457227, 52.0703144609957], [-0.73337391786272, 52.0695701130973], [-0.729144104675893, 52.0725028548083], [-0.729078066177058, 52.0724679685857], [-0.720439758373924, 52.0678983160406], [-0.720759458864053, 52.0666762787475], [-0.724714079548858, 52.0655662814424], [-0.729567838473097, 52.0644883643753], [-0.733466469659824, 52.0628948354548], [-0.736588917715793, 52.0617785661975], [-0.736803969014992, 52.0617122892655], [-0.738717077489703, 52.0611580128248], [-0.73971896407282, 52.0628770009306], [-0.740686637341318, 52.0633637465416], [-0.743524026602233, 52.0636654436944], [-0.74510697466843, 52.0641897306793], [-0.745245668508574, 52.0645227285322], [-0.742400782785994, 52.06542267827], [-0.741859635279861, 52.0656150102583], [-0.739467630090955, 52.0666252098267], [-0.73919665256377, 52.0664048303261], [-0.73875407220247, 52.0665799115448], [-0.74139353023804, 52.0684224911071], [-0.741809419329553, 52.0689502007879], [-0.743656722995064, 52.0681067882071], [-0.744810572643529, 52.0684499575587], [-0.745463858026027, 52.0691290983877], [-0.74632643856079, 52.0691512885017], [-0.746085638482996, 52.0702151501788], [-0.745451205998226, 52.0701645039753], [-0.744668307064957, 52.0708063761249], [-0.743301041696638, 52.0707719776062], [-0.744152299872493, 52.0733267692997], [-0.743984986651508, 52.0734277964854], [-0.743535932218814, 52.0732228188402], [-0.742797798337455, 52.0735418356029], [-0.74269196272946, 52.0733238829223], [-0.740371042408905, 52.0735165581351], [-0.739045842157749, 52.0733305786446]]]}, "properties": {"LSOA21CD": "E01016763", "LSOA21NM": "Milton Keynes 007A", "LAT": 52.06724, "LONG": -0.73027, "fuel_poverty_rate_effective": 0.048, "asset_total_mw": 12.8, "ec_count": 20.0, "population_effective": 1290, "deprivation_score": 12.757, "active": true}}, {"type": "Feature", "geometry": {"type": "Polygon", "coordinates": [[[-0.747558839870475, 52.0745654885748], [-0.747353528979007, 52.0741513184436], [-0.746562532915687, 52.0742694985526], [-0.745572187391701, 52.0731620759831], [-0.744152299872493, 52.0733267692997], [-0.743301041696638, 52.0707719776062], [-0.744668307064957, 52.0708063761249], [-0.745451205998226, 52.0701645039753], [-0.746085638482996, 52.0702151501788], [-0.74632643856079, 52.0691512885017], [-0.745463858026027, 52.0691290983877], [-0.744810572643529, 52.0684499575587], [-0.743656722995064, 52.0681067882071], [-0.741809419329553, 52.0689502007879], [-0.74139353023804, 52.0684224911071], [-0.73875407220247, 52.0665799115448], [-0.73919665256377, 52.0664048303261], [-0.739467630090955, 52.0666252098267], [-0.741859635279861, 52.0656150102583], [-0.742400782785994, 52.06542267827], [-0.745177581683852, 52.0662482980612], [-0.745629657533823, 52.0658206229602], [-0.745626738003442, 52.0662749731051], [-0.746331619011592, 52.0660971186086], [-0.747394694950049, 52.0659945771171], [-0.748147625417807, 52.0665256007005], [-0.749701405529564, 52.06576618436], [-0.748555095519122, 52.0646234883283], [-0.748360260142383, 52.0638677714036], [-0.747873827098477, 52.0638989896338], [-0.748111538594889, 52.0637033831733], [-0.749395182261438, 52.0634420633951], [-0.753197407863263, 52.065759963939], [-0.751966720947028, 52.0660448840664], [-0.751882733240403, 52.0667256293564], [-0.752405499416174, 52.0674457244006], [-0.752919390847159, 52.0672133921293], [-0.753587518004419, 52.0673423418198], [-0.75426626245081, 52.0677178037849], [-0.753933840477888, 52.0678767986626], [-0.75524295312811, 52.0692077805263], [-0.754872314634079, 52.0697992394626], [-0.753528415664811, 52.0694555049815], [-0.753913991801402, 52.070159000898], [-0.755527473097848, 52.0710819927915], [-0.754694449402643, 52.0716366749375], [-0.754865973681118, 52.0723902230604], [-0.754282343705353, 52.0726520976351], [-0.754897681052347, 52.0733574266177], [-0.754894006824739, 52.0744747181269], [-0.751220811608213, 52.0736332419079], [-0.748279401686532, 52.0737375440165], [-0.747558839870475, 52.0745654885748]]]}, "properties": {"LSOA21CD": "E01016764", "LSOA21NM": "Milton Keynes 005B", "LAT": 52.07006, "LONG": -0.7471, "fuel_poverty_rate_effective": 0.0493, "asset_total_mw": 12.8, "ec_count": 20.0, "population_effective": 1413, "deprivation_score": 12.249, "active": true}}, {"type": "Feature", "geometry": {"type": "Polygon", "coordinates": [[[-0.757869057909493, 52.0735554135461], [-0.756191210047459, 52.0731389785684], [-0.754897681052347, 52.0733574266177], [-0.754282343705353, 52.0726520976351], [-0.754865973681118, 52.0723902230604], [-0.754694449402643, 52.0716366749375], [-0.755527473097848, 52.0710819927915], [-0.753913991801402, 52.070159000898], [-0.753528415664811, 52.0694555049815], [-0.754872314634079, 52.0697992394626], [-0.75524295312811, 52.0692077805263], [-0.753933840477888, 52.0678767986626], [-0.75426626245081, 52.0677178037849], [-0.753587518004419, 52.0673423418198], [-0.752919390847159, 52.0672133921293], [-0.752405499416174, 52.0674457244006], [-0.751882733240403, 52.0667256293564], [-0.751966720947028, 52.0660448840664], [-0.753197407863263, 52.065759963939], [-0.749395182261438, 52.0634420633951], [-0.752510949217261, 52.0627578244651], [-0.755801716482576, 52.0620349730795], [-0.758071669061909, 52.0615390569141], [-0.75958263058446, 52.0646301372647], [-0.761253855380175, 52.0665156666028], [-0.758891001212753, 52.0669285954065], [-0.759086859113421, 52.0677578197572], [-0.76021294361039, 52.0687064975429], [-0.759886508597634, 52.069852897431], [-0.7581405685503, 52.070427698327], [-0.759059547481625, 52.0717720236048], [-0.757869057909493, 52.0735554135461]]]}, "properties": {"LSOA21CD": "E01016765", "LSOA21NM": "Milton Keynes 009B", "LAT": 52.06566, "LONG": -0.75531, "fuel_poverty_rate_effective": 0.0742, "asset_total_mw": 0.0, "ec_count": 0.0, "population_effective": 1593, "deprivation_score": 24.466, "active": false}}, {"type": "Feature", "geometry": {"type": "Polygon", "coordinates": [[[-0.748147625417807, 52.0665256007005], [-0.747394694950049, 52.0659945771171], [-0.746331619011592, 52.0660971186086], [-0.745626738003442, 52.0662749731051], [-0.745629657533823, 52.0658206229602], [-0.745177581683852, 52.0662482980612], [-0.742400782785994, 52.06542267827], [-0.745245668508574, 52.0645227285322], [-0.74510697466843, 52.0641897306793], [-0.743524026602233, 52.0636654436944], [-0.740686637341318, 52.0633637465416], [-0.73971896407282, 52.0628770009306], [-0.738717077489703, 52.0611580128248], [-0.742008920350778, 52.0601083539741], [-0.743281412878245, 52.059551922035], [-0.744763131954958, 52.0587057430329], [-0.745177888867153, 52.058712228395], [-0.746191316901688, 52.0598893557223], [-0.748111538594889, 52.0637033831733], [-0.747873827098477, 52.0638989896338], [-0.748360260142383, 52.0638677714036], [-0.748555095519122, 52.0646234883283], [-0.749701405529564, 52.06576618436], [-0.748147625417807, 52.0665256007005]]]}, "properties": {"LSOA21CD": "E01016766", "LSOA21NM": "Milton Keynes 005C", "LAT": 52.06249, "LONG": -0.74339, "fuel_poverty_rate_effective": 0.063, "asset_total_mw": 0.64, "ec_count": 1.0, "population_effective": 1370, "deprivation_score": 18.702, "active": true}}, {"type": "Feature", "geometry": {"type": "Polygon", "coordinates": [[[-0.74002729885182, 52.0783615642652], [-0.733264808656242, 52.0746389136166], [-0.729144104675893, 52.0725028548083], [-0.73337391786272, 52.0695701130973], [-0.736548022457227, 52.0703144609957], [-0.737536148670493, 52.0709723938084], [-0.739475679933835, 52.0699681991703], [-0.739827524304342, 52.0702283998127], [-0.741588764635587, 52.0722498190386], [-0.738778805049802, 52.0726564903019], [-0.739045842157749, 52.0733305786446], [-0.740371042408905, 52.0735165581351], [-0.74269196272946, 52.0733238829223], [-0.742797798337455, 52.0735418356029], [-0.743535932218814, 52.0732228188402], [-0.743984986651508, 52.0734277964854], [-0.744152299872493, 52.0733267692997], [-0.745572187391701, 52.0731620759831], [-0.746562532915687, 52.0742694985526], [-0.747353528979007, 52.0741513184436], [-0.747558839870475, 52.0745654885748], [-0.748279401686532, 52.0737375440165], [-0.751220811608213, 52.0736332419079], [-0.751076777090356, 52.0744686467464], [-0.750148150218257, 52.0754494218062], [-0.751399005473068, 52.0756058439954], [-0.751933136460896, 52.0753173677862], [-0.75275600742689, 52.0767618108835], [-0.753532366630942, 52.076860478259], [-0.753951156743896, 52.0765324802062], [-0.753915792583156, 52.0757859512707], [-0.754790078747344, 52.07537197731], [-0.754665811959338, 52.0767020458594], [-0.755275252557328, 52.0768907808257], [-0.753006312074259, 52.0778045183507], [-0.752162043321128, 52.0781034860779], [-0.751343741508128, 52.0783405699862], [-0.748658256964774, 52.0790098610681], [-0.745643869766756, 52.0800870800296], [-0.744203335835197, 52.0807745522409], [-0.744198596688519, 52.0807718224569], [-0.743502165013128, 52.0803706254474], [-0.74091760541952, 52.0788778235554], [-0.74002729885182, 52.0783615642652]]]}, "properties": {"LSOA21CD": "E01016767", "LSOA21NM": "Milton Keynes 005D", "LAT": 52.07521, "LONG": -0.74238, "fuel_poverty_rate_effective": 0.0353, "asset_total_mw": 0.0, "ec_count": 0.0, "population_effective": 1275, "deprivation_score": 4.526, "active": false}}, {"type": "Feature", "geometry": {"type": "Polygon", "coordinates": [[[-0.748105917995923, 52.0559277976199], [-0.74713961044586, 52.055205926223], [-0.746075980195094, 52.0556891299318], [-0.745095353630767, 52.0547706011143], [-0.746047126756008, 52.0541153956227], [-0.746558493339506, 52.0545706551906], [-0.747345339003088, 52.0541461203764], [-0.745986066578189, 52.0526492105621], [-0.746027418517251, 52.0525692707612], [-0.745596580935824, 52.0520421472155], [-0.746319920365698, 52.0515476664131], [-0.746101735135019, 52.0511219678978], [-0.745483959733917, 52.0511528343566], [-0.739693610859199, 52.0526018490398], [-0.73790724041799, 52.0530029479111], [-0.735544762790875, 52.0534624312127], [-0.72940032375159, 52.0543956692689], [-0.728168616574243, 52.0545091468621], [-0.728209308682857, 52.0546951494077], [-0.721985681326209, 52.055034834481], [-0.716696574117218, 52.054670268005], [-0.714870664835414, 52.05454082329], [-0.714578612846904, 52.0522921436677], [-0.713191652453954, 52.0509932601876], [-0.713503337354916, 52.0471736093359], [-0.718465786424328, 52.0467996377892], [-0.723208524394456, 52.047097419971], [-0.727973811170228, 52.0471654493123], [-0.730228653888101, 52.0466644616958], [-0.732476925008536, 52.0457573964565], [-0.736676887167783, 52.0440205426038], [-0.738710522264037, 52.0435706134367], [-0.742800811948901, 52.0423729035339], [-0.744219132105266, 52.0418045753193], [-0.744480332344935, 52.0416775111549], [-0.746534822688496, 52.0437133828888], [-0.748584344670743, 52.0463220966766], [-0.751661893145378, 52.0492517812795], [-0.751666353195184, 52.0492560454569], [-0.753373721612755, 52.0518030675456], [-0.753529701263611, 52.0524106606895], [-0.75359775564511, 52.0544562186368], [-0.753333487075996, 52.0548490309018], [-0.750667075654907, 52.0552793429449], [-0.748098539714834, 52.0563336909728], [-0.748105917995923, 52.0559277976199]]]}, "properties": {"LSOA21CD": "E01016768", "LSOA21NM": "Milton Keynes 014D", "LAT": 52.04885, "LONG": -0.73241, "fuel_poverty_rate_effective": 0.055, "asset_total_mw": 0.0, "ec_count": 0.0, "population_effective": 2799, "deprivation_score": 18.387, "active": false}}, {"type": "Feature", "geometry": {"type": "Polygon", "coordinates": [[[-0.713834642777349, 52.0563496421693], [-0.714870664835414, 52.05454082329], [-0.716696574117218, 52.054670268005], [-0.721985681326209, 52.055034834481], [-0.728209308682857, 52.0546951494077], [-0.728654108469278, 52.056374657268], [-0.729640214000482, 52.0594951443539], [-0.731972062234457, 52.0617313557578], [-0.733466469659824, 52.0628948354548], [-0.729567838473097, 52.0644883643753], [-0.724714079548858, 52.0655662814424], [-0.720759458864053, 52.0666762787475], [-0.720439758373924, 52.0678983160406], [-0.71690076763844, 52.0660616875497], [-0.710945431122815, 52.0634476205719], [-0.713228711220556, 52.0608490393257], [-0.714470974085722, 52.0604959221231], [-0.715360920552246, 52.0598385903105], [-0.713834642777349, 52.0563496421693]]]}, "properties": {"LSOA21CD": "E01016769", "LSOA21NM": "Milton Keynes 007B", "LAT": 52.06125, "LONG": -0.7222, "fuel_poverty_rate_effective": 0.0407, "asset_total_mw": 0.0, "ec_count": 0.0, "population_effective": 1308, "deprivation_score": 8.966, "active": false}}, {"type": "Feature", "geometry": {"type": "Polygon", "coordinates": [[[-0.729640214000482, 52.0594951443539], [-0.728654108469278, 52.056374657268], [-0.730019538430172, 52.0563105229814], [-0.731681073872317, 52.0560783142325], [-0.732557262222962, 52.0579216521092], [-0.734310889094398, 52.0585696170278], [-0.736431255587424, 52.0586356023095], [-0.736879592350866, 52.0584318836712], [-0.738121258976004, 52.0588914592313], [-0.738723582015108, 52.058851146176], [-0.738492582167323, 52.0584777698544], [-0.740040446288737, 52.0586290329737], [-0.740141219361828, 52.0582981727807], [-0.739627116584739, 52.0581758987297], [-0.738337514071696, 52.0580367394521], [-0.738433734241036, 52.0577410409005], [-0.737371372446708, 52.056859410552], [-0.737652694780476, 52.0565213432729], [-0.739147657043948, 52.0564614089177], [-0.739183033993887, 52.056257971138], [-0.740129151997224, 52.0555537829826], [-0.741238317137762, 52.0554178134657], [-0.742922997005591, 52.0570256304431], [-0.740782891813353, 52.0576406881693], [-0.740753789895017, 52.0580133678281], [-0.743584728735838, 52.0575413841497], [-0.744937555101117, 52.0583203675059], [-0.744763131954958, 52.0587057430329], [-0.743281412878245, 52.059551922035], [-0.742008920350778, 52.0601083539741], [-0.738717077489703, 52.0611580128248], [-0.736803969014992, 52.0617122892655], [-0.736588917715793, 52.0617785661975], [-0.733466469659824, 52.0628948354548], [-0.731972062234457, 52.0617313557578], [-0.729640214000482, 52.0594951443539]]]}, "properties": {"LSOA21CD": "E01016770", "LSOA21NM": "Milton Keynes 007C", "LAT": 52.05911, "LONG": -0.7367, "fuel_poverty_rate_effective": 0.0444, "asset_total_mw": 0.0, "ec_count": 0.0, "population_effective": 1501, "deprivation_score": 12.253, "active": false}}, {"type": "Feature", "geometry": {"type": "Polygon", "coordinates": [[[-0.748111538594889, 52.0637033831733], [-0.746191316901688, 52.0598893557223], [-0.747646097646981, 52.0599170131285], [-0.748009932966675, 52.0597182786033], [-0.747713364155474, 52.059527882913], [-0.748784727977343, 52.0590797841579], [-0.749967348921029, 52.0577046912661], [-0.751188501875686, 52.05668609613], [-0.752258292210145, 52.056854383735], [-0.75284021279574, 52.0573184845857], [-0.752516525575356, 52.0574747667605], [-0.75223949325387, 52.0579692637423], [-0.752809710044853, 52.0589887589204], [-0.755050664674032, 52.0588360815661], [-0.755579676134731, 52.058566471726], [-0.756154125306341, 52.0591315933474], [-0.757946350731747, 52.0613334628641], [-0.758071669061909, 52.0615390569141], [-0.755801716482576, 52.0620349730795], [-0.752510949217261, 52.0627578244651], [-0.749395182261438, 52.0634420633951], [-0.748111538594889, 52.0637033831733]]]}, "properties": {"LSOA21CD": "E01016771", "LSOA21NM": "Milton Keynes 005E", "LAT": 52.06023, "LONG": -0.7518, "fuel_poverty_rate_effective": 0.0765, "asset_total_mw": 0.0, "ec_count": 0.0, "population_effective": 1419, "deprivation_score": 18.964, "active": false}}, {"type": "Feature", "geometry": {"type": "Polygon", "coordinates": [[[-0.744937555101117, 52.0583203675059], [-0.743584728735838, 52.0575413841497], [-0.740753789895017, 52.0580133678281], [-0.740782891813353, 52.0576406881693], [-0.742922997005591, 52.0570256304431], [-0.741238317137762, 52.0554178134657], [-0.740155512354566, 52.0540220113707], [-0.740557714482513, 52.0534282025154], [-0.742620585141106, 52.0552539799495], [-0.742998976798288, 52.055674335044], [-0.743317821247501, 52.0555348772496], [-0.745095353630767, 52.0547706011143], [-0.746075980195094, 52.0556891299318], [-0.74713961044586, 52.055205926223], [-0.748105917995923, 52.0559277976199], [-0.748098539714834, 52.0563336909728], [-0.750667075654907, 52.0552793429449], [-0.753333487075996, 52.0548490309018], [-0.75359775564511, 52.0544562186368], [-0.753629200006713, 52.054686051668], [-0.754247884860267, 52.0567778688752], [-0.755579676134731, 52.058566471726], [-0.755050664674032, 52.0588360815661], [-0.752809710044853, 52.0589887589204], [-0.75223949325387, 52.0579692637423], [-0.752516525575356, 52.0574747667605], [-0.75284021279574, 52.0573184845857], [-0.752258292210145, 52.056854383735], [-0.751188501875686, 52.05668609613], [-0.749967348921029, 52.0577046912661], [-0.748784727977343, 52.0590797841579], [-0.747713364155474, 52.059527882913], [-0.748009932966675, 52.0597182786033], [-0.747646097646981, 52.0599170131285], [-0.746191316901688, 52.0598893557223], [-0.745177888867153, 52.058712228395], [-0.744763131954958, 52.0587057430329], [-0.744937555101117, 52.0583203675059]]]}, "properties": {"LSOA21CD": "E01016772", "LSOA21NM": "Milton Keynes 009C", "LAT": 52.0567, "LONG": -0.74678, "fuel_poverty_rate_effective": 0.069, "asset_total_mw": 0.0, "ec_count": 0.0, "population_effective": 1420, "deprivation_score": 23.052, "active": false}}, {"type": "Feature", "geometry": {"type": "Polygon", "coordinates": [[[-0.738121258976004, 52.0588914592313], [-0.736879592350866, 52.0584318836712], [-0.736431255587424, 52.0586356023095], [-0.734310889094398, 52.0585696170278], [-0.732557262222962, 52.0579216521092], [-0.731681073872317, 52.0560783142325], [-0.730019538430172, 52.0563105229814], [-0.728654108469278, 52.056374657268], [-0.728209308682857, 52.0546951494077], [-0.728168616574243, 52.0545091468621], [-0.72940032375159, 52.0543956692689], [-0.735544762790875, 52.0534624312127], [-0.73790724041799, 52.0530029479111], [-0.739693610859199, 52.0526018490398], [-0.745483959733917, 52.0511528343566], [-0.746101735135019, 52.0511219678978], [-0.746319920365698, 52.0515476664131], [-0.745596580935824, 52.0520421472155], [-0.746027418517251, 52.0525692707612], [-0.745986066578189, 52.0526492105621], [-0.747345339003088, 52.0541461203764], [-0.746558493339506, 52.0545706551906], [-0.746047126756008, 52.0541153956227], [-0.745095353630767, 52.0547706011143], [-0.743317821247501, 52.0555348772496], [-0.742998976798288, 52.055674335044], [-0.742620585141106, 52.0552539799495], [-0.740557714482513, 52.0534282025154], [-0.740155512354566, 52.0540220113707], [-0.741238317137762, 52.0554178134657], [-0.740129151997224, 52.0555537829826], [-0.739183033993887, 52.056257971138], [-0.739147657043948, 52.0564614089177], [-0.737652694780476, 52.0565213432729], [-0.737371372446708, 52.056859410552], [-0.738433734241036, 52.0577410409005], [-0.738337514071696, 52.0580367394521], [-0.739627116584739, 52.0581758987297], [-0.740141219361828, 52.0582981727807], [-0.740040446288737, 52.0586290329737], [-0.738492582167323, 52.0584777698544], [-0.738723582015108, 52.058851146176], [-0.738121258976004, 52.0588914592313]]]}, "properties": {"LSOA21CD": "E01016773", "LSOA21NM": "Milton Keynes 007D", "LAT": 52.05493, "LONG": -0.73456, "fuel_poverty_rate_effective": 0.0365, "asset_total_mw": 0.0, "ec_count": 0.0, "population_effective": 1934, "deprivation_score": 9.241, "active": false}}, {"type": "Feature", "geometry": {"type": "Polygon", "coordinates": [[[-0.776497810249696, 52.0341182677058], [-0.770779724414795, 52.0303439414866], [-0.772434080273213, 52.0295229544783], [-0.774105578443523, 52.0281017091974], [-0.774929309191259, 52.0283620309596], [-0.774303109027766, 52.0301820578503], [-0.777151129848005, 52.030409221992], [-0.776925940025816, 52.0306983804945], [-0.77771088948482, 52.0310396702745], [-0.779726407076033, 52.0310526940462], [-0.781152229172934, 52.0305484984058], [-0.783137736364479, 52.0309736180444], [-0.784629345130469, 52.028651227289], [-0.785567123312233, 52.0283897658169], [-0.785828010225242, 52.0284952767914], [-0.787402965927506, 52.0290394235769], [-0.788754248526732, 52.0304762892665], [-0.78890373820581, 52.0301028446237], [-0.789341821052636, 52.0299237001999], [-0.7896131289376, 52.0301067434079], [-0.789708362468653, 52.0294946834004], [-0.790361575383188, 52.0293298521435], [-0.790385118750562, 52.028995287832], [-0.79101117296932, 52.0292922451689], [-0.790191933492809, 52.031019197622], [-0.789721931838698, 52.031176131563], [-0.790723501972806, 52.0319013584043], [-0.789077520722501, 52.0328779852438], [-0.787695802952323, 52.0343743556993], [-0.786118392837993, 52.0357126743178], [-0.789468889220711, 52.0369821495686], [-0.789503702330123, 52.0400187949606], [-0.787537429684062, 52.0411927027884], [-0.7819264140349, 52.0373860707912], [-0.776497810249696, 52.0341182677058]]]}, "properties": {"LSOA21CD": "E01016774", "LSOA21NM": "Milton Keynes 020A", "LAT": 52.03466, "LONG": -0.78237, "fuel_poverty_rate_effective": 0.048, "asset_total_mw": 0.0, "ec_count": 0.0, "population_effective": 1781, "deprivation_score": 7.274, "active": false}}, {"type": "Feature", "geometry": {"type": "Polygon", "coordinates": [[[-0.776925940025816, 52.0306983804945], [-0.777151129848005, 52.030409221992], [-0.774303109027766, 52.0301820578503], [-0.774929309191259, 52.0283620309596], [-0.774105578443523, 52.0281017091974], [-0.772434080273213, 52.0295229544783], [-0.770779724414795, 52.0303439414866], [-0.768390777185384, 52.0285297205022], [-0.76153846709603, 52.0232586483294], [-0.759622729120116, 52.0212228702814], [-0.756292072485181, 52.0162554218065], [-0.753379369636966, 52.0142756251419], [-0.750217329692057, 52.0130818247384], [-0.751012507856088, 52.0125388348688], [-0.755119849521271, 52.0141625921948], [-0.761877174909348, 52.0167496322712], [-0.762107680612389, 52.016832149083], [-0.771376017929384, 52.0205793796664], [-0.772415126759499, 52.0209649656243], [-0.777136361160796, 52.022752752484], [-0.778641066807476, 52.0211812790204], [-0.779317891323384, 52.021659403182], [-0.78029463851664, 52.0217661509642], [-0.78095088654742, 52.0222874635449], [-0.780583823283812, 52.0225132643187], [-0.782334219683771, 52.0224594222028], [-0.783241541584718, 52.0228170899164], [-0.783666498526394, 52.0225340361655], [-0.784970180713514, 52.0226745346669], [-0.784605445067478, 52.0234134689798], [-0.783802902487957, 52.0234730162261], [-0.785383606434902, 52.0250264545761], [-0.784846610315313, 52.0254751190392], [-0.787047986352104, 52.0264752096587], [-0.787065733809454, 52.0264840418585], [-0.786745657513542, 52.0269376515401], [-0.786344813050332, 52.0271947847227], [-0.785210145002233, 52.0282250409643], [-0.785567123312233, 52.0283897658169], [-0.784629345130469, 52.028651227289], [-0.783137736364479, 52.0309736180444], [-0.781152229172934, 52.0305484984058], [-0.779726407076033, 52.0310526940462], [-0.77771088948482, 52.0310396702745], [-0.776925940025816, 52.0306983804945]]]}, "properties": {"LSOA21CD": "E01016775", "LSOA21NM": "Milton Keynes 020B", "LAT": 52.02183, "LONG": -0.7676, "fuel_poverty_rate_effective": 0.0644, "asset_total_mw": 0.0, "ec_count": 0.0, "population_effective": 1739, "deprivation_score": 11.582, "active": false}}, {"type": "Feature", "geometry": {"type": "Polygon", "coordinates": [[[-0.787695802952323, 52.0343743556993], [-0.789077520722501, 52.0328779852438], [-0.790723501972806, 52.0319013584043], [-0.792365302543468, 52.0314710032794], [-0.792093604332749, 52.0320891266724], [-0.791550657664805, 52.03221870806], [-0.791842758576197, 52.0324588312158], [-0.792431447361, 52.032298093782], [-0.792687999435177, 52.0327905738192], [-0.794116515816338, 52.0327675007011], [-0.79371402430412, 52.0332216984749], [-0.79397774782141, 52.0334633246975], [-0.794357104101203, 52.0331990769144], [-0.79518361857802, 52.0336368177977], [-0.795675833863139, 52.0334034259985], [-0.796294591673103, 52.033754450173], [-0.795668089019848, 52.0344859365366], [-0.794355767019064, 52.0337601706222], [-0.79410186028244, 52.0339072247435], [-0.795594175156148, 52.0349414983488], [-0.795617610250213, 52.0350212868211], [-0.795364221488759, 52.0355601182181], [-0.797360668080503, 52.0365682907241], [-0.797391780649359, 52.0373803119756], [-0.797153931759921, 52.0374491890229], [-0.793242286700144, 52.03855180829], [-0.789503702330123, 52.0400187949606], [-0.789468889220711, 52.0369821495686], [-0.786118392837993, 52.0357126743178], [-0.787695802952323, 52.0343743556993]]]}, "properties": {"LSOA21CD": "E01016776", "LSOA21NM": "Milton Keynes 015A", "LAT": 52.03572, "LONG": -0.79186, "fuel_poverty_rate_effective": 0.0368, "asset_total_mw": 0.0, "ec_count": 0.0, "population_effective": 1483, "deprivation_score": 5.189, "active": false}}, {"type": "Feature", "geometry": {"type": "Polygon", "coordinates": [[[-0.795594175156148, 52.0349414983488], [-0.79410186028244, 52.0339072247435], [-0.794355767019064, 52.0337601706222], [-0.795668089019848, 52.0344859365366], [-0.796294591673103, 52.033754450173], [-0.795675833863139, 52.0334034259985], [-0.79518361857802, 52.0336368177977], [-0.794357104101203, 52.0331990769144], [-0.79397774782141, 52.0334633246975], [-0.79371402430412, 52.0332216984749], [-0.794116515816338, 52.0327675007011], [-0.792687999435177, 52.0327905738192], [-0.792431447361, 52.032298093782], [-0.791842758576197, 52.0324588312158], [-0.791550657664805, 52.03221870806], [-0.792093604332749, 52.0320891266724], [-0.792365302543468, 52.0314710032794], [-0.793199974691354, 52.0312463414512], [-0.794042990259579, 52.0317224452755], [-0.794702414638786, 52.0313351060943], [-0.796064909775072, 52.0315631832773], [-0.796695231439021, 52.0310459614152], [-0.798420833137675, 52.0317615110825], [-0.803938686792795, 52.0340636634779], [-0.8032232276508, 52.0346394730348], [-0.802748740041696, 52.0349435155837], [-0.799839670936897, 52.0364447032207], [-0.79968531244007, 52.0365112484092], [-0.798983741653391, 52.0367794297062], [-0.797391780649359, 52.0373803119756], [-0.797360668080503, 52.0365682907241], [-0.795364221488759, 52.0355601182181], [-0.795617610250213, 52.0350212868211], [-0.795594175156148, 52.0349414983488]]]}, "properties": {"LSOA21CD": "E01016777", "LSOA21NM": "Milton Keynes 020C", "LAT": 52.0344, "LONG": -0.79771, "fuel_poverty_rate_effective": 0.0504, "asset_total_mw": 0.0, "ec_count": 0.0, "population_effective": 1625, "deprivation_score": 13.368, "active": false}}, {"type": "Feature", "geometry": {"type": "Polygon", "coordinates": [[[-0.798420833137675, 52.0317615110825], [-0.796695231439021, 52.0310459614152], [-0.796064909775072, 52.0315631832773], [-0.794702414638786, 52.0313351060943], [-0.794042990259579, 52.0317224452755], [-0.793199974691354, 52.0312463414512], [-0.792365302543468, 52.0314710032794], [-0.790723501972806, 52.0319013584043], [-0.789721931838698, 52.031176131563], [-0.790191933492809, 52.031019197622], [-0.79101117296932, 52.0292922451689], [-0.790385118750562, 52.028995287832], [-0.790361575383188, 52.0293298521435], [-0.789708362468653, 52.0294946834004], [-0.7896131289376, 52.0301067434079], [-0.789341821052636, 52.0299237001999], [-0.78890373820581, 52.0301028446237], [-0.788754248526732, 52.0304762892665], [-0.787402965927506, 52.0290394235769], [-0.785828010225242, 52.0284952767914], [-0.785567123312233, 52.0283897658169], [-0.785210145002233, 52.0282250409643], [-0.786344813050332, 52.0271947847227], [-0.786745657513542, 52.0269376515401], [-0.787065733809454, 52.0264840418585], [-0.787047986352104, 52.0264752096587], [-0.787232492433903, 52.0245689257645], [-0.78618186064802, 52.0245947449473], [-0.786719940608375, 52.0242688099094], [-0.78801769342179, 52.0244287517824], [-0.787674934954143, 52.0237309761388], [-0.788618611124837, 52.0235167639243], [-0.791366613324818, 52.0243355406205], [-0.791265445260905, 52.0246713492352], [-0.793119261411882, 52.026372818878], [-0.793971737135935, 52.0262059942707], [-0.794168311066211, 52.025727966717], [-0.794918538204343, 52.0260143661518], [-0.795641064553789, 52.0253296432654], [-0.796557241635594, 52.0254398553974], [-0.797025251542019, 52.0259475294865], [-0.796415879187714, 52.0267040084731], [-0.800446530086994, 52.0283757830366], [-0.800481110144159, 52.0283908446449], [-0.803272726204018, 52.0295693950925], [-0.804370804194303, 52.0287059965405], [-0.804782540878101, 52.0288993492125], [-0.805293577018801, 52.0285803220486], [-0.805660738061728, 52.0287715917639], [-0.804956386793256, 52.029128688304], [-0.8051310055797, 52.029546010661], [-0.805905916418352, 52.0291828671472], [-0.807134986523722, 52.0298431444976], [-0.806644068419762, 52.028960723451], [-0.807019053844483, 52.0285527014187], [-0.805496050030782, 52.02836988123], [-0.806669786019856, 52.0280398396935], [-0.807335009529592, 52.028336322287], [-0.807592248680121, 52.0279025004297], [-0.807199724643298, 52.0278666310272], [-0.807154551630548, 52.0273023363216], [-0.807998731257386, 52.027991748318], [-0.807503239495103, 52.0290825738268], [-0.808629418667013, 52.0294896005029], [-0.804304218404903, 52.0336987164666], [-0.804214789597581, 52.0341855240291], [-0.803938686792795, 52.0340636634779], [-0.798420833137675, 52.0317615110825]]]}, "properties": {"LSOA21CD": "E01016778", "LSOA21NM": "Milton Keynes 020D", "LAT": 52.02883, "LONG": -0.7941, "fuel_poverty_rate_effective": 0.0557, "asset_total_mw": 0.0, "ec_count": 0.0, "population_effective": 1629, "deprivation_score": 11.568, "active": false}}, {"type": "Feature", "geometry": {"type": "Polygon", "coordinates": [[[-0.801857846522555, 52.0259681472195], [-0.799437191254004, 52.025351034719], [-0.799297017383591, 52.0257794810112], [-0.797617985650586, 52.0254395557645], [-0.797025251542019, 52.0259475294865], [-0.796557241635594, 52.0254398553974], [-0.795641064553789, 52.0253296432654], [-0.794918538204343, 52.0260143661518], [-0.794168311066211, 52.025727966717], [-0.793971737135935, 52.0262059942707], [-0.793119261411882, 52.026372818878], [-0.791265445260905, 52.0246713492352], [-0.791366613324818, 52.0243355406205], [-0.791422082227532, 52.0242545927169], [-0.791124583130862, 52.0229097219921], [-0.791940000688505, 52.0220309819679], [-0.791921671491889, 52.0213161216002], [-0.79589257371816, 52.0215180752196], [-0.795988489269168, 52.0212497981315], [-0.795540815698629, 52.0211525993849], [-0.796303093074041, 52.0209840401356], [-0.796313984002692, 52.0215942794356], [-0.796924116986233, 52.0216629387625], [-0.797104868088425, 52.0212018292256], [-0.799473065682543, 52.0215561095812], [-0.79936745359275, 52.0206062299102], [-0.802097360860067, 52.0213670050451], [-0.802927361656511, 52.0221005660183], [-0.804977441947495, 52.0232904891301], [-0.806051286608052, 52.0241565894916], [-0.806395748159227, 52.0244812628255], [-0.80585492176919, 52.0247499684263], [-0.805747391803623, 52.0255041512079], [-0.804984865171188, 52.0256762417567], [-0.805189486353159, 52.0263151852795], [-0.804453102827895, 52.0264082151657], [-0.804290574126141, 52.0269990758108], [-0.803491608523611, 52.027342686171], [-0.802982183251549, 52.0275044788979], [-0.80214842758229, 52.0266530207941], [-0.801857846522555, 52.0259681472195]]]}, "properties": {"LSOA21CD": "E01016780", "LSOA21NM": "Milton Keynes 037C", "LAT": 52.02403, "LONG": -0.79869, "fuel_poverty_rate_effective": 0.049, "asset_total_mw": 0.0, "ec_count": 0.0, "population_effective": 1852, "deprivation_score": 8.624, "active": false}}, {"type": "Feature", "geometry": {"type": "Polygon", "coordinates": [[[-0.785383606434902, 52.0250264545761], [-0.783802902487957, 52.0234730162261], [-0.784605445067478, 52.0234134689798], [-0.784970180713514, 52.0226745346669], [-0.783666498526394, 52.0225340361655], [-0.783241541584718, 52.0228170899164], [-0.782334219683771, 52.0224594222028], [-0.780583823283812, 52.0225132643187], [-0.78095088654742, 52.0222874635449], [-0.78029463851664, 52.0217661509642], [-0.779317891323384, 52.021659403182], [-0.778641066807476, 52.0211812790204], [-0.779296268028028, 52.0206629559219], [-0.782268189422468, 52.0189741709745], [-0.78501818724535, 52.0171232892606], [-0.785918955824148, 52.0165119235064], [-0.788498942619638, 52.0150466589037], [-0.790630658136961, 52.0166622895716], [-0.790120972490842, 52.017235509212], [-0.790125164889785, 52.0183765631411], [-0.794390633778922, 52.0190155737832], [-0.79936745359275, 52.0206062299102], [-0.799473065682543, 52.0215561095812], [-0.797104868088425, 52.0212018292256], [-0.796924116986233, 52.0216629387625], [-0.796313984002692, 52.0215942794356], [-0.796303093074041, 52.0209840401356], [-0.795540815698629, 52.0211525993849], [-0.795988489269168, 52.0212497981315], [-0.79589257371816, 52.0215180752196], [-0.791921671491889, 52.0213161216002], [-0.791940000688505, 52.0220309819679], [-0.791124583130862, 52.0229097219921], [-0.791422082227532, 52.0242545927169], [-0.791366613324818, 52.0243355406205], [-0.788618611124837, 52.0235167639243], [-0.787674934954143, 52.0237309761388], [-0.78801769342179, 52.0244287517824], [-0.786719940608375, 52.0242688099094], [-0.78618186064802, 52.0245947449473], [-0.787232492433903, 52.0245689257645], [-0.787047986352104, 52.0264752096587], [-0.784846610315313, 52.0254751190392], [-0.785383606434902, 52.0250264545761]]]}, "properties": {"LSOA21CD": "E01016781", "LSOA21NM": "Milton Keynes 037D", "LAT": 52.02078, "LONG": -0.78933, "fuel_poverty_rate_effective": 0.0324, "asset_total_mw": 0.0, "ec_count": 0.0, "population_effective": 1345, "deprivation_score": 4.945, "active": false}}, {"type": "Feature", "geometry": {"type": "Polygon", "coordinates": [[[-0.685027690899603, 52.0411374647276], [-0.681754138518337, 52.0408537773947], [-0.678820053418801, 52.0416210158603], [-0.676556706971187, 52.0397927337817], [-0.675993999173189, 52.0387139257828], [-0.676250897977128, 52.0369420139489], [-0.678059202661758, 52.0332333207315], [-0.678321844808102, 52.033071716303], [-0.690802260886125, 52.0338208408032], [-0.694674725791519, 52.0336898119474], [-0.695098259685235, 52.0336739038363], [-0.699779622142845, 52.0334077636055], [-0.699613142886465, 52.0339121933014], [-0.699763094286348, 52.0344195796029], [-0.698431629712728, 52.0349241159111], [-0.699011050650313, 52.0351148716625], [-0.700537261227235, 52.0362055485546], [-0.699085085158765, 52.0367575198656], [-0.699221571747787, 52.0373515236218], [-0.701127252238301, 52.037498424663], [-0.701523267431921, 52.0383524008469], [-0.698514431221624, 52.0390053343615], [-0.697646243366581, 52.0392378805636], [-0.696850634955429, 52.0394764973279], [-0.693411100793562, 52.0404966474412], [-0.69049738492858, 52.0412462745625], [-0.690375147522058, 52.041275351151], [-0.687696398622115, 52.0419105706538], [-0.685027690899603, 52.0411374647276]]]}, "properties": {"LSOA21CD": "E01016783", "LSOA21NM": "Milton Keynes 035A", "LAT": 52.03759, "LONG": -0.68867, "fuel_poverty_rate_effective": 0.0516999999999999, "asset_total_mw": 0.0, "ec_count": 0.0, "population_effective": 1979, "deprivation_score": 10.428, "active": false}}, {"type": "Feature", "geometry": {"type": "Polygon", "coordinates": [[[-0.733118640738904, 52.0364500466386], [-0.732897361777388, 52.0359226019577], [-0.732367007403884, 52.036076209403], [-0.73043619384251, 52.0347606507864], [-0.731087459931753, 52.0332098137696], [-0.730084167379276, 52.032950364722], [-0.729731935470997, 52.0332439367677], [-0.729194997175922, 52.0329042172077], [-0.730690074867438, 52.0318765718232], [-0.731681401530505, 52.0320226948549], [-0.732149827952066, 52.0317386650652], [-0.731640661656272, 52.0303138307791], [-0.732683915303253, 52.0300193363445], [-0.732763749244446, 52.0296863404602], [-0.731680989082202, 52.029655692518], [-0.730936295479551, 52.0292601393604], [-0.731144582821896, 52.0304755199129], [-0.728845654870939, 52.030367320962], [-0.727893512441729, 52.0297595616975], [-0.725229234324685, 52.030249473433], [-0.724352220740484, 52.0311427997227], [-0.723777182928374, 52.0289007573846], [-0.725437998713842, 52.0278975758237], [-0.725409474645884, 52.0269515181391], [-0.722300938922248, 52.0278066251287], [-0.723491487732654, 52.0293177642584], [-0.72321212797353, 52.0295214806449], [-0.722396391137443, 52.0292611101383], [-0.722129788967226, 52.029697157413], [-0.722318958417484, 52.0299524603874], [-0.723501849572405, 52.0300732577735], [-0.722092201765522, 52.0319367815934], [-0.714818795854585, 52.0331951223292], [-0.714670325732456, 52.0327132933916], [-0.715456212220394, 52.0325996284675], [-0.714256487960628, 52.0320515530489], [-0.714441104045382, 52.0316021784472], [-0.711923839700714, 52.0303770222034], [-0.711843240428942, 52.0288674082059], [-0.711998759752208, 52.0279397624183], [-0.713563258866657, 52.0272923101573], [-0.714072794215116, 52.0265350072691], [-0.714914396095394, 52.0266193405495], [-0.715676300234325, 52.0260343493925], [-0.714320119230043, 52.0245625364981], [-0.714068342588504, 52.0236850857711], [-0.712609851157774, 52.0232277570246], [-0.712367384875849, 52.0216138159669], [-0.710572900132156, 52.0206489486679], [-0.710563470037971, 52.0206433967516], [-0.714822759347241, 52.0199870071087], [-0.718105238588884, 52.0186859524718], [-0.719192492157346, 52.0206747611844], [-0.720033439086906, 52.0212896899534], [-0.722175267130517, 52.0220365022597], [-0.723588824890465, 52.0231392703382], [-0.723647986424969, 52.0236044085196], [-0.725369474359565, 52.0233362797305], [-0.725061950051151, 52.0230029429421], [-0.725454762455622, 52.0228673986548], [-0.72615482667398, 52.0234762644876], [-0.726742248699437, 52.0232736105592], [-0.727269202835296, 52.0235485108681], [-0.729620109261781, 52.0254294276677], [-0.730526021830836, 52.0255187563006], [-0.731490156359322, 52.0256450659048], [-0.733524726616048, 52.0286070128611], [-0.733949516690981, 52.0298355401554], [-0.733757566390789, 52.0318417814217], [-0.733654681270086, 52.0328131593967], [-0.734248885613752, 52.0342651314716], [-0.735892518490992, 52.0357121145552], [-0.735322100925684, 52.0359332205943], [-0.733118640738904, 52.0364500466386]]]}, "properties": {"LSOA21CD": "E01016784", "LSOA21NM": "Milton Keynes 016D", "LAT": 52.02749, "LONG": -0.7184, "fuel_poverty_rate_effective": 0.0833, "asset_total_mw": 0.0, "ec_count": 0.0, "population_effective": 1817, "deprivation_score": 26.221, "active": false}}, {"type": "Feature", "geometry": {"type": "Polygon", "coordinates": [[[-0.744459456899078, 52.0849334047681], [-0.744699184762025, 52.084466976304], [-0.743808207120146, 52.0845641737558], [-0.74302557469616, 52.0853491131796], [-0.743617109265885, 52.086228521776], [-0.742755667356316, 52.0861882319785], [-0.741325960374378, 52.0848259846621], [-0.73922301919084, 52.086163829958], [-0.738579723864007, 52.0859286202804], [-0.738670961513737, 52.0853751654989], [-0.738031913264041, 52.0850048119645], [-0.73602369060766, 52.0857888567395], [-0.735205295681545, 52.0845569961117], [-0.737877053441981, 52.0831710748815], [-0.736954545130738, 52.0825467641321], [-0.73838331421952, 52.0824113119957], [-0.741061501216548, 52.0815370410914], [-0.741547374785376, 52.0815400105047], [-0.741925659748755, 52.0819522259645], [-0.744198596688519, 52.0807718224569], [-0.744203335835197, 52.0807745522409], [-0.744865224900209, 52.0811564334557], [-0.748837868083797, 52.083521112533], [-0.751114725442093, 52.0853124041912], [-0.749877968210715, 52.0856512117797], [-0.749187574959667, 52.0857303858383], [-0.749016836165145, 52.0846081108505], [-0.748087210698508, 52.0845396336934], [-0.747924850173219, 52.0845155928787], [-0.746252778821183, 52.0853627673043], [-0.745485688273389, 52.0863899881933], [-0.74476504651745, 52.0862152064986], [-0.745337891893764, 52.0856934153848], [-0.744459456899078, 52.0849334047681]]]}, "properties": {"LSOA21CD": "E01016786", "LSOA21NM": "Milton Keynes 003A", "LAT": 52.08356, "LONG": -0.74305, "fuel_poverty_rate_effective": 0.089, "asset_total_mw": 0.0, "ec_count": 0.0, "population_effective": 1519, "deprivation_score": 9.222, "active": false}}, {"type": "Feature", "geometry": {"type": "Polygon", "coordinates": [[[-0.729772128501511, 52.0870507683353], [-0.728519286708283, 52.0863471668167], [-0.728723951395937, 52.0851840886809], [-0.728152154378729, 52.0839115316257], [-0.728135117401886, 52.083886558206], [-0.72883943793957, 52.0836225403185], [-0.727981544660114, 52.0826696284551], [-0.728470422350448, 52.0824845224119], [-0.728809450231204, 52.0828313778624], [-0.72986155294902, 52.082526494338], [-0.730216754099744, 52.0827546467266], [-0.731512743260411, 52.0822435056273], [-0.731111937388765, 52.0818709802391], [-0.731767783194598, 52.0815046040914], [-0.732423008550977, 52.081502553734], [-0.732352186877594, 52.0812871085694], [-0.734410478961591, 52.0804197175322], [-0.734987811197754, 52.081192745369], [-0.735146918064194, 52.0811293056643], [-0.738328681400705, 52.0798734806262], [-0.739677186077558, 52.0796577276401], [-0.74091760541952, 52.0788778235554], [-0.743502165013128, 52.0803706254474], [-0.744198596688519, 52.0807718224569], [-0.741925659748755, 52.0819522259645], [-0.741547374785376, 52.0815400105047], [-0.741061501216548, 52.0815370410914], [-0.73838331421952, 52.0824113119957], [-0.736954545130738, 52.0825467641321], [-0.737877053441981, 52.0831710748815], [-0.735205295681545, 52.0845569961117], [-0.732969396760752, 52.0851092190217], [-0.733572270608233, 52.0858978756255], [-0.733039389938467, 52.0862190559136], [-0.731952450466994, 52.0857518182952], [-0.730378013754929, 52.0857586584831], [-0.730995870443931, 52.0864947491361], [-0.730570056555286, 52.0869535609432], [-0.729996809526845, 52.0866869204501], [-0.729772128501511, 52.0870507683353]]]}, "properties": {"LSOA21CD": "E01016787", "LSOA21NM": "Milton Keynes 003B", "LAT": 52.08293, "LONG": -0.73286, "fuel_poverty_rate_effective": 0.091, "asset_total_mw": 0.0, "ec_count": 0.0, "population_effective": 1752, "deprivation_score": 20.128, "active": false}}, {"type": "Feature", "geometry": {"type": "Polygon", "coordinates": [[[-0.731975894405548, 52.1025711280538], [-0.730511396726371, 52.1013287778578], [-0.730743704467702, 52.1003605298483], [-0.728822068404898, 52.0991551276549], [-0.729077251067076, 52.098668156188], [-0.72798012310502, 52.0981356905258], [-0.727927369196277, 52.0973753915861], [-0.726310071768645, 52.0963034522597], [-0.724809230921654, 52.0933244489975], [-0.723264480945388, 52.0926117767923], [-0.722273090052866, 52.0905244177178], [-0.720983622525561, 52.0904116847836], [-0.721281812451002, 52.0896655881147], [-0.720935970979098, 52.0893495475907], [-0.72264482811179, 52.0896615326885], [-0.723446856805606, 52.0901673978246], [-0.724540385292998, 52.0889605557322], [-0.722985418816397, 52.0884323276898], [-0.724240405840829, 52.0874828109397], [-0.725002063795374, 52.087441684244], [-0.725600214763302, 52.0871568591254], [-0.728920699476489, 52.0879726720729], [-0.729772128501511, 52.0870507683353], [-0.729996809526845, 52.0866869204501], [-0.730570056555286, 52.0869535609432], [-0.738087936894427, 52.0906858637321], [-0.739346670438429, 52.0904343835369], [-0.741927697318987, 52.0892434832156], [-0.741680848647678, 52.0888339091965], [-0.740621130227772, 52.088800042958], [-0.740051280607038, 52.088382201946], [-0.742049163558186, 52.0880833719574], [-0.742922536035575, 52.088732542945], [-0.743228708947862, 52.0885693165778], [-0.742249838481736, 52.0878155000953], [-0.743956471658069, 52.0870717304291], [-0.745159975903096, 52.0882989700662], [-0.74581323278508, 52.0879377490988], [-0.745706091805213, 52.0876568015501], [-0.747011480450513, 52.0874279390736], [-0.747439866320664, 52.0875437309733], [-0.747790339850792, 52.0872223715929], [-0.74728013946462, 52.0866985202386], [-0.748201006180871, 52.086277930484], [-0.74875014463125, 52.0874261728046], [-0.747674760588401, 52.0877227926346], [-0.748824338830315, 52.0888857607767], [-0.74848656443396, 52.0890585925611], [-0.748064650401158, 52.0884779328961], [-0.747577235834766, 52.0885403540927], [-0.747457603120123, 52.0889459759797], [-0.745665929412191, 52.0895227106791], [-0.747080009718141, 52.0907192702025], [-0.749282754791738, 52.0897177972602], [-0.749218942528409, 52.0890840036637], [-0.749751319545523, 52.0890352967823], [-0.749454874214079, 52.0893680876544], [-0.749966725659656, 52.0897569317238], [-0.751032286798082, 52.0893401497519], [-0.752184428233779, 52.0894989699344], [-0.752766962667707, 52.0900337204254], [-0.754604957507134, 52.0891365223763], [-0.760480425203117, 52.095379780184], [-0.756488520530703, 52.0969341129728], [-0.754822039928853, 52.0972775182359], [-0.75436001615686, 52.0976834009041], [-0.754133249673806, 52.0974385151534], [-0.752800796061366, 52.097499405279], [-0.751034402033063, 52.0984952481332], [-0.750080504220735, 52.0986276175447], [-0.745916312012398, 52.0989111423571], [-0.743613768645652, 52.0997070052147], [-0.73945160862915, 52.1003054743417], [-0.738505510542287, 52.1006728114511], [-0.738435248850486, 52.1013688688914], [-0.739045003290908, 52.1015237614833], [-0.738726560088714, 52.1018632767483], [-0.738018443221536, 52.101766326553], [-0.737212053494705, 52.102177725769], [-0.736741983869995, 52.1018585553338], [-0.736576272689158, 52.102168928], [-0.734247004705138, 52.1024946869121], [-0.732320874220911, 52.1021657490106], [-0.731975894405548, 52.1025711280538]]]}, "properties": {"LSOA21CD": "E01016788", "LSOA21NM": "Milton Keynes 003C", "LAT": 52.09445, "LONG": -0.74242, "fuel_poverty_rate_effective": 0.0538, "asset_total_mw": 0.0, "ec_count": 0.0, "population_effective": 1571, "deprivation_score": 7.999, "active": false}}, {"type": "Feature", "geometry": {"type": "Polygon", "coordinates": [[[-0.745665929412191, 52.0895227106791], [-0.747457603120123, 52.0889459759797], [-0.747577235834766, 52.0885403540927], [-0.748064650401158, 52.0884779328961], [-0.74848656443396, 52.0890585925611], [-0.748824338830315, 52.0888857607767], [-0.747674760588401, 52.0877227926346], [-0.74875014463125, 52.0874261728046], [-0.748201006180871, 52.086277930484], [-0.74728013946462, 52.0866985202386], [-0.747790339850792, 52.0872223715929], [-0.747439866320664, 52.0875437309733], [-0.747011480450513, 52.0874279390736], [-0.746689266358454, 52.0870202831991], [-0.745637867665321, 52.087523638678], [-0.744761741358462, 52.0874252776908], [-0.744665903832656, 52.0869070041321], [-0.745485688273389, 52.0863899881933], [-0.746252778821183, 52.0853627673043], [-0.747924850173219, 52.0845155928787], [-0.748087210698508, 52.0845396336934], [-0.749016836165145, 52.0846081108505], [-0.749187574959667, 52.0857303858383], [-0.749877968210715, 52.0856512117797], [-0.751114725442093, 52.0853124041912], [-0.754604957507134, 52.0891365223763], [-0.752766962667707, 52.0900337204254], [-0.752184428233779, 52.0894989699344], [-0.751032286798082, 52.0893401497519], [-0.749966725659656, 52.0897569317238], [-0.749454874214079, 52.0893680876544], [-0.749751319545523, 52.0890352967823], [-0.749218942528409, 52.0890840036637], [-0.749282754791738, 52.0897177972602], [-0.747080009718141, 52.0907192702025], [-0.745665929412191, 52.0895227106791]]]}, "properties": {"LSOA21CD": "E01016789", "LSOA21NM": "Milton Keynes 003D", "LAT": 52.08736, "LONG": -0.74963, "fuel_poverty_rate_effective": 0.0512, "asset_total_mw": 0.0, "ec_count": 0.0, "population_effective": 1236, "deprivation_score": 12.262, "active": false}}, {"type": "Feature", "geometry": {"type": "Polygon", "coordinates": [[[-0.738087936894427, 52.0906858637321], [-0.730570056555286, 52.0869535609432], [-0.730995870443931, 52.0864947491361], [-0.730378013754929, 52.0857586584831], [-0.731952450466994, 52.0857518182952], [-0.733039389938467, 52.0862190559136], [-0.733572270608233, 52.0858978756255], [-0.732969396760752, 52.0851092190217], [-0.735205295681545, 52.0845569961117], [-0.73602369060766, 52.0857888567395], [-0.738031913264041, 52.0850048119645], [-0.738670961513737, 52.0853751654989], [-0.738579723864007, 52.0859286202804], [-0.73922301919084, 52.086163829958], [-0.741325960374378, 52.0848259846621], [-0.742755667356316, 52.0861882319785], [-0.743617109265885, 52.086228521776], [-0.74302557469616, 52.0853491131796], [-0.743808207120146, 52.0845641737558], [-0.744699184762025, 52.084466976304], [-0.744459456899078, 52.0849334047681], [-0.745337891893764, 52.0856934153848], [-0.74476504651745, 52.0862152064986], [-0.745485688273389, 52.0863899881933], [-0.744665903832656, 52.0869070041321], [-0.744761741358462, 52.0874252776908], [-0.745637867665321, 52.087523638678], [-0.746689266358454, 52.0870202831991], [-0.747011480450513, 52.0874279390736], [-0.745706091805213, 52.0876568015501], [-0.74581323278508, 52.0879377490988], [-0.745159975903096, 52.0882989700662], [-0.743956471658069, 52.0870717304291], [-0.742249838481736, 52.0878155000953], [-0.743228708947862, 52.0885693165778], [-0.742922536035575, 52.088732542945], [-0.742049163558186, 52.0880833719574], [-0.740051280607038, 52.088382201946], [-0.740621130227772, 52.088800042958], [-0.741680848647678, 52.0888339091965], [-0.741927697318987, 52.0892434832156], [-0.739346670438429, 52.0904343835369], [-0.738087936894427, 52.0906858637321]]]}, "properties": {"LSOA21CD": "E01016790", "LSOA21NM": "Milton Keynes 003E", "LAT": 52.08753, "LONG": -0.73736, "fuel_poverty_rate_effective": 0.0657, "asset_total_mw": 0.0, "ec_count": 0.0, "population_effective": 1443, "deprivation_score": 7.921, "active": false}}, {"type": "Feature", "geometry": {"type": "Polygon", "coordinates": [[[-0.721546649005382, 52.0816699847684], [-0.719696037907507, 52.0805530061492], [-0.719397404889183, 52.0807316465582], [-0.718287146874399, 52.0801116991347], [-0.716359047368504, 52.0756161211987], [-0.721294536245805, 52.0749347368664], [-0.724594449472345, 52.0743790615695], [-0.725365405185606, 52.0752282696286], [-0.724863149562415, 52.0757328432074], [-0.725096524790433, 52.0759035594308], [-0.727105940626305, 52.0764733313312], [-0.727675694016688, 52.0760827973203], [-0.728293014653197, 52.0765269539805], [-0.727855410566951, 52.0768541022155], [-0.728385286820873, 52.0778406407045], [-0.728186301099994, 52.0780392190484], [-0.727118987778651, 52.0778850356557], [-0.726391739023036, 52.0780755449316], [-0.726714139170842, 52.0787904558768], [-0.728329722639548, 52.0786483186298], [-0.729045170955286, 52.0781551055867], [-0.730458291724853, 52.0783635522513], [-0.730962340378769, 52.0784999678629], [-0.731877248548337, 52.0791472660705], [-0.732852778462431, 52.0793183791188], [-0.734201882615881, 52.0788392680464], [-0.738328681400705, 52.0798734806262], [-0.735146918064194, 52.0811293056643], [-0.734987811197754, 52.081192745369], [-0.734410478961591, 52.0804197175322], [-0.732352186877594, 52.0812871085694], [-0.732423008550977, 52.081502553734], [-0.731767783194598, 52.0815046040914], [-0.731479456834952, 52.0811560999327], [-0.729587865242294, 52.0813311337975], [-0.729715991244734, 52.080912012819], [-0.729088922119206, 52.0809768651248], [-0.729032707785236, 52.0806540540032], [-0.730874677631701, 52.080539047973], [-0.73135196747941, 52.0801755613561], [-0.730327911698462, 52.0797509555809], [-0.727224223015854, 52.0801040882112], [-0.726145732175189, 52.0810462849656], [-0.724817633314181, 52.0810850507774], [-0.726256990535191, 52.0822941575636], [-0.72576065445357, 52.0823000851997], [-0.724089859595376, 52.0829245046709], [-0.723438671856448, 52.0834342558992], [-0.722088439955319, 52.0833999520351], [-0.722164479931688, 52.0823754974429], [-0.723103829242727, 52.0818217273644], [-0.721546649005382, 52.0816699847684]]]}, "properties": {"LSOA21CD": "E01016791", "LSOA21NM": "Milton Keynes 004A", "LAT": 52.07893, "LONG": -0.72475, "fuel_poverty_rate_effective": 0.0473, "asset_total_mw": 0.0, "ec_count": 0.0, "population_effective": 1420, "deprivation_score": 7.386, "active": false}}, {"type": "Feature", "geometry": {"type": "Polygon", "coordinates": [[[-0.738328681400705, 52.0798734806262], [-0.734201882615881, 52.0788392680464], [-0.732852778462431, 52.0793183791188], [-0.731877248548337, 52.0791472660705], [-0.730962340378769, 52.0784999678629], [-0.730458291724853, 52.0783635522513], [-0.729045170955286, 52.0781551055867], [-0.728329722639548, 52.0786483186298], [-0.726714139170842, 52.0787904558768], [-0.726391739023036, 52.0780755449316], [-0.727118987778651, 52.0778850356557], [-0.728186301099994, 52.0780392190484], [-0.728385286820873, 52.0778406407045], [-0.727855410566951, 52.0768541022155], [-0.728293014653197, 52.0765269539805], [-0.727675694016688, 52.0760827973203], [-0.727105940626305, 52.0764733313312], [-0.725096524790433, 52.0759035594308], [-0.724863149562415, 52.0757328432074], [-0.725365405185606, 52.0752282696286], [-0.724594449472345, 52.0743790615695], [-0.726918378126858, 52.0736178169036], [-0.729078066177058, 52.0724679685857], [-0.729144104675893, 52.0725028548083], [-0.733264808656242, 52.0746389136166], [-0.74002729885182, 52.0783615642652], [-0.74091760541952, 52.0788778235554], [-0.739677186077558, 52.0796577276401], [-0.738328681400705, 52.0798734806262]]]}, "properties": {"LSOA21CD": "E01016792", "LSOA21NM": "Milton Keynes 004B", "LAT": 52.07615, "LONG": -0.73201, "fuel_poverty_rate_effective": 0.0409, "asset_total_mw": 0.0, "ec_count": 0.0, "population_effective": 1246, "deprivation_score": 5.609, "active": false}}, {"type": "Feature", "geometry": {"type": "Polygon", "coordinates": [[[-0.70878714377559, 52.0892529002073], [-0.708160246881485, 52.0891329537289], [-0.707341370422219, 52.0895948829028], [-0.706327661123104, 52.0893330220525], [-0.705424774356649, 52.0880471257258], [-0.702503394596356, 52.087227926779], [-0.701277353803168, 52.0865527721692], [-0.700841618873807, 52.0854738524387], [-0.697290475110656, 52.0851783486312], [-0.695592212338228, 52.0856638342612], [-0.696923733822691, 52.0820122652744], [-0.699492957020969, 52.0796016273408], [-0.703634680575884, 52.0777497116307], [-0.715465021858543, 52.0757478659727], [-0.716359047368504, 52.0756161211987], [-0.718287146874399, 52.0801116991347], [-0.716782213977811, 52.081081722014], [-0.716516195844913, 52.0816584327903], [-0.716768293030604, 52.0824902365327], [-0.715824531309728, 52.0826467613316], [-0.715918961614906, 52.0830459656636], [-0.717279286189118, 52.0833622013577], [-0.716834269211677, 52.0836659386477], [-0.718332907470949, 52.0844302251769], [-0.717775278303609, 52.0849466426986], [-0.714167393561898, 52.0840352823543], [-0.713916828793399, 52.0848452687337], [-0.714263392426246, 52.0849801236548], [-0.71359305261432, 52.0867546240511], [-0.714610199174674, 52.0878635405809], [-0.709456673389409, 52.0892717850494], [-0.707909081836654, 52.0914023577864], [-0.70878714377559, 52.0892529002073]]]}, "properties": {"LSOA21CD": "E01016793", "LSOA21NM": "Milton Keynes 004C", "LAT": 52.08346, "LONG": -0.70664, "fuel_poverty_rate_effective": 0.0675, "asset_total_mw": 0.0, "ec_count": 0.0, "population_effective": 2140, "deprivation_score": 7.418, "active": false}}, {"type": "Feature", "geometry": {"type": "Polygon", "coordinates": [[[-0.720935970979098, 52.0893495475907], [-0.72028582983155, 52.0885739083107], [-0.719977980812628, 52.0893706149671], [-0.719401046236704, 52.0893365299894], [-0.716849215189594, 52.0879415944178], [-0.714610199174674, 52.0878635405809], [-0.71359305261432, 52.0867546240511], [-0.714263392426246, 52.0849801236548], [-0.713916828793399, 52.0848452687337], [-0.714167393561898, 52.0840352823543], [-0.717775278303609, 52.0849466426986], [-0.718332907470949, 52.0844302251769], [-0.716834269211677, 52.0836659386477], [-0.717279286189118, 52.0833622013577], [-0.715918961614906, 52.0830459656636], [-0.715824531309728, 52.0826467613316], [-0.716768293030604, 52.0824902365327], [-0.716516195844913, 52.0816584327903], [-0.716782213977811, 52.081081722014], [-0.718287146874399, 52.0801116991347], [-0.719397404889183, 52.0807316465582], [-0.719696037907507, 52.0805530061492], [-0.721546649005382, 52.0816699847684], [-0.723103829242727, 52.0818217273644], [-0.722164479931688, 52.0823754974429], [-0.722088439955319, 52.0833999520351], [-0.723438671856448, 52.0834342558992], [-0.723959000292038, 52.0840330161906], [-0.722952426482768, 52.0845712840952], [-0.722671859586869, 52.0853060325648], [-0.723309016744247, 52.0854687024529], [-0.723862391002548, 52.0852381372455], [-0.724847015110393, 52.085981503075], [-0.725359215585414, 52.0861538551822], [-0.725688138994284, 52.0866386514592], [-0.725002063795374, 52.087441684244], [-0.724240405840829, 52.0874828109397], [-0.722985418816397, 52.0884323276898], [-0.724540385292998, 52.0889605557322], [-0.723446856805606, 52.0901673978246], [-0.72264482811179, 52.0896615326885], [-0.720935970979098, 52.0893495475907]]]}, "properties": {"LSOA21CD": "E01016794", "LSOA21NM": "Milton Keynes 004D", "LAT": 52.085, "LONG": -0.71969, "fuel_poverty_rate_effective": 0.0868999999999999, "asset_total_mw": 0.0, "ec_count": 0.0, "population_effective": 1710, "deprivation_score": 7.281, "active": false}}, {"type": "Feature", "geometry": {"type": "Polygon", "coordinates": [[[-0.728920699476489, 52.0879726720729], [-0.725600214763302, 52.0871568591254], [-0.725002063795374, 52.087441684244], [-0.725688138994284, 52.0866386514592], [-0.725359215585414, 52.0861538551822], [-0.724847015110393, 52.085981503075], [-0.723862391002548, 52.0852381372455], [-0.723309016744247, 52.0854687024529], [-0.722671859586869, 52.0853060325648], [-0.722952426482768, 52.0845712840952], [-0.723959000292038, 52.0840330161906], [-0.723438671856448, 52.0834342558992], [-0.724089859595376, 52.0829245046709], [-0.72576065445357, 52.0823000851997], [-0.726256990535191, 52.0822941575636], [-0.724817633314181, 52.0810850507774], [-0.726145732175189, 52.0810462849656], [-0.727224223015854, 52.0801040882112], [-0.730327911698462, 52.0797509555809], [-0.73135196747941, 52.0801755613561], [-0.730874677631701, 52.080539047973], [-0.729032707785236, 52.0806540540032], [-0.729088922119206, 52.0809768651248], [-0.729715991244734, 52.080912012819], [-0.729587865242294, 52.0813311337975], [-0.731479456834952, 52.0811560999327], [-0.731767783194598, 52.0815046040914], [-0.731111937388765, 52.0818709802391], [-0.731512743260411, 52.0822435056273], [-0.730216754099744, 52.0827546467266], [-0.72986155294902, 52.082526494338], [-0.728809450231204, 52.0828313778624], [-0.728470422350448, 52.0824845224119], [-0.727981544660114, 52.0826696284551], [-0.72883943793957, 52.0836225403185], [-0.728135117401886, 52.083886558206], [-0.728152154378729, 52.0839115316257], [-0.728723951395937, 52.0851840886809], [-0.728519286708283, 52.0863471668167], [-0.729772128501511, 52.0870507683353], [-0.728920699476489, 52.0879726720729]]]}, "properties": {"LSOA21CD": "E01016795", "LSOA21NM": "Milton Keynes 004E", "LAT": 52.08383, "LONG": -0.72721, "fuel_poverty_rate_effective": 0.0988, "asset_total_mw": 0.0, "ec_count": 0.0, "population_effective": 1529, "deprivation_score": 9.333, "active": false}}, {"type": "Feature", "geometry": {"type": "Polygon", "coordinates": [[[-0.706344260273608, 52.1617826169982], [-0.704814051954982, 52.1604773449629], [-0.704397020557196, 52.1607141318824], [-0.702197146132461, 52.1596367742814], [-0.701845155397879, 52.1592395143787], [-0.700830846075791, 52.1590402889322], [-0.69974214120576, 52.1594591271955], [-0.698451100807566, 52.1593390481105], [-0.697789256309617, 52.1590650279673], [-0.698064551408832, 52.1588170789313], [-0.696199455710192, 52.1578708380275], [-0.694736294685535, 52.1557363311124], [-0.697839452470902, 52.1562742297017], [-0.699627035380521, 52.1556687211758], [-0.700137565056016, 52.1558043840455], [-0.700064662046921, 52.1539194774642], [-0.699284821697175, 52.1544157781275], [-0.698568757945992, 52.1539331682901], [-0.699469497034797, 52.1523955569496], [-0.700563287461707, 52.1525800436686], [-0.700292528639719, 52.1531291374596], [-0.700982528574749, 52.1536464311623], [-0.702543882039237, 52.1535789724441], [-0.703585182344751, 52.1536187554309], [-0.703439084580035, 52.1561347738437], [-0.703996641675854, 52.1561374311899], [-0.704278077491648, 52.1566880146979], [-0.703870625890507, 52.1570729047592], [-0.704364066349657, 52.1576173476235], [-0.705475119237022, 52.1576152781696], [-0.705503295118494, 52.1571226745586], [-0.70883968547529, 52.1574327582312], [-0.709051480100218, 52.1581834191647], [-0.708474906902489, 52.1581969690404], [-0.708218923700719, 52.1596244846697], [-0.70786584684418, 52.1594721678109], [-0.706697496351677, 52.1597657018035], [-0.706431663554103, 52.1602462042793], [-0.707130492175312, 52.1609649709476], [-0.706344260273608, 52.1617826169982]]]}, "properties": {"LSOA21CD": "E01016796", "LSOA21NM": "Milton Keynes 001A", "LAT": 52.15642, "LONG": -0.70195, "fuel_poverty_rate_effective": 0.1079, "asset_total_mw": 0.0, "ec_count": 0.0, "population_effective": 1730, "deprivation_score": 4.332, "active": false}}, {"type": "Feature", "geometry": {"type": "Polygon", "coordinates": [[[-0.676562170044893, 52.1624575103984], [-0.676170119836451, 52.1619270898556], [-0.675446603720448, 52.1619217541989], [-0.675848208487475, 52.1613814325477], [-0.675754386001461, 52.157549890471], [-0.67470637051435, 52.1556723720969], [-0.672680696650412, 52.153003417169], [-0.671660210129212, 52.1530072313312], [-0.671168501179633, 52.1515531318275], [-0.669348574763178, 52.1497478935514], [-0.669670087955892, 52.1486140834876], [-0.66662252437516, 52.1470133165309], [-0.666884572045735, 52.1466502965009], [-0.664489707254474, 52.1454045430335], [-0.663453126600476, 52.1457680854268], [-0.664841385690772, 52.1470875784377], [-0.663602965647475, 52.147492503601], [-0.661450557304551, 52.1475804894693], [-0.658078396988355, 52.1460324449241], [-0.657581599751808, 52.1473035926853], [-0.654657805878738, 52.1470276347112], [-0.653217102596828, 52.1462009799498], [-0.651175822938154, 52.1456939438116], [-0.651288142041645, 52.1448778489585], [-0.649646249747067, 52.1443816973621], [-0.650397684597008, 52.1426226232521], [-0.652767436946329, 52.1434677770646], [-0.654117192149229, 52.1417308385701], [-0.652731727342362, 52.1412599921335], [-0.652819993627931, 52.1407100042131], [-0.649766074576109, 52.1396330099518], [-0.648824380438896, 52.1419301375393], [-0.646744597505129, 52.1418425433008], [-0.646404557595485, 52.1390793543508], [-0.634622922857498, 52.137971597918], [-0.629851687348964, 52.1373150802753], [-0.628929509674129, 52.1369370153737], [-0.627139854133607, 52.135283092618], [-0.630974005161645, 52.1353502000491], [-0.632497480938653, 52.1349990486754], [-0.635587427927275, 52.1348139541676], [-0.638036209072545, 52.1355305855335], [-0.640720396541692, 52.1356702293304], [-0.641938027091349, 52.1360056739498], [-0.64385160439939, 52.1355716362711], [-0.646999449423267, 52.1332787541502], [-0.652185676171498, 52.1330098527276], [-0.655333691822745, 52.1336607876172], [-0.655157323165945, 52.1347283067378], [-0.65568204200072, 52.13557538119], [-0.657903057070145, 52.1356172283647], [-0.659919616190707, 52.1377570064149], [-0.661129493031412, 52.1386468267122], [-0.662452695655077, 52.1390500103418], [-0.665078480259244, 52.1391849118658], [-0.66939958232177, 52.1384173732616], [-0.672091303133673, 52.1384985588458], [-0.673870721107567, 52.138106261154], [-0.67407636110307, 52.1387565567044], [-0.674632168082502, 52.1389554933092], [-0.676167613478865, 52.1385321548571], [-0.679274652032279, 52.1384505153016], [-0.680743605072355, 52.1380960536746], [-0.682352281463319, 52.1382983670912], [-0.684884973074753, 52.1381203723993], [-0.68636031141354, 52.1383538809998], [-0.689354894832856, 52.1398044631793], [-0.691926472465288, 52.1404520553232], [-0.691700557764498, 52.1408839202137], [-0.693703325511108, 52.1433998467285], [-0.69499544412606, 52.1433369246299], [-0.695341022174173, 52.1430599074929], [-0.695782256683907, 52.1453737720883], [-0.696425660475324, 52.1454078695561], [-0.699395297808907, 52.1480075893733], [-0.696947792213442, 52.1483615358411], [-0.700759687657518, 52.1488959195202], [-0.703507375595132, 52.1497754951032], [-0.704801027851516, 52.1499985728871], [-0.705367224890914, 52.1496039848291], [-0.704151414916738, 52.1511594855579], [-0.704587339397257, 52.1517023251646], [-0.705172378316432, 52.1518109199787], [-0.705053423077151, 52.1523850690663], [-0.706291019027737, 52.152456043868], [-0.706362313878753, 52.1527884588471], [-0.705359653647762, 52.1530754075108], [-0.706088279291455, 52.1536403720361], [-0.706278348640472, 52.1545792977189], [-0.705901904661564, 52.1547740683678], [-0.705976660989693, 52.1541239322403], [-0.704637314631539, 52.1541153742299], [-0.703585182344751, 52.1536187554309], [-0.702543882039237, 52.1535789724441], [-0.700982528574749, 52.1536464311623], [-0.700292528639719, 52.1531291374596], [-0.700563287461707, 52.1525800436686], [-0.699469497034797, 52.1523955569496], [-0.698568757945992, 52.1539331682901], [-0.699284821697175, 52.1544157781275], [-0.700064662046921, 52.1539194774642], [-0.700137565056016, 52.1558043840455], [-0.699627035380521, 52.1556687211758], [-0.697839452470902, 52.1562742297017], [-0.694736294685535, 52.1557363311124], [-0.696199455710192, 52.1578708380275], [-0.698064551408832, 52.1588170789313], [-0.697789256309617, 52.1590650279673], [-0.698451100807566, 52.1593390481105], [-0.69974214120576, 52.1594591271955], [-0.700830846075791, 52.1590402889322], [-0.701845155397879, 52.1592395143787], [-0.702197146132461, 52.1596367742814], [-0.704397020557196, 52.1607141318824], [-0.704676724759548, 52.1609514769559], [-0.70354048986568, 52.1618938516512], [-0.70341560015993, 52.1627532956098], [-0.7018762152687, 52.1626801394237], [-0.700849872159086, 52.1622294704636], [-0.698767970546973, 52.1618332839492], [-0.697673145055868, 52.1608348794898], [-0.692665103144065, 52.1605451201646], [-0.693028708174441, 52.1614139154319], [-0.692537782200885, 52.1620000782939], [-0.691816823467454, 52.1622033839798], [-0.69050572664555, 52.1618398569644], [-0.688487797279316, 52.1625548636739], [-0.684571224982938, 52.1637852438881], [-0.680431123962019, 52.1633281941619], [-0.679215730261921, 52.1626977014656], [-0.676562170044893, 52.1624575103984]]]}, "properties": {"LSOA21CD": "E01016797", "LSOA21NM": "Milton Keynes 001B", "LAT": 52.14857, "LONG": -0.68419, "fuel_poverty_rate_effective": 0.1008, "asset_total_mw": 0.0, "ec_count": 0.0, "population_effective": 1768, "deprivation_score": 8.888, "active": false}}, {"type": "Feature", "geometry": {"type": "Polygon", "coordinates": [[[-0.711011067066112, 52.1848097490493], [-0.710876752831931, 52.1831771897158], [-0.705911547381052, 52.183565224653], [-0.705073763600441, 52.1831056228623], [-0.702426795309196, 52.1831826010443], [-0.702289296480707, 52.1845476535727], [-0.699467114141198, 52.1854580059906], [-0.699046540941743, 52.1836399018081], [-0.697848232068118, 52.182849765184], [-0.699444521721953, 52.1815744305192], [-0.69923932562492, 52.1801776472016], [-0.698619645830599, 52.1795598430461], [-0.70116323089236, 52.1784445313752], [-0.70184718470537, 52.177007105519], [-0.700371165827033, 52.176073724039], [-0.699849525817423, 52.1738362599231], [-0.698977033237361, 52.173415847435], [-0.697117374553461, 52.1734060038952], [-0.694233113149304, 52.1713187167317], [-0.689927334923034, 52.1694097393609], [-0.688752896687191, 52.1683698361231], [-0.688557365132883, 52.1675126267876], [-0.689139614382713, 52.1673374441706], [-0.690002605678027, 52.1661430182394], [-0.68958689930414, 52.1658128817825], [-0.689996697907816, 52.1648958514442], [-0.689630518912536, 52.1645753464693], [-0.689993790976716, 52.1644481239973], [-0.689411752844554, 52.1641521411465], [-0.688487797279316, 52.1625548636739], [-0.69050572664555, 52.1618398569644], [-0.691816823467454, 52.1622033839798], [-0.692537782200885, 52.1620000782939], [-0.693028708174441, 52.1614139154319], [-0.692665103144065, 52.1605451201646], [-0.697673145055868, 52.1608348794898], [-0.698767970546973, 52.1618332839492], [-0.700849872159086, 52.1622294704636], [-0.7018762152687, 52.1626801394237], [-0.70341560015993, 52.1627532956098], [-0.70354048986568, 52.1618938516512], [-0.704676724759548, 52.1609514769559], [-0.704397020557196, 52.1607141318824], [-0.704814051954982, 52.1604773449629], [-0.706344260273608, 52.1617826169982], [-0.707130492175312, 52.1609649709476], [-0.706431663554103, 52.1602462042793], [-0.706697496351677, 52.1597657018035], [-0.70786584684418, 52.1594721678109], [-0.708218923700719, 52.1596244846697], [-0.708474906902489, 52.1581969690404], [-0.709051480100218, 52.1581834191647], [-0.70883968547529, 52.1574327582312], [-0.705503295118494, 52.1571226745586], [-0.705475119237022, 52.1576152781696], [-0.704364066349657, 52.1576173476235], [-0.703870625890507, 52.1570729047592], [-0.704278077491648, 52.1566880146979], [-0.703996641675854, 52.1561374311899], [-0.703439084580035, 52.1561347738437], [-0.703585182344751, 52.1536187554309], [-0.704637314631539, 52.1541153742299], [-0.703888136972372, 52.1546512954643], [-0.704476557240842, 52.1555191984816], [-0.705502167732131, 52.1556417429269], [-0.705984530510535, 52.1559760300429], [-0.705759095689281, 52.1561545369439], [-0.707423419462225, 52.1561221397997], [-0.70753862428848, 52.1551180739594], [-0.708286601082409, 52.1550233878322], [-0.710394371031888, 52.156004172076], [-0.709614397078101, 52.1566890367982], [-0.709950583337911, 52.1567296514665], [-0.70958162253067, 52.1570569960684], [-0.71010086524299, 52.157627619409], [-0.710722627911137, 52.157635955309], [-0.710962569635836, 52.1569765266598], [-0.711061534985815, 52.1555370208631], [-0.71291423668197, 52.1549435136378], [-0.713323253414255, 52.1542582223168], [-0.711704359326886, 52.1541442150465], [-0.712009029005671, 52.1534682723558], [-0.710902365409163, 52.1533213183052], [-0.711370559531314, 52.1522769311469], [-0.710899750339316, 52.1524143549491], [-0.71053593081709, 52.1519136612562], [-0.710066615608829, 52.1518915262139], [-0.710561318183975, 52.1515657346388], [-0.710029640276576, 52.1514250392376], [-0.710002557212955, 52.1510726005093], [-0.713667264539981, 52.1512115343913], [-0.713635029054009, 52.1527014758054], [-0.713000876446533, 52.1529485756684], [-0.713218959087187, 52.1531735213694], [-0.713713401499703, 52.1530641387368], [-0.71407957839805, 52.1549629868316], [-0.71266313468548, 52.1575232956699], [-0.712371754540983, 52.1583791063113], [-0.71086722947367, 52.1611255353583], [-0.709471586343347, 52.1618655565301], [-0.708739712101772, 52.1617978429466], [-0.707945821968428, 52.1615431421485], [-0.706749503666819, 52.1621718646796], [-0.709630347107533, 52.1659853771627], [-0.711021440888051, 52.1669267173895], [-0.714108592860944, 52.1673650294409], [-0.717210523349033, 52.1672909083427], [-0.725009810024922, 52.1654788495696], [-0.724773698735783, 52.1680867575732], [-0.72659098107821, 52.1699442951318], [-0.734413318859697, 52.1699530355228], [-0.736953930814391, 52.1704072294436], [-0.738892807727919, 52.171281327049], [-0.738750673600931, 52.1722365393744], [-0.737430220211169, 52.1736681966519], [-0.734731599628919, 52.1734999298669], [-0.729260287907191, 52.1794732341556], [-0.725488971871207, 52.1808759247811], [-0.720738445092217, 52.1819019654163], [-0.719008068757892, 52.1825652963243], [-0.716181856917533, 52.1853215218826], [-0.713987493973189, 52.1866602259278], [-0.711011067066112, 52.1848097490493]]]}, "properties": {"LSOA21CD": "E01016798", "LSOA21NM": "Milton Keynes 001C", "LAT": 52.16882, "LONG": -0.70733, "fuel_poverty_rate_effective": 0.0486, "asset_total_mw": 0.0, "ec_count": 0.0, "population_effective": 1964, "deprivation_score": 2.795, "active": false}}, {"type": "Feature", "geometry": {"type": "Polygon", "coordinates": [[[-0.736953930814391, 52.1704072294436], [-0.734413318859697, 52.1699530355228], [-0.72659098107821, 52.1699442951318], [-0.724773698735783, 52.1680867575732], [-0.725009810024922, 52.1654788495696], [-0.717210523349033, 52.1672909083427], [-0.714108592860944, 52.1673650294409], [-0.711021440888051, 52.1669267173895], [-0.709630347107533, 52.1659853771627], [-0.706749503666819, 52.1621718646796], [-0.707945821968428, 52.1615431421485], [-0.708739712101772, 52.1617978429466], [-0.709471586343347, 52.1618655565301], [-0.71086722947367, 52.1611255353583], [-0.712371754540983, 52.1583791063113], [-0.71266313468548, 52.1575232956699], [-0.71407957839805, 52.1549629868316], [-0.713713401499703, 52.1530641387368], [-0.713218959087187, 52.1531735213694], [-0.713000876446533, 52.1529485756684], [-0.713635029054009, 52.1527014758054], [-0.713667264539981, 52.1512115343913], [-0.710002557212955, 52.1510726005093], [-0.710029640276576, 52.1514250392376], [-0.710561318183975, 52.1515657346388], [-0.710066615608829, 52.1518915262139], [-0.71053593081709, 52.1519136612562], [-0.710899750339316, 52.1524143549491], [-0.711370559531314, 52.1522769311469], [-0.710902365409163, 52.1533213183052], [-0.712009029005671, 52.1534682723558], [-0.711704359326886, 52.1541442150465], [-0.713323253414255, 52.1542582223168], [-0.71291423668197, 52.1549435136378], [-0.711061534985815, 52.1555370208631], [-0.710962569635836, 52.1569765266598], [-0.710722627911137, 52.157635955309], [-0.71010086524299, 52.157627619409], [-0.70958162253067, 52.1570569960684], [-0.709950583337911, 52.1567296514665], [-0.709614397078101, 52.1566890367982], [-0.710394371031888, 52.156004172076], [-0.708286601082409, 52.1550233878322], [-0.70753862428848, 52.1551180739594], [-0.707423419462225, 52.1561221397997], [-0.705759095689281, 52.1561545369439], [-0.705984530510535, 52.1559760300429], [-0.705502167732131, 52.1556417429269], [-0.704476557240842, 52.1555191984816], [-0.703888136972372, 52.1546512954643], [-0.704637314631539, 52.1541153742299], [-0.705976660989693, 52.1541239322403], [-0.705901904661564, 52.1547740683678], [-0.706278348640472, 52.1545792977189], [-0.706088279291455, 52.1536403720361], [-0.705359653647762, 52.1530754075108], [-0.706362313878753, 52.1527884588471], [-0.706291019027737, 52.152456043868], [-0.705053423077151, 52.1523850690663], [-0.705172378316432, 52.1518109199787], [-0.704587339397257, 52.1517023251646], [-0.704151414916738, 52.1511594855579], [-0.705367224890914, 52.1496039848291], [-0.708900501449977, 52.147637454411], [-0.709969737420743, 52.1464815204993], [-0.710838753320947, 52.1461055133366], [-0.711015652670217, 52.1455500285549], [-0.71221934533724, 52.1456156714479], [-0.713371666428947, 52.1450742926998], [-0.715541233759197, 52.1450025349298], [-0.716045255904513, 52.1445156140225], [-0.717368895826842, 52.1448129710876], [-0.718533003591534, 52.1441445253168], [-0.719360471912935, 52.1441162888679], [-0.720381775306722, 52.1439825422459], [-0.721688833489854, 52.1430869041178], [-0.722585421642037, 52.1439155612989], [-0.723481261198394, 52.1439820070159], [-0.725894092762142, 52.1418316566916], [-0.726182660351862, 52.1393488219663], [-0.728045136041105, 52.1362242488807], [-0.729697918174842, 52.1345733710325], [-0.729957636732223, 52.1337884576959], [-0.731265748749794, 52.1332201281707], [-0.732390298173384, 52.1319845576445], [-0.735259137815596, 52.1312013135415], [-0.74118945408131, 52.1315050613489], [-0.741636494752326, 52.1318739815545], [-0.743775178652392, 52.1320335407202], [-0.743594657113833, 52.1309184226703], [-0.74493733475706, 52.1307132961154], [-0.744885105761231, 52.1300627257267], [-0.746826446483492, 52.1299280531788], [-0.746930584319698, 52.1291394322761], [-0.749618096877639, 52.1286742921191], [-0.750254449777485, 52.1279081062162], [-0.751725706493743, 52.1272085187615], [-0.752531805483751, 52.1274414334889], [-0.754089065276325, 52.1270776506858], [-0.755713280486876, 52.1260825737163], [-0.759916965087205, 52.1276356208902], [-0.760145895332052, 52.1281817094736], [-0.759815842292128, 52.1284329877713], [-0.762229802347962, 52.129676412291], [-0.763749865944905, 52.1309893847551], [-0.764201955709168, 52.1317621816751], [-0.764227535930317, 52.1335792221457], [-0.764854107224688, 52.1344336471292], [-0.765955909967268, 52.1350106824854], [-0.767995862852321, 52.1352631808279], [-0.770790971991451, 52.137279621858], [-0.775067244309058, 52.1394447660236], [-0.780835680476091, 52.1444524073393], [-0.782325029928243, 52.1460945227744], [-0.786531369204502, 52.1482413224846], [-0.788771405640197, 52.1485400086594], [-0.79022648680148, 52.1483440484765], [-0.790446243027045, 52.1488469028364], [-0.789830255830183, 52.1499710542241], [-0.792091128859791, 52.1513294553876], [-0.790469642796147, 52.1521013545591], [-0.787714721766954, 52.1542407354198], [-0.786403022160027, 52.1565361163398], [-0.78418680810643, 52.1586756912472], [-0.783412242811161, 52.1602761601902], [-0.780312463189216, 52.163356660182], [-0.783095111019639, 52.1641875374452], [-0.783194467255627, 52.1659250862505], [-0.77951450403987, 52.1655901132879], [-0.777878129350273, 52.1687708781929], [-0.773590151930758, 52.1688883471124], [-0.765331496480897, 52.1710992278948], [-0.764140571306739, 52.1677994579713], [-0.762716856234837, 52.1663117695873], [-0.762746423344627, 52.1649802658292], [-0.762046887163014, 52.1634464911658], [-0.760976431405053, 52.1640070123391], [-0.75996164098952, 52.1656155150213], [-0.75719096511671, 52.1673289692291], [-0.755566864560498, 52.1676309990046], [-0.75353676349413, 52.1673845969474], [-0.750656486489992, 52.1676394071029], [-0.749734760960737, 52.1668767836316], [-0.746065843658235, 52.1688716781117], [-0.744795277736041, 52.1702796483289], [-0.742538975889972, 52.1709553960342], [-0.738892807727919, 52.171281327049], [-0.736953930814391, 52.1704072294436]]]}, "properties": {"LSOA21CD": "E01016799", "LSOA21NM": "Milton Keynes 001D", "LAT": 52.1487, "LONG": -0.74888, "fuel_poverty_rate_effective": 0.0926999999999999, "asset_total_mw": 0.0, "ec_count": 0.0, "population_effective": 2387, "deprivation_score": 9.995, "active": false}}, {"type": "Feature", "geometry": {"type": "Polygon", "coordinates": [[[-0.684654011478228, 52.1963360255171], [-0.681236594087245, 52.1957245504485], [-0.680022679920899, 52.1961415574668], [-0.67525562238558, 52.1958037711274], [-0.673425271564254, 52.1960665378108], [-0.668135903447934, 52.195034029345], [-0.667945118426459, 52.1940725613667], [-0.665990912936363, 52.1927310131129], [-0.661307348812751, 52.1917743333289], [-0.659335618013835, 52.1910260169737], [-0.657447634768348, 52.1897753851869], [-0.655584046568083, 52.189600471712], [-0.6509995753414, 52.1899655331363], [-0.64316038940172, 52.1888447054662], [-0.640857633647769, 52.1871665778329], [-0.639140142420526, 52.1866882119741], [-0.639778487931543, 52.1845069802649], [-0.639510251268641, 52.1834350224756], [-0.630293074498814, 52.1817808431358], [-0.627446329257092, 52.181545714506], [-0.629316768503523, 52.1787140776221], [-0.62772295219385, 52.1761897175257], [-0.628224746300989, 52.1725909320615], [-0.628927459923371, 52.1721935033714], [-0.630880221676138, 52.1719824057286], [-0.632272338847655, 52.1708478219698], [-0.634144866458141, 52.1692040799324], [-0.634907055750389, 52.167844365312], [-0.634489442591185, 52.1665727056309], [-0.633416300469195, 52.1660449545059], [-0.631105864793431, 52.163817062178], [-0.630072001304556, 52.1616887002346], [-0.629605973818185, 52.1595127836316], [-0.630831267796583, 52.1547560624216], [-0.635410408648152, 52.1532252026135], [-0.640781856230794, 52.1527720356183], [-0.640428949795759, 52.1519101148288], [-0.639578711287006, 52.1514213787288], [-0.636032147841038, 52.1475096674962], [-0.637835724688692, 52.1463725954583], [-0.637879649553528, 52.1458308122489], [-0.636390626076828, 52.1437716280082], [-0.63436217206762, 52.142392337944], [-0.634928634586433, 52.1411617634266], [-0.635597554867721, 52.1412029528804], [-0.635451798472045, 52.1392535559988], [-0.634941592240657, 52.1391984887114], [-0.634622922857498, 52.137971597918], [-0.646404557595485, 52.1390793543508], [-0.646744597505129, 52.1418425433008], [-0.648824380438896, 52.1419301375393], [-0.649766074576109, 52.1396330099518], [-0.652819993627931, 52.1407100042131], [-0.652731727342362, 52.1412599921335], [-0.654117192149229, 52.1417308385701], [-0.652767436946329, 52.1434677770646], [-0.650397684597008, 52.1426226232521], [-0.649646249747067, 52.1443816973621], [-0.651288142041645, 52.1448778489585], [-0.651175822938154, 52.1456939438116], [-0.653217102596828, 52.1462009799498], [-0.654657805878738, 52.1470276347112], [-0.657581599751808, 52.1473035926853], [-0.658078396988355, 52.1460324449241], [-0.661450557304551, 52.1475804894693], [-0.663602965647475, 52.147492503601], [-0.664841385690772, 52.1470875784377], [-0.663453126600476, 52.1457680854268], [-0.664489707254474, 52.1454045430335], [-0.666884572045735, 52.1466502965009], [-0.66662252437516, 52.1470133165309], [-0.669670087955892, 52.1486140834876], [-0.669348574763178, 52.1497478935514], [-0.671168501179633, 52.1515531318275], [-0.671660210129212, 52.1530072313312], [-0.672680696650412, 52.153003417169], [-0.67470637051435, 52.1556723720969], [-0.675754386001461, 52.157549890471], [-0.675848208487475, 52.1613814325477], [-0.675446603720448, 52.1619217541989], [-0.676170119836451, 52.1619270898556], [-0.676562170044893, 52.1624575103984], [-0.679215730261921, 52.1626977014656], [-0.680431123962019, 52.1633281941619], [-0.684571224982938, 52.1637852438881], [-0.688487797279316, 52.1625548636739], [-0.689411752844554, 52.1641521411465], [-0.689993790976716, 52.1644481239973], [-0.689630518912536, 52.1645753464693], [-0.689996697907816, 52.1648958514442], [-0.68958689930414, 52.1658128817825], [-0.690002605678027, 52.1661430182394], [-0.689139614382713, 52.1673374441706], [-0.688557365132883, 52.1675126267876], [-0.688752896687191, 52.1683698361231], [-0.689927334923034, 52.1694097393609], [-0.694233113149304, 52.1713187167317], [-0.697117374553461, 52.1734060038952], [-0.698977033237361, 52.173415847435], [-0.699849525817423, 52.1738362599231], [-0.700371165827033, 52.176073724039], [-0.70184718470537, 52.177007105519], [-0.70116323089236, 52.1784445313752], [-0.698619645830599, 52.1795598430461], [-0.69923932562492, 52.1801776472016], [-0.699444521721953, 52.1815744305192], [-0.697848232068118, 52.182849765184], [-0.699046540941743, 52.1836399018081], [-0.699467114141198, 52.1854580059906], [-0.702289296480707, 52.1845476535727], [-0.702426795309196, 52.1831826010443], [-0.705073763600441, 52.1831056228623], [-0.705911547381052, 52.183565224653], [-0.710876752831931, 52.1831771897158], [-0.711011067066112, 52.1848097490493], [-0.713987493973189, 52.1866602259278], [-0.711262548844185, 52.1883686073787], [-0.708662421800579, 52.1887915724432], [-0.70504381625828, 52.1907866338691], [-0.70545508852767, 52.1915708877507], [-0.701671492411906, 52.1933084587495], [-0.696338928265816, 52.1943044361424], [-0.69407962943524, 52.1952656806543], [-0.686629153246517, 52.1958143369434], [-0.684654011478228, 52.1963360255171]]]}, "properties": {"LSOA21CD": "E01016800", "LSOA21NM": "Milton Keynes 001E", "LAT": 52.17412, "LONG": -0.67099, "fuel_poverty_rate_effective": 0.1258, "asset_total_mw": 0.0, "ec_count": 0.0, "population_effective": 1996, "deprivation_score": 7.833, "active": false}}, {"type": "Feature", "geometry": {"type": "Polygon", "coordinates": [[[-0.696425660475324, 52.1454078695561], [-0.695782256683907, 52.1453737720883], [-0.695341022174173, 52.1430599074929], [-0.69499544412606, 52.1433369246299], [-0.693703325511108, 52.1433998467285], [-0.691700557764498, 52.1408839202137], [-0.691926472465288, 52.1404520553232], [-0.689354894832856, 52.1398044631793], [-0.68636031141354, 52.1383538809998], [-0.684884973074753, 52.1381203723993], [-0.682352281463319, 52.1382983670912], [-0.680743605072355, 52.1380960536746], [-0.679274652032279, 52.1384505153016], [-0.676167613478865, 52.1385321548571], [-0.674632168082502, 52.1389554933092], [-0.67407636110307, 52.1387565567044], [-0.673870721107567, 52.138106261154], [-0.672091303133673, 52.1384985588458], [-0.66939958232177, 52.1384173732616], [-0.665078480259244, 52.1391849118658], [-0.662452695655077, 52.1390500103418], [-0.661129493031412, 52.1386468267122], [-0.659919616190707, 52.1377570064149], [-0.657903057070145, 52.1356172283647], [-0.65568204200072, 52.13557538119], [-0.655157323165945, 52.1347283067378], [-0.655333691822745, 52.1336607876172], [-0.652185676171498, 52.1330098527276], [-0.646999449423267, 52.1332787541502], [-0.64385160439939, 52.1355716362711], [-0.641938027091349, 52.1360056739498], [-0.640720396541692, 52.1356702293304], [-0.638036209072545, 52.1355305855335], [-0.635587427927275, 52.1348139541676], [-0.632497480938653, 52.1349990486754], [-0.632984517532095, 52.1324404259608], [-0.636728830746898, 52.1323631575289], [-0.639735695038894, 52.1330712982505], [-0.644078632308974, 52.1333873009076], [-0.650326914638682, 52.1326316689104], [-0.649822311311852, 52.130958075788], [-0.646064449502488, 52.1302498149753], [-0.644725684048671, 52.1253487230103], [-0.641802982291923, 52.1232678687005], [-0.643926268766423, 52.1224785706254], [-0.643147612602056, 52.1214689526941], [-0.641110472700832, 52.1202973523533], [-0.639919584303392, 52.1190230740236], [-0.639738691956915, 52.1184428840047], [-0.641787233769688, 52.1168174512762], [-0.643776593205885, 52.1143696072094], [-0.640265788837939, 52.1119637624119], [-0.642126057375865, 52.1109520424728], [-0.641646605951649, 52.1105410884149], [-0.643369758177488, 52.1103001367801], [-0.643279334559046, 52.1101019342033], [-0.642033877421546, 52.1085630252194], [-0.640908711556866, 52.1089779622922], [-0.637015382422889, 52.1064444455284], [-0.640103287785567, 52.103620966192], [-0.641324531158491, 52.1050402524846], [-0.644331030151993, 52.106571595796], [-0.647862602241181, 52.1080921479895], [-0.648442873035693, 52.1092892082523], [-0.651670455143342, 52.1088379437475], [-0.655046877559862, 52.109169496596], [-0.656437039093414, 52.108829331749], [-0.659698199039906, 52.1086685882287], [-0.662360794274262, 52.1091744503184], [-0.662644666672774, 52.1096063716172], [-0.663172064076402, 52.1093176957771], [-0.663893445088682, 52.1093939880689], [-0.663930163543509, 52.1097837652803], [-0.66437656479743, 52.109795162097], [-0.666984347489527, 52.1089282016136], [-0.670337572279477, 52.1066976447815], [-0.671860889213318, 52.1052006787616], [-0.672440127256926, 52.103702073304], [-0.673482149614345, 52.1025359943238], [-0.675743341069779, 52.1016586338275], [-0.676187105863468, 52.1007700021892], [-0.675698036819956, 52.099936516223], [-0.676102046906585, 52.099542780254], [-0.67347014080152, 52.0978148086918], [-0.671470519116757, 52.0972186111185], [-0.670342133319562, 52.0961189972901], [-0.668996310961947, 52.0957217221624], [-0.668444456537925, 52.0940152502438], [-0.668651224572582, 52.0932445043169], [-0.669670154595936, 52.0924053752782], [-0.671967643197817, 52.0918729638791], [-0.674291346454474, 52.0908857845817], [-0.67419349993976, 52.0902921351934], [-0.675546536946682, 52.0898101552574], [-0.675479040435582, 52.0891773685688], [-0.676794491513514, 52.0883748246708], [-0.679005117837791, 52.086912548949], [-0.681233074411678, 52.0873338907662], [-0.682380396374768, 52.086830716845], [-0.68239900062704, 52.0862446944837], [-0.684301297709057, 52.0845864474075], [-0.685623433269873, 52.0845409089461], [-0.685708073511579, 52.0847494857851], [-0.686483883784771, 52.0843292746322], [-0.687925863656436, 52.0850402877721], [-0.688250301810833, 52.084499043463], [-0.68905321108621, 52.0843516020248], [-0.690231539556796, 52.084871691912], [-0.690711995683093, 52.0859585652166], [-0.692533929911429, 52.086055196279], [-0.693057038136848, 52.0865717756678], [-0.693841369319537, 52.0864049993875], [-0.694021890987439, 52.0857201774044], [-0.695592212338228, 52.0856638342612], [-0.697290475110656, 52.0851783486312], [-0.700841618873807, 52.0854738524387], [-0.701277353803168, 52.0865527721692], [-0.702503394596356, 52.087227926779], [-0.705424774356649, 52.0880471257258], [-0.706327661123104, 52.0893330220525], [-0.707341370422219, 52.0895948829028], [-0.708160246881485, 52.0891329537289], [-0.70878714377559, 52.0892529002073], [-0.707909081836654, 52.0914023577864], [-0.709456673389409, 52.0892717850494], [-0.708078792906559, 52.0914177017996], [-0.706675542517182, 52.0917852887988], [-0.706186478625349, 52.0914877268245], [-0.704615599013408, 52.0920513665974], [-0.703900575493953, 52.0922961140106], [-0.703729679914431, 52.0929047771341], [-0.705557568638851, 52.0966731672182], [-0.708521247971238, 52.0985945451129], [-0.711821406152035, 52.0998353931352], [-0.713557122365873, 52.100855924104], [-0.714912983431256, 52.1009740016539], [-0.716070589741509, 52.1014307957254], [-0.717589593730954, 52.1033039280935], [-0.717333257148365, 52.1038262627435], [-0.718701446194076, 52.1043895818988], [-0.721343695114091, 52.1066588649859], [-0.722905293595329, 52.1064302564359], [-0.723549642572467, 52.1066683388367], [-0.727381502497004, 52.1092246376898], [-0.728665422489577, 52.1104990812974], [-0.727320309474274, 52.1130128857757], [-0.727501256393891, 52.1140001975762], [-0.726954547731753, 52.1162285888139], [-0.718929514128186, 52.1220910782873], [-0.715007540648135, 52.1161360711089], [-0.713320739795346, 52.1126193802945], [-0.713665844572545, 52.1107430718418], [-0.715845058280506, 52.1052950339227], [-0.707971551901486, 52.1052747022486], [-0.705551864822279, 52.1070335682213], [-0.703550477135963, 52.1075468331249], [-0.702928676382504, 52.1083246349296], [-0.701793177120308, 52.1084203403002], [-0.700037787969039, 52.1091960754316], [-0.700013070521278, 52.1106163211997], [-0.702364049748974, 52.1098117318168], [-0.702869377469225, 52.1099954795943], [-0.702500887993414, 52.1102266724904], [-0.703669282607078, 52.1099039262455], [-0.703390101813613, 52.1098058962449], [-0.704263756018959, 52.1093202701675], [-0.704162713811158, 52.108478695663], [-0.704451070770202, 52.1083009945884], [-0.704918394405039, 52.108622961881], [-0.705708367742856, 52.110591643598], [-0.704975796812532, 52.1147104140052], [-0.701904832244115, 52.1188754157118], [-0.701552455952071, 52.1220579519068], [-0.701729193987407, 52.1221094133545], [-0.701547531664576, 52.1225821414051], [-0.704744601673231, 52.1246160189587], [-0.705639964680433, 52.1267388192872], [-0.705193138444809, 52.1268301446686], [-0.705528232917018, 52.1285772136331], [-0.704785483817127, 52.1288001314046], [-0.706772889369559, 52.130595942977], [-0.710516232054285, 52.1304338112045], [-0.712550122646563, 52.1307499146097], [-0.716534545822857, 52.1318329026572], [-0.719354525235856, 52.1355528426272], [-0.717800689405669, 52.1370040979834], [-0.716743008449921, 52.1399525977592], [-0.717821283256996, 52.1424001617404], [-0.719360471912935, 52.1441162888679], [-0.718533003591534, 52.1441445253168], [-0.717368895826842, 52.1448129710876], [-0.716045255904513, 52.1445156140225], [-0.715541233759197, 52.1450025349298], [-0.713371666428947, 52.1450742926998], [-0.71221934533724, 52.1456156714479], [-0.711015652670217, 52.1455500285549], [-0.710838753320947, 52.1461055133366], [-0.709969737420743, 52.1464815204993], [-0.708900501449977, 52.147637454411], [-0.705367224890914, 52.1496039848291], [-0.704801027851516, 52.1499985728871], [-0.703507375595132, 52.1497754951032], [-0.700759687657518, 52.1488959195202], [-0.696947792213442, 52.1483615358411], [-0.699395297808907, 52.1480075893733], [-0.696425660475324, 52.1454078695561]]]}, "properties": {"LSOA21CD": "E01016801", "LSOA21NM": "Milton Keynes 002D", "LAT": 52.11266, "LONG": -0.68084, "fuel_poverty_rate_effective": 0.1374, "asset_total_mw": 0.0, "ec_count": 0.0, "population_effective": 1336, "deprivation_score": 9.062, "active": false}}, {"type": "Feature", "geometry": {"type": "Polygon", "coordinates": [[[-0.79970792455114, 52.1570645194365], [-0.798917049053976, 52.1553678260573], [-0.796853432797468, 52.153403704659], [-0.794097281609237, 52.1540471526276], [-0.793873794934358, 52.1532475033148], [-0.794259006739935, 52.1523623087964], [-0.793562697180211, 52.1522835385947], [-0.792091128859791, 52.1513294553876], [-0.789830255830183, 52.1499710542241], [-0.790446243027045, 52.1488469028364], [-0.79022648680148, 52.1483440484765], [-0.788771405640197, 52.1485400086594], [-0.786531369204502, 52.1482413224846], [-0.782325029928243, 52.1460945227744], [-0.780835680476091, 52.1444524073393], [-0.775067244309058, 52.1394447660236], [-0.770790971991451, 52.137279621858], [-0.767995862852321, 52.1352631808279], [-0.765955909967268, 52.1350106824854], [-0.764854107224688, 52.1344336471292], [-0.764227535930317, 52.1335792221457], [-0.764201955709168, 52.1317621816751], [-0.763749865944905, 52.1309893847551], [-0.762229802347962, 52.129676412291], [-0.759815842292128, 52.1284329877713], [-0.760145895332052, 52.1281817094736], [-0.759916965087205, 52.1276356208902], [-0.755713280486876, 52.1260825737163], [-0.754089065276325, 52.1270776506858], [-0.752531805483751, 52.1274414334889], [-0.751725706493743, 52.1272085187615], [-0.750254449777485, 52.1279081062162], [-0.749618096877639, 52.1286742921191], [-0.746930584319698, 52.1291394322761], [-0.746826446483492, 52.1299280531788], [-0.744885105761231, 52.1300627257267], [-0.74493733475706, 52.1307132961154], [-0.743594657113833, 52.1309184226703], [-0.743775178652392, 52.1320335407202], [-0.741636494752326, 52.1318739815545], [-0.74118945408131, 52.1315050613489], [-0.735259137815596, 52.1312013135415], [-0.732390298173384, 52.1319845576445], [-0.731265748749794, 52.1332201281707], [-0.729957636732223, 52.1337884576959], [-0.729697918174842, 52.1345733710325], [-0.728045136041105, 52.1362242488807], [-0.726182660351862, 52.1393488219663], [-0.725894092762142, 52.1418316566916], [-0.723481261198394, 52.1439820070159], [-0.722585421642037, 52.1439155612989], [-0.721688833489854, 52.1430869041178], [-0.720381775306722, 52.1439825422459], [-0.719360471912935, 52.1441162888679], [-0.717821283256996, 52.1424001617404], [-0.716743008449921, 52.1399525977592], [-0.717800689405669, 52.1370040979834], [-0.719354525235856, 52.1355528426272], [-0.716534545822857, 52.1318329026572], [-0.712550122646563, 52.1307499146097], [-0.710516232054285, 52.1304338112045], [-0.706772889369559, 52.130595942977], [-0.704785483817127, 52.1288001314046], [-0.705528232917018, 52.1285772136331], [-0.705193138444809, 52.1268301446686], [-0.705639964680433, 52.1267388192872], [-0.704744601673231, 52.1246160189587], [-0.701547531664576, 52.1225821414051], [-0.701729193987407, 52.1221094133545], [-0.701552455952071, 52.1220579519068], [-0.701904832244115, 52.1188754157118], [-0.704975796812532, 52.1147104140052], [-0.705708367742856, 52.110591643598], [-0.704918394405039, 52.108622961881], [-0.704451070770202, 52.1083009945884], [-0.704162713811158, 52.108478695663], [-0.704263756018959, 52.1093202701675], [-0.703390101813613, 52.1098058962449], [-0.703669282607078, 52.1099039262455], [-0.702500887993414, 52.1102266724904], [-0.702869377469225, 52.1099954795943], [-0.702364049748974, 52.1098117318168], [-0.700013070521278, 52.1106163211997], [-0.700037787969039, 52.1091960754316], [-0.701793177120308, 52.1084203403002], [-0.702928676382504, 52.1083246349296], [-0.703550477135963, 52.1075468331249], [-0.705551864822279, 52.1070335682213], [-0.707971551901486, 52.1052747022486], [-0.715845058280506, 52.1052950339227], [-0.713665844572545, 52.1107430718418], [-0.713320739795346, 52.1126193802945], [-0.715007540648135, 52.1161360711089], [-0.718929514128186, 52.1220910782873], [-0.726954547731753, 52.1162285888139], [-0.727501256393891, 52.1140001975762], [-0.727320309474274, 52.1130128857757], [-0.728665422489577, 52.1104990812974], [-0.727381502497004, 52.1092246376898], [-0.723549642572467, 52.1066683388367], [-0.722905293595329, 52.1064302564359], [-0.721343695114091, 52.1066588649859], [-0.718701446194076, 52.1043895818988], [-0.717333257148365, 52.1038262627435], [-0.717589593730954, 52.1033039280935], [-0.716070589741509, 52.1014307957254], [-0.714912983431256, 52.1009740016539], [-0.713557122365873, 52.100855924104], [-0.711821406152035, 52.0998353931352], [-0.708521247971238, 52.0985945451129], [-0.705557568638851, 52.0966731672182], [-0.703729679914431, 52.0929047771341], [-0.703900575493953, 52.0922961140106], [-0.704615599013408, 52.0920513665974], [-0.706186478625349, 52.0914877268245], [-0.706675542517182, 52.0917852887988], [-0.708078792906559, 52.0914177017996], [-0.709456673389409, 52.0892717850494], [-0.714610199174674, 52.0878635405809], [-0.716849215189594, 52.0879415944178], [-0.719401046236704, 52.0893365299894], [-0.719977980812628, 52.0893706149671], [-0.72028582983155, 52.0885739083107], [-0.720935970979098, 52.0893495475907], [-0.721281812451002, 52.0896655881147], [-0.720983622525561, 52.0904116847836], [-0.722273090052866, 52.0905244177178], [-0.723264480945388, 52.0926117767923], [-0.724809230921654, 52.0933244489975], [-0.726310071768645, 52.0963034522597], [-0.727927369196277, 52.0973753915861], [-0.72798012310502, 52.0981356905258], [-0.729077251067076, 52.098668156188], [-0.728822068404898, 52.0991551276549], [-0.730743704467702, 52.1003605298483], [-0.730511396726371, 52.1013287778578], [-0.731975894405548, 52.1025711280538], [-0.732320874220911, 52.1021657490106], [-0.734247004705138, 52.1024946869121], [-0.736576272689158, 52.102168928], [-0.736741983869995, 52.1018585553338], [-0.737212053494705, 52.102177725769], [-0.738018443221536, 52.101766326553], [-0.738726560088714, 52.1018632767483], [-0.739045003290908, 52.1015237614833], [-0.738435248850486, 52.1013688688914], [-0.738505510542287, 52.1006728114511], [-0.73945160862915, 52.1003054743417], [-0.743613768645652, 52.0997070052147], [-0.745916312012398, 52.0989111423571], [-0.750080504220735, 52.0986276175447], [-0.751034402033063, 52.0984952481332], [-0.752800796061366, 52.097499405279], [-0.754133249673806, 52.0974385151534], [-0.75436001615686, 52.0976834009041], [-0.754822039928853, 52.0972775182359], [-0.756488520530703, 52.0969341129728], [-0.760480425203117, 52.095379780184], [-0.763046988302772, 52.0943580047131], [-0.766529130197949, 52.0955085975746], [-0.769440469064952, 52.0971707433173], [-0.771418366899544, 52.0969458635356], [-0.774200002290682, 52.0986566923479], [-0.776396690859201, 52.098406758818], [-0.776892718481889, 52.099504776383], [-0.778260980537281, 52.1005066398071], [-0.782938081029763, 52.1009531717257], [-0.787053060796151, 52.1037823938592], [-0.788918447451452, 52.1046741694732], [-0.79076215799364, 52.1063702220731], [-0.790327097504615, 52.1071571724448], [-0.789449107018109, 52.1075784274718], [-0.789055641564351, 52.109116941397], [-0.79049554090613, 52.110801710921], [-0.789098453426145, 52.1121738126389], [-0.790110766060334, 52.1127456207102], [-0.790539945104106, 52.1144957098756], [-0.792583732655191, 52.1172362350126], [-0.791521910786642, 52.1194564052432], [-0.792322453288204, 52.119889703198], [-0.793544038649577, 52.1214857839393], [-0.79284074007983, 52.1217869806101], [-0.793001254814887, 52.122334703428], [-0.792324578273707, 52.1225099703194], [-0.791790315540782, 52.1222696674323], [-0.789475616325129, 52.1226795087169], [-0.786677907983825, 52.123502902945], [-0.787828836276661, 52.1239855249603], [-0.789211994372272, 52.1241224043505], [-0.791772463500925, 52.12606831447], [-0.797225404934351, 52.1280981147463], [-0.801802961860689, 52.1292825795217], [-0.809790577870363, 52.130599826859], [-0.812847893389885, 52.1318867588361], [-0.817942670740654, 52.132811526714], [-0.818138014896599, 52.133177203209], [-0.814041358595816, 52.1424723206722], [-0.813551979537759, 52.143772889143], [-0.812684845994216, 52.1443522254347], [-0.812806326226772, 52.1457101212273], [-0.811531590889351, 52.1465532493048], [-0.810697291364913, 52.1476462388974], [-0.809182590056952, 52.1484922610084], [-0.809279142420256, 52.1500127368465], [-0.807211470190019, 52.1517027936776], [-0.806947310839392, 52.1528204884822], [-0.807588082971615, 52.1569790119012], [-0.806570965598039, 52.156906913531], [-0.805552997736852, 52.1573748102688], [-0.802672590817013, 52.1575495761948], [-0.801956644733455, 52.1586787282915], [-0.79970792455114, 52.1570645194365]]]}, "properties": {"LSOA21CD": "E01016802", "LSOA21NM": "Milton Keynes 002E", "LAT": 52.12307, "LONG": -0.74414, "fuel_poverty_rate_effective": 0.115, "asset_total_mw": 0.0, "ec_count": 0.0, "population_effective": 1444, "deprivation_score": 15.036, "active": false}}, {"type": "Feature", "geometry": {"type": "Polygon", "coordinates": [[[-0.627139854133607, 52.135283092618], [-0.618998861760063, 52.1330285212283], [-0.617630626638961, 52.1330449410688], [-0.614150943373064, 52.1338968517437], [-0.610088109299039, 52.1337395400998], [-0.607693597456609, 52.1339639398076], [-0.606714856057707, 52.1334321868522], [-0.604016079704071, 52.1302306863811], [-0.602122314956456, 52.1289324047446], [-0.598912378142529, 52.1257314757071], [-0.599009936237989, 52.1235952884588], [-0.597808500654522, 52.1219509748178], [-0.596926924078202, 52.1192223897833], [-0.597158936964094, 52.1174585376354], [-0.598016436584033, 52.1165164968919], [-0.597830249372753, 52.1156133501759], [-0.595731311604537, 52.1135779183149], [-0.593054467967477, 52.1122639786098], [-0.591810211788046, 52.1106918740745], [-0.593252312884963, 52.1104870699921], [-0.59713677233643, 52.1085666124389], [-0.598619451194175, 52.1068752009705], [-0.600352648550649, 52.1061423313837], [-0.600965410082122, 52.105369929989], [-0.601872182816608, 52.1050277851499], [-0.59675180410121, 52.1016845606469], [-0.598106229800337, 52.101033568915], [-0.602536237804805, 52.1001351629909], [-0.603959753622965, 52.0991246256274], [-0.604530300844572, 52.0958239055673], [-0.605979319202906, 52.0954825138282], [-0.607273932373157, 52.0945610386373], [-0.605791498954018, 52.0921192804759], [-0.608395822788949, 52.0911395650119], [-0.609711635414282, 52.0910404105218], [-0.611207934159139, 52.0901094653897], [-0.615172594291731, 52.0889476112128], [-0.616505613228175, 52.0882177006648], [-0.618594326293886, 52.0856078537863], [-0.622301904309958, 52.0838746822486], [-0.623383689739151, 52.0837422142975], [-0.624303404346947, 52.0842322131817], [-0.625819228548996, 52.0844567752373], [-0.628150408168963, 52.0821507739012], [-0.628903144177646, 52.0819683989985], [-0.631358304581976, 52.0809752495039], [-0.632425483587598, 52.0797492259548], [-0.633702719349008, 52.0790999935088], [-0.636090441468541, 52.0775375408663], [-0.637442208192635, 52.0756426624046], [-0.637273057298087, 52.0749672015642], [-0.638218491730249, 52.0736366799486], [-0.638239118206038, 52.0736080379879], [-0.638586652300993, 52.0716980055495], [-0.641629041924723, 52.0676864202421], [-0.643585813871053, 52.0667054373495], [-0.648627008740885, 52.0656596110489], [-0.651123293426682, 52.0640500026529], [-0.65341733788913, 52.0617403003771], [-0.654337639010469, 52.059539935839], [-0.6568523275876, 52.058005813173], [-0.65805101026028, 52.0567762819228], [-0.659132914224602, 52.0569632225541], [-0.661241365937453, 52.0539580065614], [-0.662129325559308, 52.0543510457647], [-0.663326726231165, 52.0525290990504], [-0.664077144910427, 52.0520156965693], [-0.665761694138905, 52.0515676505521], [-0.667644577505486, 52.0503947854233], [-0.66897591990724, 52.0487168041494], [-0.669376905024793, 52.0485795657836], [-0.675771733209356, 52.0507201403241], [-0.687086519179738, 52.0542877938385], [-0.693437981468393, 52.0562782857826], [-0.698704459242115, 52.0581756336811], [-0.710945431122815, 52.0634476205719], [-0.71690076763844, 52.0660616875497], [-0.720439758373924, 52.0678983160406], [-0.729078066177058, 52.0724679685857], [-0.726918378126858, 52.0736178169036], [-0.724594449472345, 52.0743790615695], [-0.721294536245805, 52.0749347368664], [-0.716359047368504, 52.0756161211987], [-0.715465021858543, 52.0757478659727], [-0.703634680575884, 52.0777497116307], [-0.699492957020969, 52.0796016273408], [-0.696923733822691, 52.0820122652744], [-0.695592212338228, 52.0856638342612], [-0.694021890987439, 52.0857201774044], [-0.693841369319537, 52.0864049993875], [-0.693057038136848, 52.0865717756678], [-0.692533929911429, 52.086055196279], [-0.690711995683093, 52.0859585652166], [-0.690231539556796, 52.084871691912], [-0.68905321108621, 52.0843516020248], [-0.688250301810833, 52.084499043463], [-0.687925863656436, 52.0850402877721], [-0.686483883784771, 52.0843292746322], [-0.685708073511579, 52.0847494857851], [-0.685623433269873, 52.0845409089461], [-0.684301297709057, 52.0845864474075], [-0.68239900062704, 52.0862446944837], [-0.682380396374768, 52.086830716845], [-0.681233074411678, 52.0873338907662], [-0.679005117837791, 52.086912548949], [-0.676794491513514, 52.0883748246708], [-0.675479040435582, 52.0891773685688], [-0.675546536946682, 52.0898101552574], [-0.67419349993976, 52.0902921351934], [-0.674291346454474, 52.0908857845817], [-0.671967643197817, 52.0918729638791], [-0.669670154595936, 52.0924053752782], [-0.668651224572582, 52.0932445043169], [-0.668444456537925, 52.0940152502438], [-0.668996310961947, 52.0957217221624], [-0.670342133319562, 52.0961189972901], [-0.671470519116757, 52.0972186111185], [-0.67347014080152, 52.0978148086918], [-0.676102046906585, 52.099542780254], [-0.675698036819956, 52.099936516223], [-0.676187105863468, 52.1007700021892], [-0.675743341069779, 52.1016586338275], [-0.673482149614345, 52.1025359943238], [-0.672440127256926, 52.103702073304], [-0.671860889213318, 52.1052006787616], [-0.670337572279477, 52.1066976447815], [-0.666984347489527, 52.1089282016136], [-0.66437656479743, 52.109795162097], [-0.663930163543509, 52.1097837652803], [-0.663893445088682, 52.1093939880689], [-0.663172064076402, 52.1093176957771], [-0.662644666672774, 52.1096063716172], [-0.662360794274262, 52.1091744503184], [-0.659698199039906, 52.1086685882287], [-0.656437039093414, 52.108829331749], [-0.655046877559862, 52.109169496596], [-0.651670455143342, 52.1088379437475], [-0.648442873035693, 52.1092892082523], [-0.647862602241181, 52.1080921479895], [-0.644331030151993, 52.106571595796], [-0.641324531158491, 52.1050402524846], [-0.640103287785567, 52.103620966192], [-0.637015382422889, 52.1064444455284], [-0.640908711556866, 52.1089779622922], [-0.642033877421546, 52.1085630252194], [-0.643279334559046, 52.1101019342033], [-0.643369758177488, 52.1103001367801], [-0.641646605951649, 52.1105410884149], [-0.642126057375865, 52.1109520424728], [-0.640265788837939, 52.1119637624119], [-0.643776593205885, 52.1143696072094], [-0.641787233769688, 52.1168174512762], [-0.639738691956915, 52.1184428840047], [-0.639919584303392, 52.1190230740236], [-0.641110472700832, 52.1202973523533], [-0.643147612602056, 52.1214689526941], [-0.643926268766423, 52.1224785706254], [-0.641802982291923, 52.1232678687005], [-0.644725684048671, 52.1253487230103], [-0.646064449502488, 52.1302498149753], [-0.649822311311852, 52.130958075788], [-0.650326914638682, 52.1326316689104], [-0.644078632308974, 52.1333873009076], [-0.639735695038894, 52.1330712982505], [-0.636728830746898, 52.1323631575289], [-0.632984517532095, 52.1324404259608], [-0.632497480938653, 52.1349990486754], [-0.630974005161645, 52.1353502000491], [-0.627139854133607, 52.135283092618]]]}, "properties": {"LSOA21CD": "E01016803", "LSOA21NM": "Milton Keynes 002F", "LAT": 52.0814, "LONG": -0.66077, "fuel_poverty_rate_effective": 0.1314, "asset_total_mw": 0.0, "ec_count": 0.0, "population_effective": 1395, "deprivation_score": 19.776, "active": false}}, {"type": "Feature", "geometry": {"type": "Polygon", "coordinates": [[[-0.75958263058446, 52.0646301372647], [-0.758071669061909, 52.0615390569141], [-0.757946350731747, 52.0613334628641], [-0.756154125306341, 52.0591315933474], [-0.755579676134731, 52.058566471726], [-0.754247884860267, 52.0567778688752], [-0.753629200006713, 52.054686051668], [-0.75890675965164, 52.0536753501472], [-0.763844093673746, 52.0514209942361], [-0.766830390230042, 52.0501202580888], [-0.767060131646298, 52.0502938831758], [-0.770955499897374, 52.0543219171643], [-0.771700983072056, 52.0553039588043], [-0.772969878913588, 52.0576257143082], [-0.773289631870594, 52.0575210941181], [-0.773957684240767, 52.0588212714316], [-0.775314962445327, 52.0589785473358], [-0.774949795775366, 52.0585103150956], [-0.776141235646434, 52.0581450615332], [-0.776619325875606, 52.058797395325], [-0.776832987267498, 52.0595188924605], [-0.775766784136132, 52.0595707575261], [-0.776109234230751, 52.0603835032367], [-0.774897432824135, 52.0604248560238], [-0.775063347925963, 52.0609924934458], [-0.775001960351021, 52.063536818406], [-0.774127701779777, 52.0635007503337], [-0.773714022162471, 52.0642247117969], [-0.770606082487012, 52.0641203859014], [-0.77017706653666, 52.0647449749729], [-0.769449846083019, 52.0653625982812], [-0.768454186235299, 52.0649683062345], [-0.76826380912591, 52.0635802419611], [-0.764504724397818, 52.0638587600895], [-0.76502623615943, 52.0643854385173], [-0.764427397335519, 52.0643976009709], [-0.764036109762723, 52.0648512778215], [-0.763108035753601, 52.064837403485], [-0.762158041439116, 52.0648022438773], [-0.761806712512597, 52.0644031329716], [-0.760960071362717, 52.0649094384865], [-0.762589330669059, 52.0661313394908], [-0.761482490409076, 52.0666383726763], [-0.761253855380175, 52.0665156666028], [-0.75958263058446, 52.0646301372647]]]}, "properties": {"LSOA21CD": "E01016804", "LSOA21NM": "Milton Keynes 009D", "LAT": 52.05724, "LONG": -0.76523, "fuel_poverty_rate_effective": 0.0888, "asset_total_mw": 0.0, "ec_count": 0.0, "population_effective": 2009, "deprivation_score": 28.053, "active": false}}, {"type": "Feature", "geometry": {"type": "Polygon", "coordinates": [[[-0.790577797998454, 52.0604340109657], [-0.789226895142155, 52.0588584400063], [-0.788820554167876, 52.0585278165843], [-0.790187408725807, 52.0581462392193], [-0.790120367894727, 52.0575128285129], [-0.790096304180698, 52.0561222464969], [-0.793237959008429, 52.0564320165337], [-0.793477965017519, 52.055662399538], [-0.792425430198289, 52.0552110323748], [-0.792990687869524, 52.0547082429533], [-0.792551350222567, 52.0541449281136], [-0.793007631683815, 52.0536345118292], [-0.792861314377527, 52.0531115127831], [-0.791914521335912, 52.0539032597552], [-0.79182074422013, 52.0546314905912], [-0.790808377337736, 52.0546099231271], [-0.790319492500886, 52.0536373448366], [-0.789705781183542, 52.0541504040693], [-0.788789881700711, 52.0542745891068], [-0.787949010546796, 52.053806432686], [-0.786933344596094, 52.0539992063955], [-0.78628600415608, 52.0534167094985], [-0.792341505930829, 52.0515530518174], [-0.792605629948945, 52.0514685497868], [-0.796007037732997, 52.0503527153864], [-0.799236891361672, 52.0535084713135], [-0.800769963349676, 52.0556765767487], [-0.800771609476325, 52.0556793718551], [-0.801605744021196, 52.0575133459463], [-0.80264292414292, 52.06143972416], [-0.800689755408259, 52.0602128635802], [-0.797184706748525, 52.0602238913372], [-0.792646047795285, 52.0616618160927], [-0.790577797998454, 52.0604340109657]]]}, "properties": {"LSOA21CD": "E01016805", "LSOA21NM": "Milton Keynes 011C", "LAT": 52.05592, "LONG": -0.79452, "fuel_poverty_rate_effective": 0.0389, "asset_total_mw": 0.0, "ec_count": 0.0, "population_effective": 1289, "deprivation_score": 9.516, "active": false}}, {"type": "Feature", "geometry": {"type": "Polygon", "coordinates": [[[-0.77516975844076, 52.0672734025469], [-0.774154415208783, 52.0664051076305], [-0.772852337157819, 52.066391545995], [-0.772872038112698, 52.0656724758013], [-0.769206257920906, 52.0656348330345], [-0.769449846083019, 52.0653625982812], [-0.77017706653666, 52.0647449749729], [-0.770606082487012, 52.0641203859014], [-0.773714022162471, 52.0642247117969], [-0.774127701779777, 52.0635007503337], [-0.775001960351021, 52.063536818406], [-0.775063347925963, 52.0609924934458], [-0.777807889724166, 52.0614264142684], [-0.779796516987729, 52.0617479200838], [-0.779992599054505, 52.0622249462373], [-0.780542196951341, 52.0620388580262], [-0.780223679244133, 52.06141518018], [-0.780779041772502, 52.0613759734619], [-0.784745145985288, 52.061408715463], [-0.784872329882776, 52.059982181138], [-0.785587426748635, 52.0599605513382], [-0.787042325492254, 52.0627892907344], [-0.787643486868295, 52.0625586194436], [-0.788267070709088, 52.0614555709016], [-0.790645508227931, 52.0613982136773], [-0.790871843366977, 52.0620365142462], [-0.787274023029782, 52.0632225478955], [-0.784006727378481, 52.0648256257363], [-0.782894748257581, 52.0652070571956], [-0.780431470406609, 52.0660508442708], [-0.776633525504706, 52.0672304346154], [-0.775530989835839, 52.0671297161217], [-0.77516975844076, 52.0672734025469]]]}, "properties": {"LSOA21CD": "E01016806", "LSOA21NM": "Milton Keynes 006A", "LAT": 52.06362, "LONG": -0.78021, "fuel_poverty_rate_effective": 0.1301, "asset_total_mw": 0.0, "ec_count": 0.0, "population_effective": 1982, "deprivation_score": 37.746, "active": false}}, {"type": "Feature", "geometry": {"type": "Polygon", "coordinates": [[[-0.776619325875606, 52.058797395325], [-0.776141235646434, 52.0581450615332], [-0.774949795775366, 52.0585103150956], [-0.775314962445327, 52.0589785473358], [-0.773957684240767, 52.0588212714316], [-0.773289631870594, 52.0575210941181], [-0.776792129420319, 52.0563672948642], [-0.779586683326678, 52.0555207642407], [-0.780676940531167, 52.0551864750268], [-0.781373150228432, 52.0557312640321], [-0.78320025179176, 52.0557353476214], [-0.783173929904084, 52.0560831657508], [-0.783020552646542, 52.0560816003214], [-0.783011472498835, 52.056415345106], [-0.785094607556681, 52.0564929858819], [-0.785021649576537, 52.0569901826088], [-0.784346416963996, 52.0569789130383], [-0.784287812056878, 52.0577527403266], [-0.783308413158601, 52.0579139361618], [-0.783287176846735, 52.0581830877202], [-0.783900091976928, 52.0581714312487], [-0.785091076092525, 52.0581411503291], [-0.785140758299011, 52.0581392708899], [-0.785587426748635, 52.0599605513382], [-0.784872329882776, 52.059982181138], [-0.784745145985288, 52.061408715463], [-0.780779041772502, 52.0613759734619], [-0.780223679244133, 52.06141518018], [-0.780542196951341, 52.0620388580262], [-0.779992599054505, 52.0622249462373], [-0.779796516987729, 52.0617479200838], [-0.777807889724166, 52.0614264142684], [-0.775063347925963, 52.0609924934458], [-0.774897432824135, 52.0604248560238], [-0.776109234230751, 52.0603835032367], [-0.775766784136132, 52.0595707575261], [-0.776832987267498, 52.0595188924605], [-0.776619325875606, 52.058797395325]]]}, "properties": {"LSOA21CD": "E01016807", "LSOA21NM": "Milton Keynes 006B", "LAT": 52.05862, "LONG": -0.77944, "fuel_poverty_rate_effective": 0.1018, "asset_total_mw": 0.0, "ec_count": 0.0, "population_effective": 1860, "deprivation_score": 18.329, "active": false}}, {"type": "Feature", "geometry": {"type": "Polygon", "coordinates": [[[-0.787042325492254, 52.0627892907344], [-0.785587426748635, 52.0599605513382], [-0.785140758299011, 52.0581392708899], [-0.785091076092525, 52.0581411503291], [-0.783900091976928, 52.0581714312487], [-0.783287176846735, 52.0581830877202], [-0.783308413158601, 52.0579139361618], [-0.784287812056878, 52.0577527403266], [-0.784346416963996, 52.0569789130383], [-0.785021649576537, 52.0569901826088], [-0.785094607556681, 52.0564929858819], [-0.783011472498835, 52.056415345106], [-0.783020552646542, 52.0560816003214], [-0.783173929904084, 52.0560831657508], [-0.78320025179176, 52.0557353476214], [-0.781373150228432, 52.0557312640321], [-0.780676940531167, 52.0551864750268], [-0.782372376254984, 52.0546832405036], [-0.785046999950128, 52.05381148975], [-0.78628600415608, 52.0534167094985], [-0.786933344596094, 52.0539992063955], [-0.787949010546796, 52.053806432686], [-0.788789881700711, 52.0542745891068], [-0.789705781183542, 52.0541504040693], [-0.790319492500886, 52.0536373448366], [-0.790808377337736, 52.0546099231271], [-0.79182074422013, 52.0546314905912], [-0.791914521335912, 52.0539032597552], [-0.792861314377527, 52.0531115127831], [-0.793007631683815, 52.0536345118292], [-0.792551350222567, 52.0541449281136], [-0.792990687869524, 52.0547082429533], [-0.792425430198289, 52.0552110323748], [-0.793477965017519, 52.055662399538], [-0.793237959008429, 52.0564320165337], [-0.790096304180698, 52.0561222464969], [-0.790120367894727, 52.0575128285129], [-0.790187408725807, 52.0581462392193], [-0.788820554167876, 52.0585278165843], [-0.789226895142155, 52.0588584400063], [-0.790577797998454, 52.0604340109657], [-0.792646047795285, 52.0616618160927], [-0.792550897667067, 52.0616950304622], [-0.791563794832428, 52.0623267935811], [-0.790871843366977, 52.0620365142462], [-0.790645508227931, 52.0613982136773], [-0.788267070709088, 52.0614555709016], [-0.787643486868295, 52.0625586194436], [-0.787042325492254, 52.0627892907344]]]}, "properties": {"LSOA21CD": "E01016808", "LSOA21NM": "Milton Keynes 011D", "LAT": 52.05836, "LONG": -0.78707, "fuel_poverty_rate_effective": 0.0642, "asset_total_mw": 0.0, "ec_count": 0.0, "population_effective": 1411, "deprivation_score": 8.112, "active": false}}, {"type": "Feature", "geometry": {"type": "Polygon", "coordinates": [[[-0.770200358897465, 52.0697329538403], [-0.770960246420147, 52.0686529949965], [-0.768102830830542, 52.0689142021393], [-0.765664652734262, 52.0685936852986], [-0.763557485088416, 52.0678800184989], [-0.761482490409076, 52.0666383726763], [-0.762589330669059, 52.0661313394908], [-0.760960071362717, 52.0649094384865], [-0.761806712512597, 52.0644031329716], [-0.762158041439116, 52.0648022438773], [-0.763108035753601, 52.064837403485], [-0.764036109762723, 52.0648512778215], [-0.764427397335519, 52.0643976009709], [-0.76502623615943, 52.0643854385173], [-0.764504724397818, 52.0638587600895], [-0.76826380912591, 52.0635802419611], [-0.768454186235299, 52.0649683062345], [-0.769449846083019, 52.0653625982812], [-0.769206257920906, 52.0656348330345], [-0.772872038112698, 52.0656724758013], [-0.772852337157819, 52.066391545995], [-0.774154415208783, 52.0664051076305], [-0.77516975844076, 52.0672734025469], [-0.775530989835839, 52.0671297161217], [-0.776633525504706, 52.0672304346154], [-0.777115760822153, 52.0677387858158], [-0.777088623072968, 52.0677458298349], [-0.774179567009583, 52.068587488665], [-0.771996925894436, 52.0702628570386], [-0.771132468404948, 52.0711546898257], [-0.767765729300016, 52.0729804926171], [-0.766412312799315, 52.0722976657222], [-0.767004585963445, 52.0718106790302], [-0.770200358897465, 52.0697329538403]]]}, "properties": {"LSOA21CD": "E01016809", "LSOA21NM": "Milton Keynes 006C", "LAT": 52.0683, "LONG": -0.76968, "fuel_poverty_rate_effective": 0.0933, "asset_total_mw": 0.0, "ec_count": 0.0, "population_effective": 1363, "deprivation_score": 20.25, "active": false}}, {"type": "Feature", "geometry": {"type": "Polygon", "coordinates": [[[-0.806091173340267, 52.0503240890178], [-0.804280902697252, 52.0482107096091], [-0.805189152773104, 52.0480580836072], [-0.811140446342513, 52.0485589071741], [-0.811886499237687, 52.0463521196264], [-0.818710940708747, 52.0460261162826], [-0.822357420918857, 52.0472715671948], [-0.823624511441889, 52.0463195619206], [-0.828464810664117, 52.0486331351966], [-0.822808776755056, 52.0503800418777], [-0.817020770474294, 52.0512561748408], [-0.814124499019057, 52.0518863447275], [-0.81306246877048, 52.0521702786778], [-0.811976313495268, 52.0526271584032], [-0.811633605241717, 52.0527798130826], [-0.808873798028228, 52.053798086092], [-0.808561533576768, 52.0533972166052], [-0.809379820358587, 52.0527018861151], [-0.808536823259597, 52.0519815677769], [-0.809064775976526, 52.0517037862992], [-0.806091173340267, 52.0503240890178]]]}, "properties": {"LSOA21CD": "E01016810", "LSOA21NM": "Milton Keynes 012A", "LAT": 52.04993, "LONG": -0.81495, "fuel_poverty_rate_effective": 0.1057, "asset_total_mw": 0.0, "ec_count": 0.0, "population_effective": 1501, "deprivation_score": 43.756, "active": false}}, {"type": "Feature", "geometry": {"type": "Polygon", "coordinates": [[[-0.831124308099443, 52.0472862482769], [-0.832513868602715, 52.0463289719462], [-0.83611339898287, 52.0480868723513], [-0.834451525722804, 52.049422120022], [-0.834786836044884, 52.0499912035561], [-0.835802564389699, 52.050295150217], [-0.83541014765306, 52.0506383729287], [-0.834707136775246, 52.050854518922], [-0.835998403895034, 52.0517695249987], [-0.836639178966903, 52.0525805940096], [-0.835785508711556, 52.052761602245], [-0.834572186530468, 52.0537662924162], [-0.829831467620245, 52.0518056493346], [-0.827249256399032, 52.0511416217931], [-0.822808776755056, 52.0503800418777], [-0.828464810664117, 52.0486331351966], [-0.829043794611062, 52.0483694945481], [-0.831124308099443, 52.0472862482769]]]}, "properties": {"LSOA21CD": "E01016811", "LSOA21NM": "Milton Keynes 012B", "LAT": 52.05001, "LONG": -0.82977, "fuel_poverty_rate_effective": 0.1518, "asset_total_mw": 0.0, "ec_count": 0.0, "population_effective": 1515, "deprivation_score": 47.948, "active": false}}, {"type": "Feature", "geometry": {"type": "Polygon", "coordinates": [[[-0.842452879168191, 52.0555070571114], [-0.843597245317944, 52.0544577603342], [-0.841096077132181, 52.053751225518], [-0.839812024193283, 52.0547253016591], [-0.839976757889456, 52.0551674732198], [-0.838885341342209, 52.0550309355404], [-0.837866541604935, 52.0541147613298], [-0.836579821188572, 52.055005742393], [-0.834572186530468, 52.0537662924162], [-0.835785508711556, 52.052761602245], [-0.836639178966903, 52.0525805940096], [-0.835998403895034, 52.0517695249987], [-0.834707136775246, 52.050854518922], [-0.83541014765306, 52.0506383729287], [-0.835802564389699, 52.050295150217], [-0.834786836044884, 52.0499912035561], [-0.834451525722804, 52.049422120022], [-0.83611339898287, 52.0480868723513], [-0.839667251827915, 52.0499886874264], [-0.841953253340194, 52.0485225818478], [-0.842973058752151, 52.0486783105588], [-0.844402036753535, 52.0498162747896], [-0.845702427986114, 52.0502875970237], [-0.845457281604856, 52.0504655770602], [-0.845869403069912, 52.05066375284], [-0.844558371503132, 52.0516700369844], [-0.84662496347666, 52.0528035058444], [-0.847091133340113, 52.0533947346587], [-0.846408927441769, 52.0544753704], [-0.845146754196541, 52.0556612946945], [-0.844373477558151, 52.0552258137565], [-0.843360166361886, 52.0553315982026], [-0.843030787619137, 52.0558338758518], [-0.842452879168191, 52.0555070571114]]]}, "properties": {"LSOA21CD": "E01016812", "LSOA21NM": "Milton Keynes 010A", "LAT": 52.05197, "LONG": -0.84064, "fuel_poverty_rate_effective": 0.0808, "asset_total_mw": 0.0, "ec_count": 0.0, "population_effective": 1553, "deprivation_score": 17.216, "active": false}}, {"type": "Feature", "geometry": {"type": "Polygon", "coordinates": [[[-0.800232895060622, 52.0494450309806], [-0.7993289270763, 52.0492179748732], [-0.798240694392641, 52.0493990706435], [-0.795921456692235, 52.050285144727], [-0.788770500792892, 52.0447825279649], [-0.788570304201597, 52.0446248480353], [-0.785533682491922, 52.0422994105353], [-0.787537429684062, 52.0411927027884], [-0.789503702330123, 52.0400187949606], [-0.793242286700144, 52.03855180829], [-0.795842586588862, 52.0404916618397], [-0.796492748904892, 52.0406505504051], [-0.798108433240664, 52.0402520348234], [-0.799199928745429, 52.0407982166775], [-0.800200756883941, 52.0401727957276], [-0.80204774506336, 52.0411216927606], [-0.803117963390727, 52.0405256701169], [-0.803529633342562, 52.0411633210616], [-0.803904124924429, 52.0409526343469], [-0.804618711952153, 52.0412916889818], [-0.805079224330336, 52.0417907286475], [-0.805563430950397, 52.041596138831], [-0.807426229500114, 52.0424118085916], [-0.808819526431993, 52.0424993455368], [-0.809045139788368, 52.0435195786555], [-0.810140887640535, 52.0450024427472], [-0.806153960346571, 52.0463325187833], [-0.805189152773104, 52.0480580836072], [-0.804280902697252, 52.0482107096091], [-0.803115987760156, 52.048144924844], [-0.801367329524203, 52.0486813041896], [-0.802298594141797, 52.049969709532], [-0.80018784374946, 52.0506069418162], [-0.800232895060622, 52.0494450309806]]]}, "properties": {"LSOA21CD": "E01016813", "LSOA21NM": "Milton Keynes 015B", "LAT": 52.04461, "LONG": -0.7991, "fuel_poverty_rate_effective": 0.0596999999999999, "asset_total_mw": 0.0, "ec_count": 0.0, "population_effective": 1388, "deprivation_score": 16.177, "active": false}}, {"type": "Feature", "geometry": {"type": "Polygon", "coordinates": [[[-0.799199928745429, 52.0407982166775], [-0.798108433240664, 52.0402520348234], [-0.796492748904892, 52.0406505504051], [-0.795842586588862, 52.0404916618397], [-0.793242286700144, 52.03855180829], [-0.797153931759921, 52.0374491890229], [-0.797391780649359, 52.0373803119756], [-0.798983741653391, 52.0367794297062], [-0.79968531244007, 52.0365112484092], [-0.799839670936897, 52.0364447032207], [-0.802748740041696, 52.0349435155837], [-0.8032232276508, 52.0346394730348], [-0.803938686792795, 52.0340636634779], [-0.804214789597581, 52.0341855240291], [-0.806862445794078, 52.0353182272718], [-0.805186745133195, 52.0363953224023], [-0.805181525548875, 52.0367780770302], [-0.804262674812621, 52.0368902691665], [-0.804099427636554, 52.0375562552319], [-0.801803893730508, 52.0374879604119], [-0.801717716819775, 52.0377365698841], [-0.802202592516713, 52.0380872076425], [-0.803959875245018, 52.038002712088], [-0.804266526079304, 52.0383828930574], [-0.804956804741576, 52.0384164618183], [-0.804796462043273, 52.038800316758], [-0.802974748018282, 52.0392458607795], [-0.800907791105426, 52.0384845095732], [-0.799886275294506, 52.0398069074122], [-0.800200756883941, 52.0401727957276], [-0.799199928745429, 52.0407982166775]]]}, "properties": {"LSOA21CD": "E01016815", "LSOA21NM": "Milton Keynes 015C", "LAT": 52.03742, "LONG": -0.80088, "fuel_poverty_rate_effective": 0.046, "asset_total_mw": 0.0, "ec_count": 0.0, "population_effective": 1289, "deprivation_score": 10.283, "active": false}}, {"type": "Feature", "geometry": {"type": "Polygon", "coordinates": [[[-0.806153960346571, 52.0463325187833], [-0.810140887640535, 52.0450024427472], [-0.809045139788368, 52.0435195786555], [-0.808819526431993, 52.0424993455368], [-0.807426229500114, 52.0424118085916], [-0.805563430950397, 52.041596138831], [-0.805079224330336, 52.0417907286475], [-0.804618711952153, 52.0412916889818], [-0.803904124924429, 52.0409526343469], [-0.803529633342562, 52.0411633210616], [-0.803117963390727, 52.0405256701169], [-0.80204774506336, 52.0411216927606], [-0.800200756883941, 52.0401727957276], [-0.799886275294506, 52.0398069074122], [-0.800907791105426, 52.0384845095732], [-0.802974748018282, 52.0392458607795], [-0.804796462043273, 52.038800316758], [-0.804956804741576, 52.0384164618183], [-0.804266526079304, 52.0383828930574], [-0.803959875245018, 52.038002712088], [-0.802202592516713, 52.0380872076425], [-0.801717716819775, 52.0377365698841], [-0.801803893730508, 52.0374879604119], [-0.804099427636554, 52.0375562552319], [-0.804262674812621, 52.0368902691665], [-0.805181525548875, 52.0367780770302], [-0.805186745133195, 52.0363953224023], [-0.806862445794078, 52.0353182272718], [-0.809503461221228, 52.0364662922626], [-0.81095563930387, 52.0371324110068], [-0.813564296874485, 52.0383290737929], [-0.818797489329527, 52.0403757538354], [-0.832008248360838, 52.0460710442381], [-0.832299669087826, 52.0462197140411], [-0.832513868602715, 52.0463289719462], [-0.831124308099443, 52.0472862482769], [-0.829043794611062, 52.0483694945481], [-0.828464810664117, 52.0486331351966], [-0.823624511441889, 52.0463195619206], [-0.822357420918857, 52.0472715671948], [-0.818710940708747, 52.0460261162826], [-0.811886499237687, 52.0463521196264], [-0.811140446342513, 52.0485589071741], [-0.805189152773104, 52.0480580836072], [-0.806153960346571, 52.0463325187833]]]}, "properties": {"LSOA21CD": "E01016816", "LSOA21NM": "Milton Keynes 015D", "LAT": 52.04199, "LONG": -0.81435, "fuel_poverty_rate_effective": 0.0378, "asset_total_mw": 0.0, "ec_count": 0.0, "population_effective": 1587, "deprivation_score": 5.184, "active": false}}, {"type": "Feature", "geometry": {"type": "Polygon", "coordinates": [[[-0.853076408348248, 52.0643473538332], [-0.845857689538059, 52.061857341104], [-0.841164194076236, 52.059113053452], [-0.839595107386325, 52.057777502358], [-0.837281690275447, 52.0555483418548], [-0.836579821188572, 52.055005742393], [-0.837866541604935, 52.0541147613298], [-0.838885341342209, 52.0550309355404], [-0.839976757889456, 52.0551674732198], [-0.839812024193283, 52.0547253016591], [-0.841096077132181, 52.053751225518], [-0.843597245317944, 52.0544577603342], [-0.842452879168191, 52.0555070571114], [-0.843030787619137, 52.0558338758518], [-0.843360166361886, 52.0553315982026], [-0.844373477558151, 52.0552258137565], [-0.845146754196541, 52.0556612946945], [-0.846408927441769, 52.0544753704], [-0.846971432508741, 52.0547655135673], [-0.846989709536914, 52.055569981437], [-0.847704594455628, 52.0558290464456], [-0.84710586008942, 52.0563658562656], [-0.847435221058034, 52.0568724625845], [-0.848271570310872, 52.0571272146385], [-0.846756092202134, 52.0576823505573], [-0.847339035986611, 52.0577708256797], [-0.847814434279809, 52.0583533108473], [-0.847318721382909, 52.0588030890708], [-0.848602974497648, 52.0594390460167], [-0.848157145225216, 52.0601436260141], [-0.853533375756769, 52.0612621566732], [-0.859358272503689, 52.0609495446055], [-0.861708466037362, 52.0616176136376], [-0.859389350027631, 52.0630601084506], [-0.859238899391369, 52.063622292216], [-0.857358640462418, 52.0640905749328], [-0.855240030127668, 52.0639720923509], [-0.853076408348248, 52.0643473538332]]]}, "properties": {"LSOA21CD": "E01016817", "LSOA21NM": "Milton Keynes 010B", "LAT": 52.05902, "LONG": -0.84441, "fuel_poverty_rate_effective": 0.1141, "asset_total_mw": 0.0, "ec_count": 0.0, "population_effective": 1494, "deprivation_score": 16.06, "active": false}}, {"type": "Feature", "geometry": {"type": "Polygon", "coordinates": [[[-0.861708466037362, 52.0616176136376], [-0.859358272503689, 52.0609495446055], [-0.853533375756769, 52.0612621566732], [-0.848157145225216, 52.0601436260141], [-0.848602974497648, 52.0594390460167], [-0.847318721382909, 52.0588030890708], [-0.847814434279809, 52.0583533108473], [-0.847339035986611, 52.0577708256797], [-0.846756092202134, 52.0576823505573], [-0.848271570310872, 52.0571272146385], [-0.847435221058034, 52.0568724625845], [-0.84710586008942, 52.0563658562656], [-0.847704594455628, 52.0558290464456], [-0.846989709536914, 52.055569981437], [-0.846971432508741, 52.0547655135673], [-0.846408927441769, 52.0544753704], [-0.847091133340113, 52.0533947346587], [-0.847949290419045, 52.054243868417], [-0.848566942281791, 52.0540716401002], [-0.849783933563626, 52.05428660963], [-0.850492226535095, 52.0537757875734], [-0.85134865071482, 52.0541747250806], [-0.852768439003413, 52.0540798282425], [-0.85378579772058, 52.0549563967118], [-0.853423405455796, 52.0551079419912], [-0.853866885801467, 52.0555104510074], [-0.854576889241132, 52.055385574107], [-0.854319932659372, 52.0546671199276], [-0.855789146546399, 52.0531919481407], [-0.858000332297715, 52.053224390083], [-0.859924162697793, 52.0541351371775], [-0.860971018065714, 52.0553922545049], [-0.860021535624403, 52.0560381963959], [-0.859980913860684, 52.0575789399832], [-0.860626201289381, 52.05871766451], [-0.862005218704016, 52.059346287417], [-0.863016303055643, 52.0602719355852], [-0.861708466037362, 52.0616176136376]]]}, "properties": {"LSOA21CD": "E01016818", "LSOA21NM": "Milton Keynes 010C", "LAT": 52.05735, "LONG": -0.85392, "fuel_poverty_rate_effective": 0.1042, "asset_total_mw": 0.0, "ec_count": 0.0, "population_effective": 1827, "deprivation_score": 10.882, "active": false}}, {"type": "Feature", "geometry": {"type": "Polygon", "coordinates": [[[-0.799236891361672, 52.0535084713135], [-0.796007037732997, 52.0503527153864], [-0.795921456692235, 52.050285144727], [-0.798240694392641, 52.0493990706435], [-0.7993289270763, 52.0492179748732], [-0.800232895060622, 52.0494450309806], [-0.80018784374946, 52.0506069418162], [-0.802298594141797, 52.049969709532], [-0.801367329524203, 52.0486813041896], [-0.803115987760156, 52.048144924844], [-0.804280902697252, 52.0482107096091], [-0.806091173340267, 52.0503240890178], [-0.809064775976526, 52.0517037862992], [-0.808536823259597, 52.0519815677769], [-0.809379820358587, 52.0527018861151], [-0.808561533576768, 52.0533972166052], [-0.808873798028228, 52.053798086092], [-0.804772917949983, 52.0548334418261], [-0.801955677544833, 52.0554024339754], [-0.800771609476325, 52.0556793718551], [-0.800769963349676, 52.0556765767487], [-0.799236891361672, 52.0535084713135]]]}, "properties": {"LSOA21CD": "E01016819", "LSOA21NM": "Milton Keynes 012C", "LAT": 52.05175, "LONG": -0.80264, "fuel_poverty_rate_effective": 0.1408, "asset_total_mw": 0.0, "ec_count": 0.0, "population_effective": 1329, "deprivation_score": 33.543, "active": false}}, {"type": "Feature", "geometry": {"type": "Polygon", "coordinates": [[[-0.704084710281662, 52.0310212571487], [-0.703993091697382, 52.0301514298215], [-0.701721866352806, 52.0312687016324], [-0.701063179921974, 52.032198786559], [-0.70020039581794, 52.0318714902907], [-0.700848814450529, 52.0302378124693], [-0.700655293985966, 52.0297899129602], [-0.699610409198962, 52.0297744039987], [-0.699551627135183, 52.0291947534478], [-0.699534155213789, 52.0288639672618], [-0.697141717625557, 52.0289327328674], [-0.696671287641617, 52.0284831770474], [-0.694884565788841, 52.0282657004767], [-0.693679675835702, 52.0294048282868], [-0.692621065083114, 52.0291674410836], [-0.691655640064597, 52.0283303838579], [-0.692659208432222, 52.0274064189914], [-0.693760234842538, 52.0271857695536], [-0.692597133731134, 52.0255402238521], [-0.693530356586484, 52.0252989074244], [-0.694392797646083, 52.0250639885343], [-0.695786549425166, 52.0245394267662], [-0.700491790373817, 52.0228657180697], [-0.698783441416206, 52.0224046803288], [-0.698372585671971, 52.0219485132599], [-0.698496272338028, 52.0210692674871], [-0.698052607653303, 52.021240087155], [-0.696780244435654, 52.0211593364562], [-0.695482101023098, 52.0214784589299], [-0.695283493067963, 52.0209595326712], [-0.696692346590029, 52.0208335043804], [-0.696491668758698, 52.0205044289732], [-0.695827101322099, 52.0196833808354], [-0.696887570520725, 52.0193983877954], [-0.696306204923354, 52.018892543959], [-0.696169929456857, 52.0178009160485], [-0.697276816130895, 52.0174680896677], [-0.698149111497221, 52.0170371457015], [-0.699990941360902, 52.0168416765808], [-0.700624905940746, 52.0170914361796], [-0.70146911636609, 52.0167345967152], [-0.702645124665792, 52.0167349061472], [-0.704319085204479, 52.0162721561519], [-0.704723937198218, 52.016444186236], [-0.708582520267593, 52.0160459266837], [-0.711520704942362, 52.0163288973555], [-0.711110310847584, 52.0180612393735], [-0.710165140185598, 52.0183063266946], [-0.70981209044112, 52.0196740836844], [-0.710563470037971, 52.0206433967516], [-0.710572900132156, 52.0206489486679], [-0.712367384875849, 52.0216138159669], [-0.712609851157774, 52.0232277570246], [-0.714068342588504, 52.0236850857711], [-0.714320119230043, 52.0245625364981], [-0.715676300234325, 52.0260343493925], [-0.714914396095394, 52.0266193405495], [-0.714072794215116, 52.0265350072691], [-0.713563258866657, 52.0272923101573], [-0.711998759752208, 52.0279397624183], [-0.711843240428942, 52.0288674082059], [-0.708939455662161, 52.0305363234537], [-0.707233626471214, 52.031534049031], [-0.705561523836727, 52.0320903804301], [-0.70332795151893, 52.0327483745871], [-0.702873863334718, 52.0315652833248], [-0.704084710281662, 52.0310212571487]]]}, "properties": {"LSOA21CD": "E01016820", "LSOA21NM": "Milton Keynes 035D", "LAT": 52.02338, "LONG": -0.70378, "fuel_poverty_rate_effective": 0.0455999999999999, "asset_total_mw": 0.0, "ec_count": 0.0, "population_effective": 1936, "deprivation_score": 13.468, "active": false}}, {"type": "Feature", "geometry": {"type": "Polygon", "coordinates": [[[-0.691461266085477, 52.0329947433919], [-0.691710239892432, 52.0316064544187], [-0.691229299703942, 52.0299530868503], [-0.693140072270478, 52.0297066378884], [-0.693019649363929, 52.030446640604], [-0.693407824368793, 52.0305415333239], [-0.693739573519023, 52.0303980585284], [-0.693679675835702, 52.0294048282868], [-0.694884565788841, 52.0282657004767], [-0.696671287641617, 52.0284831770474], [-0.697141717625557, 52.0289327328674], [-0.699534155213789, 52.0288639672618], [-0.699551627135183, 52.0291947534478], [-0.699610409198962, 52.0297744039987], [-0.700655293985966, 52.0297899129602], [-0.700848814450529, 52.0302378124693], [-0.70020039581794, 52.0318714902907], [-0.701063179921974, 52.032198786559], [-0.701721866352806, 52.0312687016324], [-0.703993091697382, 52.0301514298215], [-0.704084710281662, 52.0310212571487], [-0.702873863334718, 52.0315652833248], [-0.70332795151893, 52.0327483745871], [-0.699779622142845, 52.0334077636055], [-0.695098259685235, 52.0336739038363], [-0.694674725791519, 52.0336898119474], [-0.690802260886125, 52.0338208408032], [-0.691461266085477, 52.0329947433919]]]}, "properties": {"LSOA21CD": "E01016821", "LSOA21NM": "Milton Keynes 035B", "LAT": 52.03108, "LONG": -0.6962, "fuel_poverty_rate_effective": 0.0467999999999999, "asset_total_mw": 0.0, "ec_count": 0.0, "population_effective": 1580, "deprivation_score": 13.637, "active": false}}, {"type": "Feature", "geometry": {"type": "Polygon", "coordinates": [[[-0.680022729893206, 52.0263556577358], [-0.678791793984438, 52.024489576332], [-0.679376838838549, 52.0249960753051], [-0.681262217207949, 52.0249266339849], [-0.681892066092162, 52.0256113631056], [-0.683479956738887, 52.0253386343427], [-0.68404402153504, 52.0261504815306], [-0.6850598676345, 52.0263049659659], [-0.685052948980904, 52.0260229288193], [-0.6862169378692, 52.0258961579184], [-0.685713641428885, 52.0252444579836], [-0.686150946368591, 52.0250982202632], [-0.685347839676219, 52.0252624653254], [-0.683717897646808, 52.0244049843141], [-0.682531552580894, 52.0237440735653], [-0.683278397804746, 52.0228464512496], [-0.684149155047743, 52.0229514082915], [-0.683995144880999, 52.0224198255133], [-0.684648014764047, 52.0219871863141], [-0.685638149021984, 52.0215214917878], [-0.684825251149255, 52.0212743857403], [-0.68494394388473, 52.0207796824188], [-0.684208732687992, 52.0198350379848], [-0.685435230709494, 52.0192887253509], [-0.687024527956178, 52.0186350603362], [-0.687941753528011, 52.0192318634404], [-0.688825668964928, 52.020723724917], [-0.687836683429313, 52.0212840236499], [-0.688201761291525, 52.0223217114822], [-0.688735054405407, 52.0225254565447], [-0.68860268075294, 52.0231470246606], [-0.69055362593652, 52.0227418314031], [-0.690889453640816, 52.0236218462489], [-0.691210551597686, 52.0243697028406], [-0.68944078814092, 52.0253220961693], [-0.68970868954464, 52.0262572734034], [-0.686762866554891, 52.0272371717723], [-0.68256218928074, 52.0294428925912], [-0.678321844808102, 52.033071716303], [-0.678059202661758, 52.0332333207315], [-0.677637072094544, 52.0320453388891], [-0.678598798453066, 52.0318969906456], [-0.678492166620607, 52.0305846025832], [-0.679249122924455, 52.0304808333032], [-0.679187228785075, 52.0299062388836], [-0.679997152165157, 52.0298447965771], [-0.679917799601008, 52.0276039345648], [-0.680375978171096, 52.0275442937222], [-0.680022729893206, 52.0263556577358]]]}, "properties": {"LSOA21CD": "E01016822", "LSOA21NM": "Milton Keynes 022A", "LAT": 52.02345, "LONG": -0.68455, "fuel_poverty_rate_effective": 0.0556, "asset_total_mw": 0.0, "ec_count": 0.0, "population_effective": 1826, "deprivation_score": 21.631, "active": false}}, {"type": "Feature", "geometry": {"type": "Polygon", "coordinates": [[[-0.678321844808102, 52.033071716303], [-0.68256218928074, 52.0294428925912], [-0.686762866554891, 52.0272371717723], [-0.68970868954464, 52.0262572734034], [-0.68944078814092, 52.0253220961693], [-0.691210551597686, 52.0243697028406], [-0.690889453640816, 52.0236218462489], [-0.69055362593652, 52.0227418314031], [-0.68860268075294, 52.0231470246606], [-0.688735054405407, 52.0225254565447], [-0.688201761291525, 52.0223217114822], [-0.687836683429313, 52.0212840236499], [-0.689229258378689, 52.0210743468023], [-0.69017588980125, 52.0215973803191], [-0.690805531562988, 52.0214964789132], [-0.691149959932475, 52.021680132299], [-0.692788819411124, 52.0214555517639], [-0.692866803967923, 52.0217809526756], [-0.69385440656005, 52.0214665737876], [-0.694252824670309, 52.0216383472759], [-0.695482101023098, 52.0214784589299], [-0.696780244435654, 52.0211593364562], [-0.698052607653303, 52.021240087155], [-0.698496272338028, 52.0210692674871], [-0.698372585671971, 52.0219485132599], [-0.698783441416206, 52.0224046803288], [-0.700491790373817, 52.0228657180697], [-0.695786549425166, 52.0245394267662], [-0.694392797646083, 52.0250639885343], [-0.693530356586484, 52.0252989074244], [-0.692597133731134, 52.0255402238521], [-0.693760234842538, 52.0271857695536], [-0.692659208432222, 52.0274064189914], [-0.691655640064597, 52.0283303838579], [-0.692621065083114, 52.0291674410836], [-0.693679675835702, 52.0294048282868], [-0.693739573519023, 52.0303980585284], [-0.693407824368793, 52.0305415333239], [-0.693019649363929, 52.030446640604], [-0.693140072270478, 52.0297066378884], [-0.691229299703942, 52.0299530868503], [-0.691710239892432, 52.0316064544187], [-0.691461266085477, 52.0329947433919], [-0.690802260886125, 52.0338208408032], [-0.678321844808102, 52.033071716303]]]}, "properties": {"LSOA21CD": "E01016823", "LSOA21NM": "Milton Keynes 035C", "LAT": 52.03006, "LONG": -0.68935, "fuel_poverty_rate_effective": 0.0624, "asset_total_mw": 0.0, "ec_count": 0.0, "population_effective": 1709, "deprivation_score": 12.233, "active": false}}, {"type": "Feature", "geometry": {"type": "Polygon", "coordinates": [[[-0.68404402153504, 52.0261504815306], [-0.683479956738887, 52.0253386343427], [-0.681892066092162, 52.0256113631056], [-0.681262217207949, 52.0249266339849], [-0.679376838838549, 52.0249960753051], [-0.678791793984438, 52.024489576332], [-0.678067831926615, 52.0237131046306], [-0.676281339906652, 52.021289653845], [-0.678995750383389, 52.0204153013728], [-0.679918398723486, 52.0210063711409], [-0.680310367000675, 52.0195721397898], [-0.679873090306914, 52.0181298397928], [-0.679579653099745, 52.0179275983902], [-0.67830386544318, 52.018106921031], [-0.678150491400899, 52.0176842587727], [-0.679350814633937, 52.0171938436126], [-0.680075041131057, 52.0174368519395], [-0.681182927659199, 52.0166237414878], [-0.680732376638819, 52.0161241636895], [-0.679084970412389, 52.0165694146625], [-0.679482503026205, 52.0162656400241], [-0.679361847811863, 52.0156059871372], [-0.680066948123321, 52.0154021676408], [-0.681921597441989, 52.0158227745261], [-0.682146285244514, 52.0164940517083], [-0.682985770622498, 52.0174248327023], [-0.684277707909466, 52.0172843298319], [-0.684871092441336, 52.0171177097047], [-0.685390592314103, 52.0174618415928], [-0.684827647474058, 52.0175839140084], [-0.685355921746896, 52.0180472982656], [-0.684142870742442, 52.0185899835893], [-0.685435230709494, 52.0192887253509], [-0.684208732687992, 52.0198350379848], [-0.68494394388473, 52.0207796824188], [-0.684825251149255, 52.0212743857403], [-0.685638149021984, 52.0215214917878], [-0.684648014764047, 52.0219871863141], [-0.683995144880999, 52.0224198255133], [-0.684149155047743, 52.0229514082915], [-0.683278397804746, 52.0228464512496], [-0.682531552580894, 52.0237440735653], [-0.683717897646808, 52.0244049843141], [-0.685347839676219, 52.0252624653254], [-0.686150946368591, 52.0250982202632], [-0.685713641428885, 52.0252444579836], [-0.6862169378692, 52.0258961579184], [-0.685052948980904, 52.0260229288193], [-0.6850598676345, 52.0263049659659], [-0.68404402153504, 52.0261504815306]]]}, "properties": {"LSOA21CD": "E01016824", "LSOA21NM": "Milton Keynes 022B", "LAT": 52.02029, "LONG": -0.6814, "fuel_poverty_rate_effective": 0.045, "asset_total_mw": 0.0, "ec_count": 0.0, "population_effective": 1578, "deprivation_score": 14.933, "active": false}}, {"type": "Feature", "geometry": {"type": "Polygon", "coordinates": [[[-0.692866803967923, 52.0217809526756], [-0.692788819411124, 52.0214555517639], [-0.691149959932475, 52.021680132299], [-0.690805531562988, 52.0214964789132], [-0.69017588980125, 52.0215973803191], [-0.689229258378689, 52.0210743468023], [-0.687836683429313, 52.0212840236499], [-0.688825668964928, 52.020723724917], [-0.687941753528011, 52.0192318634404], [-0.687024527956178, 52.0186350603362], [-0.685435230709494, 52.0192887253509], [-0.684142870742442, 52.0185899835893], [-0.685355921746896, 52.0180472982656], [-0.687451722558495, 52.017071375523], [-0.68862383913082, 52.0173541631618], [-0.689885066596905, 52.0170802054843], [-0.689813677970426, 52.0167968954952], [-0.690359658426448, 52.0166930417875], [-0.689931812370516, 52.0164053440162], [-0.690378591666536, 52.0159400723587], [-0.69164925986715, 52.0161924832827], [-0.692056801094312, 52.0172185445242], [-0.692447502607591, 52.0171628611769], [-0.69229312030561, 52.0164598139661], [-0.692820803886502, 52.0161538332896], [-0.69365214869034, 52.0161383135588], [-0.693709774589906, 52.0163843474853], [-0.694201262338692, 52.0161810737307], [-0.693762744800823, 52.0157867405995], [-0.694786730099546, 52.0153994817345], [-0.696769101690478, 52.0153735257259], [-0.695713886741987, 52.0170888389583], [-0.695895003878505, 52.0178879149978], [-0.696169929456857, 52.0178009160485], [-0.696306204923354, 52.018892543959], [-0.696887570520725, 52.0193983877954], [-0.695827101322099, 52.0196833808354], [-0.696491668758698, 52.0205044289732], [-0.696692346590029, 52.0208335043804], [-0.695283493067963, 52.0209595326712], [-0.695482101023098, 52.0214784589299], [-0.694252824670309, 52.0216383472759], [-0.69385440656005, 52.0214665737876], [-0.692866803967923, 52.0217809526756]]]}, "properties": {"LSOA21CD": "E01016825", "LSOA21NM": "Milton Keynes 022C", "LAT": 52.01852, "LONG": -0.69027, "fuel_poverty_rate_effective": 0.0579, "asset_total_mw": 0.0, "ec_count": 0.0, "population_effective": 1459, "deprivation_score": 13.61, "active": false}}, {"type": "Feature", "geometry": {"type": "Polygon", "coordinates": [[[-0.675488052458738, 52.0203993196363], [-0.674471812036511, 52.0175348907805], [-0.672325005620808, 52.0143074281758], [-0.675515699687664, 52.013138082989], [-0.675953597408951, 52.0129782718873], [-0.676977145962263, 52.0126047142892], [-0.681584148406466, 52.010913893485], [-0.681730139627531, 52.0120375363729], [-0.679773030269322, 52.0124061301102], [-0.679926358028573, 52.0126777628318], [-0.680770943526637, 52.0125840190022], [-0.680921462662743, 52.0129489414775], [-0.680208964219758, 52.0132001229199], [-0.680724932772227, 52.0143522412855], [-0.683405066538332, 52.0141634075679], [-0.683636245577271, 52.0146169850551], [-0.682948186089685, 52.0156004781764], [-0.681921597441989, 52.0158227745261], [-0.680066948123321, 52.0154021676408], [-0.679361847811863, 52.0156059871372], [-0.679482503026205, 52.0162656400241], [-0.679084970412389, 52.0165694146625], [-0.680732376638819, 52.0161241636895], [-0.681182927659199, 52.0166237414878], [-0.680075041131057, 52.0174368519395], [-0.679350814633937, 52.0171938436126], [-0.678150491400899, 52.0176842587727], [-0.67830386544318, 52.018106921031], [-0.679579653099745, 52.0179275983902], [-0.679873090306914, 52.0181298397928], [-0.680310367000675, 52.0195721397898], [-0.679918398723486, 52.0210063711409], [-0.678995750383389, 52.0204153013728], [-0.676281339906652, 52.021289653845], [-0.675488052458738, 52.0203993196363]]]}, "properties": {"LSOA21CD": "E01016826", "LSOA21NM": "Milton Keynes 024D", "LAT": 52.01649, "LONG": -0.67792, "fuel_poverty_rate_effective": 0.0355, "asset_total_mw": 0.0, "ec_count": 0.0, "population_effective": 1317, "deprivation_score": 2.833, "active": false}}, {"type": "Feature", "geometry": {"type": "Polygon", "coordinates": [[[-0.685390592314103, 52.0174618415928], [-0.684871092441336, 52.0171177097047], [-0.684277707909466, 52.0172843298319], [-0.682985770622498, 52.0174248327023], [-0.682146285244514, 52.0164940517083], [-0.681921597441989, 52.0158227745261], [-0.682948186089685, 52.0156004781764], [-0.683636245577271, 52.0146169850551], [-0.683405066538332, 52.0141634075679], [-0.680724932772227, 52.0143522412855], [-0.680208964219758, 52.0132001229199], [-0.680921462662743, 52.0129489414775], [-0.680770943526637, 52.0125840190022], [-0.679926358028573, 52.0126777628318], [-0.679773030269322, 52.0124061301102], [-0.681730139627531, 52.0120375363729], [-0.681584148406466, 52.010913893485], [-0.688449946719988, 52.0079941289116], [-0.695888139468838, 52.0043847803866], [-0.69584314260254, 52.0051248982177], [-0.696270406104674, 52.0054623112232], [-0.698501133538473, 52.0049025120456], [-0.699037585536858, 52.0050603366927], [-0.697310454085265, 52.0061158227378], [-0.697588743305911, 52.0063757228515], [-0.69704247842424, 52.0065143149441], [-0.695465099583102, 52.0060242114596], [-0.694588855379531, 52.0086105284998], [-0.695568550370152, 52.0084955188289], [-0.695591817274495, 52.0081597987714], [-0.696294725520744, 52.008332802865], [-0.696723883955777, 52.0078136298349], [-0.697220847991869, 52.0078009421854], [-0.696499533211363, 52.0085951386845], [-0.698155376916816, 52.0085693150624], [-0.698267931884405, 52.009595921164], [-0.695761915252904, 52.0097029594355], [-0.695667797512723, 52.0094164744073], [-0.694548212624919, 52.0094361810553], [-0.694610731914796, 52.0101001931939], [-0.695635889772515, 52.0102390670379], [-0.696522750635863, 52.0099954156588], [-0.696815254133935, 52.010307453147], [-0.697780224764695, 52.0100933385881], [-0.698006543213496, 52.0103998585237], [-0.697919890965653, 52.0108754501473], [-0.696315222419504, 52.0111224512207], [-0.696445738886493, 52.0118706461981], [-0.697060394842569, 52.0118729996611], [-0.695450775426699, 52.012106959401], [-0.695570638069446, 52.0124949194996], [-0.693930931521147, 52.0127042124836], [-0.692387613847541, 52.0133160303586], [-0.693458143378338, 52.0141597020397], [-0.693354831427035, 52.0153195274682], [-0.691438800300747, 52.0152903469587], [-0.691610814709651, 52.0156708837336], [-0.69246133110675, 52.015538255416], [-0.692820803886502, 52.0161538332896], [-0.69229312030561, 52.0164598139661], [-0.692447502607591, 52.0171628611769], [-0.692056801094312, 52.0172185445242], [-0.69164925986715, 52.0161924832827], [-0.690378591666536, 52.0159400723587], [-0.689931812370516, 52.0164053440162], [-0.690359658426448, 52.0166930417875], [-0.689813677970426, 52.0167968954952], [-0.689885066596905, 52.0170802054843], [-0.68862383913082, 52.0173541631618], [-0.687451722558495, 52.017071375523], [-0.685355921746896, 52.0180472982656], [-0.684827647474058, 52.0175839140084], [-0.685390592314103, 52.0174618415928]]]}, "properties": {"LSOA21CD": "E01016827", "LSOA21NM": "Milton Keynes 022D", "LAT": 52.01231, "LONG": -0.6893, "fuel_poverty_rate_effective": 0.0434, "asset_total_mw": 0.0, "ec_count": 0.0, "population_effective": 1679, "deprivation_score": 14.619, "active": false}}, {"type": "Feature", "geometry": {"type": "Polygon", "coordinates": [[[-0.695713886741987, 52.0170888389583], [-0.696769101690478, 52.0153735257259], [-0.694786730099546, 52.0153994817345], [-0.693762744800823, 52.0157867405995], [-0.694201262338692, 52.0161810737307], [-0.693709774589906, 52.0163843474853], [-0.69365214869034, 52.0161383135588], [-0.692820803886502, 52.0161538332896], [-0.69246133110675, 52.015538255416], [-0.691610814709651, 52.0156708837336], [-0.691438800300747, 52.0152903469587], [-0.693354831427035, 52.0153195274682], [-0.693458143378338, 52.0141597020397], [-0.692387613847541, 52.0133160303586], [-0.693930931521147, 52.0127042124836], [-0.695570638069446, 52.0124949194996], [-0.695450775426699, 52.012106959401], [-0.697060394842569, 52.0118729996611], [-0.696445738886493, 52.0118706461981], [-0.696315222419504, 52.0111224512207], [-0.697919890965653, 52.0108754501473], [-0.698006543213496, 52.0103998585237], [-0.697780224764695, 52.0100933385881], [-0.696815254133935, 52.010307453147], [-0.696522750635863, 52.0099954156588], [-0.695635889772515, 52.0102390670379], [-0.694610731914796, 52.0101001931939], [-0.694548212624919, 52.0094361810553], [-0.695667797512723, 52.0094164744073], [-0.695761915252904, 52.0097029594355], [-0.698267931884405, 52.009595921164], [-0.698155376916816, 52.0085693150624], [-0.696499533211363, 52.0085951386845], [-0.697220847991869, 52.0078009421854], [-0.696723883955777, 52.0078136298349], [-0.696294725520744, 52.008332802865], [-0.695591817274495, 52.0081597987714], [-0.695568550370152, 52.0084955188289], [-0.694588855379531, 52.0086105284998], [-0.695465099583102, 52.0060242114596], [-0.69704247842424, 52.0065143149441], [-0.697588743305911, 52.0063757228515], [-0.697310454085265, 52.0061158227378], [-0.699037585536858, 52.0050603366927], [-0.698501133538473, 52.0049025120456], [-0.696270406104674, 52.0054623112232], [-0.69584314260254, 52.0051248982177], [-0.695888139468838, 52.0043847803866], [-0.702907474967269, 52.0020927527583], [-0.71015847832741, 52.0006877374837], [-0.709398808988061, 52.0016812721578], [-0.710130162059853, 52.0054916394187], [-0.711240744375739, 52.007813656253], [-0.7090624965762, 52.0088903700322], [-0.710836091705285, 52.0109948860218], [-0.710547001846156, 52.0138925999335], [-0.711770196597529, 52.0151583080685], [-0.711520704942362, 52.0163288973555], [-0.708582520267593, 52.0160459266837], [-0.704723937198218, 52.016444186236], [-0.704319085204479, 52.0162721561519], [-0.702645124665792, 52.0167349061472], [-0.70146911636609, 52.0167345967152], [-0.700624905940746, 52.0170914361796], [-0.699990941360902, 52.0168416765808], [-0.698149111497221, 52.0170371457015], [-0.697276816130895, 52.0174680896677], [-0.696169929456857, 52.0178009160485], [-0.695895003878505, 52.0178879149978], [-0.695713886741987, 52.0170888389583]]]}, "properties": {"LSOA21CD": "E01016828", "LSOA21NM": "Milton Keynes 022E", "LAT": 52.00954, "LONG": -0.70186, "fuel_poverty_rate_effective": 0.0385999999999999, "asset_total_mw": 0.0, "ec_count": 0.0, "population_effective": 1667, "deprivation_score": 8.114, "active": false}}, {"type": "Feature", "geometry": {"type": "Polygon", "coordinates": [[[-0.765195015610806, 51.994530146434], [-0.763054381186462, 51.9932885757991], [-0.762399909140142, 51.9932690267594], [-0.762108037693581, 51.9930133473156], [-0.761696098557038, 51.9931896900891], [-0.761178800751764, 51.9935154294539], [-0.760273277283781, 51.9932744228233], [-0.759935510490842, 51.9928331973237], [-0.759185162731869, 51.993486969001], [-0.75886377987899, 51.993182796954], [-0.756674755866799, 51.9931021897756], [-0.755662213951711, 51.9925184016299], [-0.755203548798737, 51.9922615114814], [-0.754688607079182, 51.9924724819898], [-0.754339637855745, 51.991872696449], [-0.753906218727613, 51.9918364009675], [-0.75403208732482, 51.9912799050593], [-0.754338038167253, 51.991304548441], [-0.754771369516035, 51.991339636568], [-0.757194704303296, 51.9910509615582], [-0.76019506976824, 51.990252013467], [-0.762910237946049, 51.9899790632784], [-0.766301770639018, 51.9896335556053], [-0.766134249608155, 51.9904158196723], [-0.764188428307099, 51.9917719532651], [-0.764742233807015, 51.9921418805446], [-0.766006962477589, 51.9923754484345], [-0.766641564511234, 51.9929635310616], [-0.766486072441536, 51.9935487984784], [-0.768003650913539, 51.9935282984823], [-0.768618849558705, 51.9941527461867], [-0.766811485395803, 51.9955260253139], [-0.765195015610806, 51.994530146434]]]}, "properties": {"LSOA21CD": "E01016829", "LSOA21NM": "Milton Keynes 029A", "LAT": 51.99251, "LONG": -0.76095, "fuel_poverty_rate_effective": 0.1036, "asset_total_mw": 0.0, "ec_count": 0.0, "population_effective": 1609, "deprivation_score": 23.355, "active": false}}, {"type": "Feature", "geometry": {"type": "Polygon", "coordinates": [[[-0.766231822971392, 51.9894263448402], [-0.765999923112076, 51.9885290596135], [-0.765898014459737, 51.9871196796338], [-0.765872267815002, 51.986111433747], [-0.765724518607373, 51.9844965537308], [-0.76934622678058, 51.9834720272383], [-0.771205786178424, 51.982912655914], [-0.772422098818284, 51.9842684541803], [-0.773627588479792, 51.9856325090373], [-0.772552399526357, 51.9859778827378], [-0.772016315269756, 51.9868295079077], [-0.770721215882666, 51.9866882860914], [-0.768733045929712, 51.9876592577597], [-0.768677842080295, 51.9893328240628], [-0.76787276190287, 51.9889581679151], [-0.766231822971392, 51.9894263448402]]]}, "properties": {"LSOA21CD": "E01016830", "LSOA21NM": "Milton Keynes 031D", "LAT": 51.98618, "LONG": -0.76922, "fuel_poverty_rate_effective": 0.0399, "asset_total_mw": 0.0, "ec_count": 0.0, "population_effective": 1215, "deprivation_score": 10.051, "active": false}}, {"type": "Feature", "geometry": {"type": "Polygon", "coordinates": [[[-0.762360607953944, 51.9991488379713], [-0.762086532592866, 51.998864404454], [-0.7614829902359, 51.9991587222081], [-0.761683461930768, 51.9989628136086], [-0.761228635037375, 51.9987635590941], [-0.76083670793944, 51.9982076133791], [-0.761759944355763, 51.9982522063071], [-0.762212115715669, 51.9980531244361], [-0.764053189692141, 51.9982972891367], [-0.765678847910638, 51.9972044970322], [-0.765445081008678, 51.9970893055786], [-0.766363868735983, 51.996514089073], [-0.767499336959336, 51.9958798798095], [-0.766811485395803, 51.9955260253139], [-0.768618849558705, 51.9941527461867], [-0.771075555123639, 51.9955663818055], [-0.770393022065584, 51.99612000269], [-0.770925121271623, 51.9963910884715], [-0.775806402131462, 51.9951276086525], [-0.775127159177398, 51.9957640538423], [-0.772217201421691, 51.9983050191594], [-0.769912431011117, 51.9996057376303], [-0.76776183685025, 52.0005777786924], [-0.767187805774604, 52.0008734688447], [-0.763904995843748, 52.0029776437581], [-0.761244500665482, 52.0015737487451], [-0.761891249680767, 52.00113613666], [-0.761543404951036, 52.0008903755974], [-0.762423075069142, 52.0003757569431], [-0.76192060229148, 51.9997507963186], [-0.762360607953944, 51.9991488379713]]]}, "properties": {"LSOA21CD": "E01016831", "LSOA21NM": "Milton Keynes 029B", "LAT": 51.99856, "LONG": -0.76629, "fuel_poverty_rate_effective": 0.0785, "asset_total_mw": 0.0, "ec_count": 0.0, "population_effective": 1506, "deprivation_score": 14.08, "active": false}}, {"type": "Feature", "geometry": {"type": "Polygon", "coordinates": [[[-0.75688558360942, 51.9991671832384], [-0.75497285550132, 51.9981091810506], [-0.755969277362719, 51.9974819969367], [-0.755063801633332, 51.9970306798925], [-0.75553301156639, 51.9967599494889], [-0.756490779797646, 51.9973284278353], [-0.759453969840197, 51.9970900159122], [-0.76015284853645, 51.9966841584161], [-0.760417580320535, 51.9964797569727], [-0.759611060363638, 51.9961475810192], [-0.760182734819169, 51.9954882403285], [-0.760576275578119, 51.9957599807671], [-0.760753880474523, 51.9955240015355], [-0.762038641394525, 51.9951732786097], [-0.763827013948549, 51.9959691943352], [-0.765142249016997, 51.9956163656309], [-0.766286125147525, 51.9959537720753], [-0.766363868735983, 51.996514089073], [-0.765445081008678, 51.9970893055786], [-0.765678847910638, 51.9972044970322], [-0.764053189692141, 51.9982972891367], [-0.762212115715669, 51.9980531244361], [-0.761759944355763, 51.9982522063071], [-0.76083670793944, 51.9982076133791], [-0.761228635037375, 51.9987635590941], [-0.761683461930768, 51.9989628136086], [-0.7614829902359, 51.9991587222081], [-0.762086532592866, 51.998864404454], [-0.762360607953944, 51.9991488379713], [-0.76192060229148, 51.9997507963186], [-0.762423075069142, 52.0003757569431], [-0.761543404951036, 52.0008903755974], [-0.761891249680767, 52.00113613666], [-0.761244500665482, 52.0015737487451], [-0.760774773682523, 52.0013122629083], [-0.759353506408143, 52.0005258540596], [-0.75688558360942, 51.9991671832384]]]}, "properties": {"LSOA21CD": "E01016832", "LSOA21NM": "Milton Keynes 029C", "LAT": 51.99838, "LONG": -0.76064, "fuel_poverty_rate_effective": 0.0901, "asset_total_mw": 0.0, "ec_count": 0.0, "population_effective": 1267, "deprivation_score": 18.58, "active": false}}, {"type": "Feature", "geometry": {"type": "Polygon", "coordinates": [[[-0.768618849558705, 51.9941527461867], [-0.768003650913539, 51.9935282984823], [-0.766486072441536, 51.9935487984784], [-0.766641564511234, 51.9929635310616], [-0.766006962477589, 51.9923754484345], [-0.764742233807015, 51.9921418805446], [-0.764188428307099, 51.9917719532651], [-0.766134249608155, 51.9904158196723], [-0.766301770639018, 51.9896335556053], [-0.766231822971392, 51.9894263448402], [-0.76787276190287, 51.9889581679151], [-0.768677842080295, 51.9893328240628], [-0.768733045929712, 51.9876592577597], [-0.770721215882666, 51.9866882860914], [-0.772016315269756, 51.9868295079077], [-0.772552399526357, 51.9859778827378], [-0.773627588479792, 51.9856325090373], [-0.774626731055629, 51.9867505620735], [-0.776277806500232, 51.9886252827781], [-0.782823668368152, 51.9885197014665], [-0.789263914637989, 51.9879451895739], [-0.788660617786738, 51.9881122009706], [-0.786366175997657, 51.9888062554631], [-0.78368838252593, 51.990267693962], [-0.777992936659069, 51.9934673127633], [-0.775806402131462, 51.9951276086525], [-0.770925121271623, 51.9963910884715], [-0.770393022065584, 51.99612000269], [-0.771075555123639, 51.9955663818055], [-0.768618849558705, 51.9941527461867]]]}, "properties": {"LSOA21CD": "E01016833", "LSOA21NM": "Milton Keynes 029D", "LAT": 51.99103, "LONG": -0.77386, "fuel_poverty_rate_effective": 0.0511, "asset_total_mw": 0.0, "ec_count": 0.0, "population_effective": 1235, "deprivation_score": 6.92, "active": false}}, {"type": "Feature", "geometry": {"type": "Polygon", "coordinates": [[[-0.753737116357005, 51.9967795795445], [-0.753538626861659, 51.9943455419751], [-0.753549968389936, 51.993307091632], [-0.753707017684524, 51.9926327399554], [-0.753906218727613, 51.9918364009675], [-0.754339637855745, 51.991872696449], [-0.754688607079182, 51.9924724819898], [-0.755203548798737, 51.9922615114814], [-0.755662213951711, 51.9925184016299], [-0.756674755866799, 51.9931021897756], [-0.75886377987899, 51.993182796954], [-0.759185162731869, 51.993486969001], [-0.759935510490842, 51.9928331973237], [-0.760273277283781, 51.9932744228233], [-0.761178800751764, 51.9935154294539], [-0.761696098557038, 51.9931896900891], [-0.762108037693581, 51.9930133473156], [-0.762399909140142, 51.9932690267594], [-0.763054381186462, 51.9932885757991], [-0.765195015610806, 51.994530146434], [-0.766811485395803, 51.9955260253139], [-0.767499336959336, 51.9958798798095], [-0.766363868735983, 51.996514089073], [-0.766286125147525, 51.9959537720753], [-0.765142249016997, 51.9956163656309], [-0.763827013948549, 51.9959691943352], [-0.762038641394525, 51.9951732786097], [-0.760753880474523, 51.9955240015355], [-0.760576275578119, 51.9957599807671], [-0.760182734819169, 51.9954882403285], [-0.759611060363638, 51.9961475810192], [-0.760417580320535, 51.9964797569727], [-0.76015284853645, 51.9966841584161], [-0.759453969840197, 51.9970900159122], [-0.756490779797646, 51.9973284278353], [-0.75553301156639, 51.9967599494889], [-0.755063801633332, 51.9970306798925], [-0.755969277362719, 51.9974819969367], [-0.75497285550132, 51.9981091810506], [-0.754311003897599, 51.9977443485041], [-0.754068558972915, 51.9976094775657], [-0.754538155072013, 51.9973359499266], [-0.753737116357005, 51.9967795795445]]]}, "properties": {"LSOA21CD": "E01016834", "LSOA21NM": "Milton Keynes 029E", "LAT": 51.99503, "LONG": -0.75976, "fuel_poverty_rate_effective": 0.1047, "asset_total_mw": 0.0, "ec_count": 0.0, "population_effective": 1674, "deprivation_score": 29.165, "active": false}}, {"type": "Feature", "geometry": {"type": "Polygon", "coordinates": [[[-0.780135487741815, 52.0705986070815], [-0.780426229911972, 52.0675208772646], [-0.777115760822153, 52.0677387858158], [-0.776633525504706, 52.0672304346154], [-0.780431470406609, 52.0660508442708], [-0.782894748257581, 52.0652070571956], [-0.784006727378481, 52.0648256257363], [-0.787274023029782, 52.0632225478955], [-0.790871843366977, 52.0620365142462], [-0.791563794832428, 52.0623267935811], [-0.792550897667067, 52.0616950304622], [-0.793530112095557, 52.062010656356], [-0.79319083851663, 52.0623322468262], [-0.790994212286789, 52.06286390447], [-0.791639149252396, 52.0638494968202], [-0.79128855191381, 52.0639733478531], [-0.790626617170762, 52.0636516910118], [-0.790575216096782, 52.0643085043047], [-0.791312126163771, 52.0641588161873], [-0.791777792556099, 52.064618214265], [-0.789509701877727, 52.0654131094716], [-0.789703201344757, 52.0656449117047], [-0.78896668954039, 52.0658942136032], [-0.788452723915326, 52.0655857544337], [-0.788058625866175, 52.065721316341], [-0.788510914716181, 52.0662277828177], [-0.788694424483752, 52.0664297097436], [-0.788004816865371, 52.0667365267088], [-0.789193784224986, 52.0677867706367], [-0.787713420153345, 52.0685491041098], [-0.788926257565087, 52.0691200209222], [-0.78832461699456, 52.0705636490892], [-0.785667484132538, 52.0716861443855], [-0.785006041113973, 52.0731774612957], [-0.783678874649026, 52.07406271417], [-0.781995602353871, 52.0737214754269], [-0.780135487741815, 52.0705986070815]]]}, "properties": {"LSOA21CD": "E01016835", "LSOA21NM": "Milton Keynes 006D", "LAT": 52.06881, "LONG": -0.78497, "fuel_poverty_rate_effective": 0.1124, "asset_total_mw": 0.0, "ec_count": 0.0, "population_effective": 1834, "deprivation_score": 34.611, "active": false}}, {"type": "Feature", "geometry": {"type": "Polygon", "coordinates": [[[-0.812501401816784, 52.0613581100703], [-0.81296337668799, 52.0606527829809], [-0.812811408845317, 52.0592665965944], [-0.812763146417575, 52.0589580063684], [-0.813810933878453, 52.0588901546658], [-0.81424301575128, 52.0588661216718], [-0.814083621186681, 52.0579794627297], [-0.818193260833053, 52.0577076954037], [-0.818285489538146, 52.0571171815048], [-0.81967878535923, 52.0566925742936], [-0.820354573171128, 52.0571310410252], [-0.820905713451347, 52.0568217583192], [-0.821479764155172, 52.0572293074079], [-0.821973858296987, 52.0577655573452], [-0.820397068402597, 52.0586421021448], [-0.81912131427898, 52.059802985485], [-0.817925614720498, 52.0599162793717], [-0.817877018548384, 52.0603451107749], [-0.818627690594647, 52.0610427835546], [-0.817527403777876, 52.0613919141744], [-0.817575724632308, 52.0616526919856], [-0.816479896331221, 52.0617221800219], [-0.816445100675393, 52.0614610567164], [-0.815274301250292, 52.0612635306752], [-0.814223119377033, 52.061612778443], [-0.81424403105191, 52.061870516686], [-0.813163573192255, 52.0619584078757], [-0.812501401816784, 52.0613581100703]]]}, "properties": {"LSOA21CD": "E01016836", "LSOA21NM": "Milton Keynes 008A", "LAT": 52.05933, "LONG": -0.81632, "fuel_poverty_rate_effective": 0.1246, "asset_total_mw": 0.0, "ec_count": 0.0, "population_effective": 1756, "deprivation_score": 12.87, "active": false}}, {"type": "Feature", "geometry": {"type": "Polygon", "coordinates": [[[-0.808103868601261, 52.0621238664459], [-0.807704319749458, 52.0613408815021], [-0.806439216486338, 52.0613330981734], [-0.806126824007766, 52.0608133382645], [-0.806430049963015, 52.0604756261009], [-0.805500770247545, 52.0598096421667], [-0.806694486567681, 52.0598441712362], [-0.807559702438181, 52.0593238018623], [-0.808801594056211, 52.0592754628808], [-0.809051415813599, 52.0595027842572], [-0.81123584793635, 52.0586043225259], [-0.812264046508446, 52.0593936701311], [-0.812811408845317, 52.0592665965944], [-0.81296337668799, 52.0606527829809], [-0.812501401816784, 52.0613581100703], [-0.813163573192255, 52.0619584078757], [-0.81424403105191, 52.061870516686], [-0.814223119377033, 52.061612778443], [-0.815274301250292, 52.0612635306752], [-0.816445100675393, 52.0614610567164], [-0.816479896331221, 52.0617221800219], [-0.817575724632308, 52.0616526919856], [-0.817700799621245, 52.0624447563764], [-0.81230373309547, 52.0628625563232], [-0.807854562641684, 52.063514330228], [-0.807753518847538, 52.0632913399832], [-0.807445571491837, 52.062611701245], [-0.808103868601261, 52.0621238664459]]]}, "properties": {"LSOA21CD": "E01016837", "LSOA21NM": "Milton Keynes 008B", "LAT": 52.06096, "LONG": -0.8116, "fuel_poverty_rate_effective": 0.1341, "asset_total_mw": 0.0, "ec_count": 0.0, "population_effective": 1890, "deprivation_score": 17.471, "active": false}}, {"type": "Feature", "geometry": {"type": "Polygon", "coordinates": [[[-0.803498558179861, 52.0620828545468], [-0.802695965794826, 52.06159879734], [-0.80264292414292, 52.06143972416], [-0.801605744021196, 52.0575133459463], [-0.800771609476325, 52.0556793718551], [-0.801955677544833, 52.0554024339754], [-0.804772917949983, 52.0548334418261], [-0.808873798028228, 52.053798086092], [-0.811633605241717, 52.0527798130826], [-0.811879758292163, 52.0538674994122], [-0.812556862605152, 52.0543932990875], [-0.813339235100972, 52.0545688598154], [-0.815078840658102, 52.0556838772521], [-0.816595144707734, 52.0566952550843], [-0.81615367879664, 52.0569046246252], [-0.816569078791106, 52.0571373005868], [-0.818285489538146, 52.0571171815048], [-0.818193260833053, 52.0577076954037], [-0.814083621186681, 52.0579794627297], [-0.81424301575128, 52.0588661216718], [-0.813810933878453, 52.0588901546658], [-0.812763146417575, 52.0589580063684], [-0.812811408845317, 52.0592665965944], [-0.812264046508446, 52.0593936701311], [-0.81123584793635, 52.0586043225259], [-0.809051415813599, 52.0595027842572], [-0.808801594056211, 52.0592754628808], [-0.807559702438181, 52.0593238018623], [-0.805806380607523, 52.0584246556506], [-0.803457453526111, 52.05838063904], [-0.805502544071325, 52.061996153534], [-0.805315505100354, 52.0617881069886], [-0.803498558179861, 52.0620828545468]]]}, "properties": {"LSOA21CD": "E01016838", "LSOA21NM": "Milton Keynes 008C", "LAT": 52.05746, "LONG": -0.80988, "fuel_poverty_rate_effective": 0.1332, "asset_total_mw": 0.0, "ec_count": 0.0, "population_effective": 1633, "deprivation_score": 17.566, "active": false}}, {"type": "Feature", "geometry": {"type": "Polygon", "coordinates": [[[-0.816595144707734, 52.0566952550843], [-0.815078840658102, 52.0556838772521], [-0.813339235100972, 52.0545688598154], [-0.812556862605152, 52.0543932990875], [-0.811879758292163, 52.0538674994122], [-0.811633605241717, 52.0527798130826], [-0.811976313495268, 52.0526271584032], [-0.81306246877048, 52.0521702786778], [-0.814124499019057, 52.0518863447275], [-0.817020770474294, 52.0512561748408], [-0.822808776755056, 52.0503800418777], [-0.827249256399032, 52.0511416217931], [-0.826668713875692, 52.0518152664809], [-0.826305177708831, 52.0529412561009], [-0.826807714598939, 52.0541490515], [-0.826178390727555, 52.0548634243396], [-0.82577016326102, 52.0547311215199], [-0.824956069557933, 52.0554657861669], [-0.824421276463027, 52.0553998984093], [-0.824297668838006, 52.0545330212908], [-0.822777822731462, 52.0529811930566], [-0.823176636232678, 52.05266632583], [-0.820757761708108, 52.0528276667522], [-0.820604232148608, 52.0535724194263], [-0.820030173369205, 52.0533761466431], [-0.819663856892179, 52.0538031739192], [-0.820502993731768, 52.0540929094441], [-0.819605425137174, 52.0549604356287], [-0.822808903441574, 52.0562559563607], [-0.823640113229153, 52.0566005814402], [-0.823098926342636, 52.0570531965821], [-0.821682207373337, 52.0563658709846], [-0.820905713451347, 52.0568217583192], [-0.820354573171128, 52.0571310410252], [-0.81967878535923, 52.0566925742936], [-0.818285489538146, 52.0571171815048], [-0.816569078791106, 52.0571373005868], [-0.81615367879664, 52.0569046246252], [-0.816595144707734, 52.0566952550843]]]}, "properties": {"LSOA21CD": "E01016839", "LSOA21NM": "Milton Keynes 012D", "LAT": 52.05385, "LONG": -0.81939, "fuel_poverty_rate_effective": 0.1153, "asset_total_mw": 0.0, "ec_count": 0.0, "population_effective": 1935, "deprivation_score": 41.421, "active": false}}, {"type": "Feature", "geometry": {"type": "Polygon", "coordinates": [[[-0.804927794459119, 52.0732599402697], [-0.802999287960517, 52.072787327669], [-0.801201637234995, 52.0707298128098], [-0.800237501099016, 52.0704117644342], [-0.800472398018698, 52.0695779637546], [-0.798021733843502, 52.068166068973], [-0.798074396857473, 52.0674220506991], [-0.796176030539002, 52.0669613584973], [-0.792211026583987, 52.0671661721991], [-0.789193784224986, 52.0677867706367], [-0.788004816865371, 52.0667365267088], [-0.788694424483752, 52.0664297097436], [-0.788510914716181, 52.0662277828177], [-0.788058625866175, 52.065721316341], [-0.788452723915326, 52.0655857544337], [-0.78896668954039, 52.0658942136032], [-0.789703201344757, 52.0656449117047], [-0.789509701877727, 52.0654131094716], [-0.791777792556099, 52.064618214265], [-0.791312126163771, 52.0641588161873], [-0.790575216096782, 52.0643085043047], [-0.790626617170762, 52.0636516910118], [-0.79128855191381, 52.0639733478531], [-0.791639149252396, 52.0638494968202], [-0.790994212286789, 52.06286390447], [-0.79319083851663, 52.0623322468262], [-0.793530112095557, 52.062010656356], [-0.792550897667067, 52.0616950304622], [-0.792646047795285, 52.0616618160927], [-0.797184706748525, 52.0602238913372], [-0.800689755408259, 52.0602128635802], [-0.80264292414292, 52.06143972416], [-0.802695965794826, 52.06159879734], [-0.803498558179861, 52.0620828545468], [-0.805315505100354, 52.0617881069886], [-0.805502544071325, 52.061996153534], [-0.803457453526111, 52.05838063904], [-0.805806380607523, 52.0584246556506], [-0.807559702438181, 52.0593238018623], [-0.806694486567681, 52.0598441712362], [-0.805500770247545, 52.0598096421667], [-0.806430049963015, 52.0604756261009], [-0.806126824007766, 52.0608133382645], [-0.806439216486338, 52.0613330981734], [-0.807704319749458, 52.0613408815021], [-0.808103868601261, 52.0621238664459], [-0.807445571491837, 52.062611701245], [-0.807753518847538, 52.0632913399832], [-0.807854562641684, 52.063514330228], [-0.805464895269904, 52.0642095705699], [-0.806901090657009, 52.0648506259914], [-0.810235439318446, 52.0668729459015], [-0.808096507621477, 52.0670323586123], [-0.806782133096241, 52.067511048384], [-0.805781136707858, 52.0681347746189], [-0.807697329059986, 52.0694765954249], [-0.808612364002217, 52.0705764644923], [-0.808675540079854, 52.0715967599318], [-0.807827460135146, 52.0729844817774], [-0.80782139837872, 52.0729841686434], [-0.804927794459119, 52.0732599402697]]]}, "properties": {"LSOA21CD": "E01016841", "LSOA21NM": "Milton Keynes 008D", "LAT": 52.06576, "LONG": -0.79911, "fuel_poverty_rate_effective": 0.099, "asset_total_mw": 0.0, "ec_count": 0.0, "population_effective": 2613, "deprivation_score": 18.676, "active": false}}, {"type": "Feature", "geometry": {"type": "Polygon", "coordinates": [[[-0.730101730483431, 52.022681023506], [-0.727686552282812, 52.0194606855404], [-0.728193480945158, 52.0192269808969], [-0.727591341805133, 52.0184211824942], [-0.727723974617674, 52.0179759903393], [-0.729085630317878, 52.0191369192355], [-0.730070483575524, 52.0187673898582], [-0.729564869278767, 52.017830932534], [-0.729817531232956, 52.0172133703011], [-0.731142286436657, 52.0184665437386], [-0.731539215498022, 52.0184350276774], [-0.732656083228561, 52.0181053602466], [-0.73332462755264, 52.017840308819], [-0.732481705725065, 52.0160264795155], [-0.731874703804395, 52.0159082536879], [-0.733127833600423, 52.0157069095776], [-0.735107736869129, 52.0169077694438], [-0.736735010340814, 52.0160073129939], [-0.737343807035274, 52.0161544621983], [-0.737233128055896, 52.01640351497], [-0.734054516258934, 52.0186418830885], [-0.736315911602047, 52.0202721096873], [-0.735711941975805, 52.0203320748988], [-0.735166325429079, 52.0213119607621], [-0.734955059357799, 52.0213030668293], [-0.733824465009709, 52.0216243578074], [-0.732502368791377, 52.0219977414521], [-0.731496563906768, 52.0223568570523], [-0.730577734890715, 52.0225427613739], [-0.730101730483431, 52.022681023506]]]}, "properties": {"LSOA21CD": "E01016842", "LSOA21NM": "Milton Keynes 023B", "LAT": 52.01919, "LONG": -0.73144, "fuel_poverty_rate_effective": 0.1551, "asset_total_mw": 0.0, "ec_count": 0.0, "population_effective": 1550, "deprivation_score": 57.097, "active": false}}, {"type": "Feature", "geometry": {"type": "Polygon", "coordinates": [[[-0.723588824890465, 52.0231392703382], [-0.722175267130517, 52.0220365022597], [-0.720033439086906, 52.0212896899534], [-0.719192492157346, 52.0206747611844], [-0.718105238588884, 52.0186859524718], [-0.720689867608991, 52.0180613014735], [-0.722160361272868, 52.0178096582677], [-0.725419016620071, 52.016937721097], [-0.726688526828839, 52.0166432811477], [-0.727337868624763, 52.0165113749387], [-0.731874703804395, 52.0159082536879], [-0.732481705725065, 52.0160264795155], [-0.73332462755264, 52.017840308819], [-0.732656083228561, 52.0181053602466], [-0.731539215498022, 52.0184350276774], [-0.731142286436657, 52.0184665437386], [-0.729817531232956, 52.0172133703011], [-0.729564869278767, 52.017830932534], [-0.730070483575524, 52.0187673898582], [-0.729085630317878, 52.0191369192355], [-0.727723974617674, 52.0179759903393], [-0.727591341805133, 52.0184211824942], [-0.728193480945158, 52.0192269808969], [-0.727686552282812, 52.0194606855404], [-0.726824689072411, 52.0197239510991], [-0.726488354152808, 52.0202777892647], [-0.725756848362592, 52.0203777853487], [-0.725432226955186, 52.020518140663], [-0.725692468436098, 52.0216179089587], [-0.726742248699437, 52.0232736105592], [-0.72615482667398, 52.0234762644876], [-0.725454762455622, 52.0228673986548], [-0.725061950051151, 52.0230029429421], [-0.725369474359565, 52.0233362797305], [-0.723647986424969, 52.0236044085196], [-0.723588824890465, 52.0231392703382]]]}, "properties": {"LSOA21CD": "E01016843", "LSOA21NM": "Milton Keynes 023C", "LAT": 52.0197, "LONG": -0.72258, "fuel_poverty_rate_effective": 0.1515, "asset_total_mw": 0.0, "ec_count": 0.0, "population_effective": 1690, "deprivation_score": 53.152, "active": false}}, {"type": "Feature", "geometry": {"type": "Polygon", "coordinates": [[[-0.75152443077419, 52.0205200560462], [-0.749020844963985, 52.0191883121495], [-0.748377274342359, 52.0197928941814], [-0.747166493568434, 52.0198339698714], [-0.744877311734695, 52.0198725637439], [-0.744861423336594, 52.0220657792156], [-0.746034906293313, 52.0219829555409], [-0.745995457982952, 52.0235170791031], [-0.745072502267056, 52.0236918234458], [-0.744833585125944, 52.0229933096528], [-0.74278909625508, 52.0229711983219], [-0.742609839332398, 52.0224597973493], [-0.742618340443025, 52.0214309834367], [-0.741362581433503, 52.0207022062762], [-0.740188650034992, 52.0213051055221], [-0.740171006975911, 52.0202270925438], [-0.739298225972618, 52.019634963543], [-0.740722019993361, 52.0191992288162], [-0.740149889060706, 52.0184012313023], [-0.738700169225669, 52.0175145238937], [-0.737233128055896, 52.01640351497], [-0.737343807035274, 52.0161544621983], [-0.736735010340814, 52.0160073129939], [-0.735107736869129, 52.0169077694438], [-0.733127833600423, 52.0157069095776], [-0.73563663525804, 52.0149139443385], [-0.738079404123649, 52.0133428292711], [-0.739164457910605, 52.0126190400554], [-0.739194254932732, 52.0118105406645], [-0.739757243512554, 52.0117953416387], [-0.740134514018607, 52.011804853403], [-0.746419660595164, 52.012329911927], [-0.750217329692057, 52.0130818247384], [-0.753379369636966, 52.0142756251419], [-0.756292072485181, 52.0162554218065], [-0.759622729120116, 52.0212228702814], [-0.76153846709603, 52.0232586483294], [-0.757889032290546, 52.0257100425053], [-0.755861144550796, 52.0239855646765], [-0.754593619823433, 52.022804372523], [-0.751373370616434, 52.0207039300752], [-0.75152443077419, 52.0205200560462]]]}, "properties": {"LSOA21CD": "E01016844", "LSOA21NM": "Milton Keynes 023D", "LAT": 52.01875, "LONG": -0.74934, "fuel_poverty_rate_effective": 0.1614, "asset_total_mw": 0.0, "ec_count": 0.0, "population_effective": 1716, "deprivation_score": 63.165, "active": false}}, {"type": "Feature", "geometry": {"type": "Polygon", "coordinates": [[[-0.733524726616048, 52.0286070128611], [-0.731490156359322, 52.0256450659048], [-0.730526021830836, 52.0255187563006], [-0.729620109261781, 52.0254294276677], [-0.727269202835296, 52.0235485108681], [-0.726742248699437, 52.0232736105592], [-0.725692468436098, 52.0216179089587], [-0.725432226955186, 52.020518140663], [-0.725756848362592, 52.0203777853487], [-0.726488354152808, 52.0202777892647], [-0.726824689072411, 52.0197239510991], [-0.727686552282812, 52.0194606855404], [-0.730101730483431, 52.022681023506], [-0.730577734890715, 52.0225427613739], [-0.731496563906768, 52.0223568570523], [-0.732502368791377, 52.0219977414521], [-0.733824465009709, 52.0216243578074], [-0.734955059357799, 52.0213030668293], [-0.735166325429079, 52.0213119607621], [-0.735711941975805, 52.0203320748988], [-0.736315911602047, 52.0202721096873], [-0.734054516258934, 52.0186418830885], [-0.737233128055896, 52.01640351497], [-0.738700169225669, 52.0175145238937], [-0.740149889060706, 52.0184012313023], [-0.740722019993361, 52.0191992288162], [-0.739298225972618, 52.019634963543], [-0.740171006975911, 52.0202270925438], [-0.740188650034992, 52.0213051055221], [-0.736618390480406, 52.023552389861], [-0.73598178235687, 52.024201282847], [-0.737211682930835, 52.0245201727307], [-0.738551877824428, 52.0266001852028], [-0.737725551792994, 52.0272084445959], [-0.735060279167967, 52.0284533570113], [-0.734658871638729, 52.0282152710746], [-0.733857556332975, 52.0287191858036], [-0.733524726616048, 52.0286070128611]]]}, "properties": {"LSOA21CD": "E01016845", "LSOA21NM": "Milton Keynes 018C", "LAT": 52.02465, "LONG": -0.73295, "fuel_poverty_rate_effective": 0.1351, "asset_total_mw": 0.0, "ec_count": 0.0, "population_effective": 1811, "deprivation_score": 54.004, "active": false}}, {"type": "Feature", "geometry": {"type": "Polygon", "coordinates": [[[-0.733654681270086, 52.0328131593967], [-0.733757566390789, 52.0318417814217], [-0.733949516690981, 52.0298355401554], [-0.733524726616048, 52.0286070128611], [-0.733857556332975, 52.0287191858036], [-0.734658871638729, 52.0282152710746], [-0.735060279167967, 52.0284533570113], [-0.737725551792994, 52.0272084445959], [-0.737245496646324, 52.0277248011059], [-0.739175047544504, 52.028693682131], [-0.738742895589771, 52.0294188991638], [-0.738885513941296, 52.0307077836093], [-0.739989510940846, 52.0320446870432], [-0.740176904685994, 52.0317097966101], [-0.741307190749318, 52.0315791958092], [-0.741137461895925, 52.0311305410336], [-0.741941757564063, 52.0305186362806], [-0.742881594674654, 52.0304821303721], [-0.742804853681419, 52.0311809686163], [-0.743300581381831, 52.0313720965172], [-0.744319160889067, 52.0307444694665], [-0.743995594698507, 52.0303847418683], [-0.744333146820135, 52.0302682926479], [-0.745379751481898, 52.0315369699586], [-0.745177753537438, 52.0316414724574], [-0.741427581230969, 52.0333220916424], [-0.740665588692316, 52.03352711778], [-0.738111772161266, 52.0345622646938], [-0.736291938875961, 52.0354919290921], [-0.735892518490992, 52.0357121145552], [-0.734248885613752, 52.0342651314716], [-0.733654681270086, 52.0328131593967]]]}, "properties": {"LSOA21CD": "E01016846", "LSOA21NM": "Milton Keynes 018D", "LAT": 52.03145, "LONG": -0.73658, "fuel_poverty_rate_effective": 0.1015, "asset_total_mw": 0.0, "ec_count": 0.0, "population_effective": 1703, "deprivation_score": 24.898, "active": false}}, {"type": "Feature", "geometry": {"type": "Polygon", "coordinates": [[[-0.748963394719389, 52.0277109904117], [-0.748138755647319, 52.0268184032352], [-0.745812091804745, 52.0273087334234], [-0.745416557902842, 52.0264149293884], [-0.744661855997391, 52.0264446053313], [-0.744650297201234, 52.0261461523277], [-0.744833585125944, 52.0229933096528], [-0.745072502267056, 52.0236918234458], [-0.745995457982952, 52.0235170791031], [-0.746034906293313, 52.0219829555409], [-0.744861423336594, 52.0220657792156], [-0.744877311734695, 52.0198725637439], [-0.747166493568434, 52.0198339698714], [-0.748377274342359, 52.0197928941814], [-0.749020844963985, 52.0191883121495], [-0.75152443077419, 52.0205200560462], [-0.751373370616434, 52.0207039300752], [-0.754593619823433, 52.022804372523], [-0.755861144550796, 52.0239855646765], [-0.757889032290546, 52.0257100425053], [-0.755811562331438, 52.0270424657729], [-0.754264043511859, 52.0278694082144], [-0.748903969719067, 52.0298525399271], [-0.748130392090148, 52.0291503685781], [-0.748794418589383, 52.0288606984088], [-0.748281362845344, 52.028441640494], [-0.748974522682698, 52.0281522784473], [-0.748647645458592, 52.0278520879797], [-0.748963394719389, 52.0277109904117]]]}, "properties": {"LSOA21CD": "E01016847", "LSOA21NM": "Milton Keynes 021D", "LAT": 52.02493, "LONG": -0.75129, "fuel_poverty_rate_effective": 0.1009999999999999, "asset_total_mw": 0.0, "ec_count": 0.0, "population_effective": 2233, "deprivation_score": 45.581, "active": false}}, {"type": "Feature", "geometry": {"type": "Polygon", "coordinates": [[[-0.738885513941296, 52.0307077836093], [-0.738742895589771, 52.0294188991638], [-0.739175047544504, 52.028693682131], [-0.737245496646324, 52.0277248011059], [-0.737725551792994, 52.0272084445959], [-0.738551877824428, 52.0266001852028], [-0.737211682930835, 52.0245201727307], [-0.73598178235687, 52.024201282847], [-0.736618390480406, 52.023552389861], [-0.740188650034992, 52.0213051055221], [-0.741362581433503, 52.0207022062762], [-0.742618340443025, 52.0214309834367], [-0.742609839332398, 52.0224597973493], [-0.74278909625508, 52.0229711983219], [-0.744833585125944, 52.0229933096528], [-0.744650297201234, 52.0261461523277], [-0.744661855997391, 52.0264446053313], [-0.745416557902842, 52.0264149293884], [-0.745812091804745, 52.0273087334234], [-0.748138755647319, 52.0268184032352], [-0.748963394719389, 52.0277109904117], [-0.748647645458592, 52.0278520879797], [-0.748974522682698, 52.0281522784473], [-0.748281362845344, 52.028441640494], [-0.748794418589383, 52.0288606984088], [-0.748130392090148, 52.0291503685781], [-0.748903969719067, 52.0298525399271], [-0.748757971569938, 52.0299036445857], [-0.745379751481898, 52.0315369699586], [-0.744333146820135, 52.0302682926479], [-0.743995594698507, 52.0303847418683], [-0.744319160889067, 52.0307444694665], [-0.743300581381831, 52.0313720965172], [-0.742804853681419, 52.0311809686163], [-0.742881594674654, 52.0304821303721], [-0.741941757564063, 52.0305186362806], [-0.741137461895925, 52.0311305410336], [-0.741307190749318, 52.0315791958092], [-0.740176904685994, 52.0317097966101], [-0.739989510940846, 52.0320446870432], [-0.738885513941296, 52.0307077836093]]]}, "properties": {"LSOA21CD": "E01016848", "LSOA21NM": "Milton Keynes 018E", "LAT": 52.02596, "LONG": -0.74248, "fuel_poverty_rate_effective": 0.1001, "asset_total_mw": 0.0, "ec_count": 0.0, "population_effective": 1660, "deprivation_score": 40.824, "active": false}}, {"type": "Feature", "geometry": {"type": "Polygon", "coordinates": [[[-0.717810522420787, 52.017444490472], [-0.716148479018305, 52.0164522125086], [-0.714547444845961, 52.0168933383276], [-0.711520704942362, 52.0163288973555], [-0.711770196597529, 52.0151583080685], [-0.710547001846156, 52.0138925999335], [-0.710836091705285, 52.0109948860218], [-0.7090624965762, 52.0088903700322], [-0.711240744375739, 52.007813656253], [-0.710130162059853, 52.0054916394187], [-0.709398808988061, 52.0016812721578], [-0.71015847832741, 52.0006877374837], [-0.710729655119744, 51.9998048089352], [-0.712109325468442, 51.9993798904715], [-0.712498686505248, 51.9988655380487], [-0.712694730692315, 51.9983317703158], [-0.711697911096757, 51.9977323850494], [-0.710934526235946, 51.9965459233767], [-0.700354395829953, 51.9919978458149], [-0.701293755804418, 51.9898711119605], [-0.701561222761462, 51.9869601836848], [-0.703750695795752, 51.9880232282417], [-0.709319517197237, 51.9883432727939], [-0.711211544413451, 51.9888936250544], [-0.712520514246084, 51.9896703689928], [-0.71338418489586, 51.9898169162296], [-0.713521431722947, 51.9896233271123], [-0.714044293116747, 51.9901618573213], [-0.715022698728664, 51.9904207810945], [-0.718630409034591, 51.9904071058908], [-0.720278927261265, 51.990671060913], [-0.719999983162925, 51.9909557850886], [-0.717754698273518, 51.9908263894774], [-0.715919065568605, 51.9923531381076], [-0.71498558315351, 51.9929449586336], [-0.714297956356385, 51.9940703677743], [-0.71524397673212, 51.9965905213729], [-0.714728066236704, 51.9965129921898], [-0.715303630934216, 51.9974237196423], [-0.716058439683501, 51.9971672994199], [-0.716949697455846, 51.9956503940993], [-0.717860322305128, 51.9952118806033], [-0.717343881287201, 51.9965581971674], [-0.717952642998227, 51.9966637168305], [-0.718140077309306, 51.9971394996727], [-0.717166296096656, 51.9975421817224], [-0.716863704538814, 51.9980820900733], [-0.71626220506422, 51.9981005719641], [-0.719612300629968, 51.9991034682063], [-0.719251420244691, 51.9996449866228], [-0.719889892409246, 52.000049952647], [-0.715619608378406, 52.0003157801019], [-0.715689546121579, 52.0019439933789], [-0.716837280149427, 52.0045999762803], [-0.716612112135147, 52.0063598481576], [-0.719946278653095, 52.0054160331591], [-0.720861584780176, 52.0049943826596], [-0.724708646223608, 52.0044516328979], [-0.726491640117965, 52.0047676294046], [-0.729644061346143, 52.0076608999075], [-0.730741069426254, 52.0095699081996], [-0.731568742305028, 52.0124708542551], [-0.727577706123947, 52.01324236416], [-0.724868412151015, 52.013447335225], [-0.720201710798699, 52.0129746207781], [-0.720479322290735, 52.0145217987571], [-0.719562934756405, 52.0148357504246], [-0.720316757363742, 52.0159220535095], [-0.719277864343477, 52.0164242231046], [-0.718414134733595, 52.0167196230391], [-0.717810522420787, 52.017444490472]]]}, "properties": {"LSOA21CD": "E01033497", "LSOA21NM": "Milton Keynes 023E", "LAT": 52.00962, "LONG": -0.71573, "fuel_poverty_rate_effective": 0.0545, "asset_total_mw": 0.0, "ec_count": 0.0, "population_effective": 2163, "deprivation_score": 25.725, "active": false}}, {"type": "Feature", "geometry": {"type": "Polygon", "coordinates": [[[-0.711110310847584, 52.0180612393735], [-0.711520704942362, 52.0163288973555], [-0.714547444845961, 52.0168933383276], [-0.716148479018305, 52.0164522125086], [-0.717810522420787, 52.017444490472], [-0.718414134733595, 52.0167196230391], [-0.719277864343477, 52.0164242231046], [-0.720316757363742, 52.0159220535095], [-0.719562934756405, 52.0148357504246], [-0.720479322290735, 52.0145217987571], [-0.720201710798699, 52.0129746207781], [-0.724868412151015, 52.013447335225], [-0.727577706123947, 52.01324236416], [-0.731568742305028, 52.0124708542551], [-0.730741069426254, 52.0095699081996], [-0.729644061346143, 52.0076608999075], [-0.726491640117965, 52.0047676294046], [-0.724708646223608, 52.0044516328979], [-0.720861584780176, 52.0049943826596], [-0.719946278653095, 52.0054160331591], [-0.718157163487454, 52.0033988710541], [-0.719821302245202, 52.0030949236002], [-0.719784998825551, 52.0023724005731], [-0.721843212906425, 52.0017321566044], [-0.722430117699709, 52.0010731563894], [-0.726218898908596, 52.0025707813476], [-0.726642459201056, 52.0015053828861], [-0.727866025951891, 52.0004146361178], [-0.727370980669415, 52.0003905614367], [-0.727517006488681, 51.9994979792069], [-0.726815115409734, 51.9994553614898], [-0.728964011737702, 51.9981351026353], [-0.729102998426852, 51.9977400308168], [-0.730086804499803, 51.9979566741976], [-0.730090202435451, 51.99728222719], [-0.731483534469622, 51.9972147856185], [-0.732199567504434, 51.9981665803338], [-0.733129831329717, 51.997726800118], [-0.733898137557231, 51.9978348799637], [-0.733995005223904, 51.9969990317284], [-0.73460735851365, 51.996978635712], [-0.734472511907237, 51.9950421483005], [-0.734457758378714, 51.9945313908661], [-0.735305979897208, 51.9939553111335], [-0.735811705296363, 51.9938491579203], [-0.736856875090263, 51.9971669371487], [-0.737648869867646, 51.9995848637284], [-0.739328772147319, 52.0035017576455], [-0.739697166111159, 52.0042745579799], [-0.739922182475828, 52.0046443511152], [-0.741821847539498, 52.0073574604116], [-0.742796675861585, 52.0085723906271], [-0.743514859633831, 52.009405853169], [-0.745272876394207, 52.0112578064945], [-0.746419660595164, 52.012329911927], [-0.740134514018607, 52.011804853403], [-0.739757243512554, 52.0117953416387], [-0.739194254932732, 52.0118105406645], [-0.739164457910605, 52.0126190400554], [-0.738079404123649, 52.0133428292711], [-0.73563663525804, 52.0149139443385], [-0.733127833600423, 52.0157069095776], [-0.731874703804395, 52.0159082536879], [-0.727337868624763, 52.0165113749387], [-0.726688526828839, 52.0166432811477], [-0.725419016620071, 52.016937721097], [-0.722160361272868, 52.0178096582677], [-0.720689867608991, 52.0180613014735], [-0.718105238588884, 52.0186859524718], [-0.714822759347241, 52.0199870071087], [-0.710563470037971, 52.0206433967516], [-0.70981209044112, 52.0196740836844], [-0.710165140185598, 52.0183063266946], [-0.711110310847584, 52.0180612393735]]]}, "properties": {"LSOA21CD": "E01033498", "LSOA21NM": "Milton Keynes 023F", "LAT": 52.00228, "LONG": -0.7285, "fuel_poverty_rate_effective": 0.075, "asset_total_mw": 0.0, "ec_count": 0.0, "population_effective": 2006, "deprivation_score": 35.867, "active": false}}, {"type": "Feature", "geometry": {"type": "Polygon", "coordinates": [[[-0.746534822688496, 52.0437133828888], [-0.744480332344935, 52.0416775111549], [-0.749505680322753, 52.0393969207013], [-0.750072734550544, 52.0391490235235], [-0.755468082603461, 52.0368001340431], [-0.756509144151785, 52.0363783318956], [-0.757816125248777, 52.0358297495672], [-0.758558216476815, 52.0363190375525], [-0.759649178381064, 52.0358809494873], [-0.760294211766332, 52.0364565026187], [-0.76083624040784, 52.0360690500207], [-0.76172087546226, 52.0365841192646], [-0.762952869742481, 52.036606264267], [-0.762993552353978, 52.0367253247672], [-0.762400445392325, 52.0369841039733], [-0.761968870883441, 52.0371710629559], [-0.759088433519293, 52.0382308200516], [-0.75594052738029, 52.0397621630555], [-0.757804321497699, 52.0414272629095], [-0.759353978048834, 52.0407512344803], [-0.761232754583359, 52.042407436635], [-0.764051091131165, 52.0411961845406], [-0.765673112389464, 52.0426518135579], [-0.764134989225627, 52.0433081499605], [-0.764816506152002, 52.0438499998267], [-0.763619387160441, 52.0443701481134], [-0.761386420397038, 52.0453259183141], [-0.760618073302143, 52.0456563722877], [-0.757899751411774, 52.0468214205964], [-0.754276582959907, 52.0483211813], [-0.753813295861683, 52.0484972412695], [-0.751661893145378, 52.0492517812795], [-0.748584344670743, 52.0463220966766], [-0.746534822688496, 52.0437133828888]]]}, "properties": {"LSOA21CD": "E01033499", "LSOA21NM": "Milton Keynes 014E", "LAT": 52.04255, "LONG": -0.75559, "fuel_poverty_rate_effective": 0.0528, "asset_total_mw": 0.0, "ec_count": 0.0, "population_effective": 2633, "deprivation_score": 38.056, "active": false}}, {"type": "Feature", "geometry": {"type": "Polygon", "coordinates": [[[-0.765673112389464, 52.0426518135579], [-0.764051091131165, 52.0411961845406], [-0.761232754583359, 52.042407436635], [-0.759353978048834, 52.0407512344803], [-0.757804321497699, 52.0414272629095], [-0.75594052738029, 52.0397621630555], [-0.759088433519293, 52.0382308200516], [-0.761968870883441, 52.0371710629559], [-0.762400445392325, 52.0369841039733], [-0.762993552353978, 52.0367253247672], [-0.762952869742481, 52.036606264267], [-0.76172087546226, 52.0365841192646], [-0.76083624040784, 52.0360690500207], [-0.760294211766332, 52.0364565026187], [-0.759649178381064, 52.0358809494873], [-0.758558216476815, 52.0363190375525], [-0.757816125248777, 52.0358297495672], [-0.760330238775756, 52.0347489830437], [-0.76645397854445, 52.0321436343796], [-0.770784370418334, 52.0304120823008], [-0.768390777185384, 52.0285297205022], [-0.770779724414795, 52.0303439414866], [-0.776497810249696, 52.0341182677058], [-0.7819264140349, 52.0373860707912], [-0.779070286416103, 52.0387388072401], [-0.772854290777619, 52.0406328797], [-0.768725702378349, 52.0421644750686], [-0.76612609957865, 52.0432903394335], [-0.764816506152002, 52.0438499998267], [-0.764134989225627, 52.0433081499605], [-0.765673112389464, 52.0426518135579]]]}, "properties": {"LSOA21CD": "E01033500", "LSOA21NM": "Milton Keynes 014F", "LAT": 52.03623, "LONG": -0.77057, "fuel_poverty_rate_effective": 0.0395, "asset_total_mw": 0.0, "ec_count": 0.0, "population_effective": 2521, "deprivation_score": 17.513, "active": false}}, {"type": "Feature", "geometry": {"type": "Polygon", "coordinates": [[[-0.701127252238301, 52.037498424663], [-0.702490210891068, 52.0368408128119], [-0.702918983750402, 52.0370018645025], [-0.703354320679421, 52.0360348946027], [-0.703290094226747, 52.0355626846035], [-0.703675353723664, 52.0354851644837], [-0.704892116172917, 52.0352537515006], [-0.704818312106864, 52.0346378534503], [-0.70594528487371, 52.0346317796516], [-0.706739998010014, 52.0339157438765], [-0.706539365760607, 52.0335903496563], [-0.707081246232199, 52.033661937591], [-0.707054760372499, 52.0330474266466], [-0.707974047943272, 52.0327174491408], [-0.708409081627216, 52.0337301609255], [-0.70959675865111, 52.0336632590866], [-0.710653286468171, 52.0334730414791], [-0.711104607739747, 52.0338273734839], [-0.711708467127306, 52.0333385822584], [-0.711965388149324, 52.033700443488], [-0.711215413257534, 52.0338867502903], [-0.711558780566301, 52.0341449337137], [-0.711174820346052, 52.034585110997], [-0.713379909283093, 52.03486728016], [-0.713602705336126, 52.0354503623152], [-0.714316475461104, 52.0346803876667], [-0.716060767438898, 52.0342404454589], [-0.716331766429521, 52.0350683313605], [-0.716938493105937, 52.0352151507793], [-0.717692496945088, 52.0362781249683], [-0.718157323940934, 52.0363406915507], [-0.718915742784391, 52.0358669072905], [-0.719600517129111, 52.0363914937446], [-0.720796420380996, 52.0365427526249], [-0.716770299854622, 52.0370657062182], [-0.715454424122873, 52.0372034502489], [-0.709260558452526, 52.0376630316283], [-0.706678617032258, 52.0377817457234], [-0.705462016179031, 52.0378789272365], [-0.701523267431921, 52.0383524008469], [-0.701127252238301, 52.037498424663]]]}, "properties": {"LSOA21CD": "E01033501", "LSOA21NM": "Milton Keynes 016E", "LAT": 52.0356, "LONG": -0.71043, "fuel_poverty_rate_effective": 0.0407, "asset_total_mw": 0.0, "ec_count": 0.0, "population_effective": 2245, "deprivation_score": 8.577, "active": false}}, {"type": "Feature", "geometry": {"type": "Polygon", "coordinates": [[[-0.691371936638308, 52.0525444553329], [-0.692670475295673, 52.0518665067844], [-0.694118131601749, 52.0511289673149], [-0.695613714360646, 52.0500170391662], [-0.694037712839247, 52.0499406455912], [-0.694140232942722, 52.0496134902559], [-0.694857912751049, 52.0490758119192], [-0.696081482037337, 52.0490911379118], [-0.697872381077205, 52.0488186358292], [-0.698114221237439, 52.0497490377799], [-0.699395144991577, 52.0490941610992], [-0.700316151313021, 52.050749888944], [-0.702890221862072, 52.0525300116096], [-0.704842611011345, 52.0501813275235], [-0.707345399443549, 52.0488600924672], [-0.707093434601678, 52.048329846488], [-0.70445041863516, 52.0471606435382], [-0.704613676512852, 52.0465012632708], [-0.703552355194374, 52.0463906762162], [-0.703046814905423, 52.0455990846758], [-0.70602972359617, 52.0449938694772], [-0.706467140894719, 52.0443817289916], [-0.7061693512015, 52.0439767639187], [-0.705191566819875, 52.044575180283], [-0.70309791372889, 52.0446313276913], [-0.70272340365145, 52.0431148111397], [-0.701009830871421, 52.0429857921679], [-0.701342919817638, 52.0426258367678], [-0.701026895358455, 52.0424776150809], [-0.70153956084683, 52.0421369942516], [-0.70254020713096, 52.0425418816616], [-0.702591275679933, 52.0421169272375], [-0.704071526398921, 52.041527575409], [-0.704824329324127, 52.0423099882587], [-0.705580085661087, 52.0413579473146], [-0.710740459811406, 52.0395461475913], [-0.71311960700676, 52.0410924159348], [-0.714404894076442, 52.0417937615263], [-0.71637697936949, 52.0426018781781], [-0.720074289192297, 52.0437708417908], [-0.720829162482921, 52.0441068554469], [-0.713915831043276, 52.0463306729536], [-0.713503337354916, 52.0471736093359], [-0.713191652453954, 52.0509932601876], [-0.714578612846904, 52.0522921436677], [-0.714870664835414, 52.05454082329], [-0.713834642777349, 52.0563496421693], [-0.715360920552246, 52.0598385903105], [-0.714470974085722, 52.0604959221231], [-0.713228711220556, 52.0608490393257], [-0.710945431122815, 52.0634476205719], [-0.698704459242115, 52.0581756336811], [-0.693437981468393, 52.0562782857826], [-0.687086519179738, 52.0542877938385], [-0.690260035376443, 52.0531571546684], [-0.691371936638308, 52.0525444553329]]]}, "properties": {"LSOA21CD": "E01033503", "LSOA21NM": "Milton Keynes 033A", "LAT": 52.0558, "LONG": -0.70376, "fuel_poverty_rate_effective": 0.0458, "asset_total_mw": 0.0, "ec_count": 0.0, "population_effective": 2682, "deprivation_score": 7.004, "active": false}}, {"type": "Feature", "geometry": {"type": "Polygon", "coordinates": [[[-0.699221571747787, 52.0373515236218], [-0.699085085158765, 52.0367575198656], [-0.700537261227235, 52.0362055485546], [-0.699011050650313, 52.0351148716625], [-0.698431629712728, 52.0349241159111], [-0.699763094286348, 52.0344195796029], [-0.699613142886465, 52.0339121933014], [-0.699779622142845, 52.0334077636055], [-0.70332795151893, 52.0327483745871], [-0.705561523836727, 52.0320903804301], [-0.707233626471214, 52.031534049031], [-0.708939455662161, 52.0305363234537], [-0.711843240428942, 52.0288674082059], [-0.711923839700714, 52.0303770222034], [-0.714441104045382, 52.0316021784472], [-0.714256487960628, 52.0320515530489], [-0.715456212220394, 52.0325996284675], [-0.714670325732456, 52.0327132933916], [-0.714818795854585, 52.0331951223292], [-0.722092201765522, 52.0319367815934], [-0.723501849572405, 52.0300732577735], [-0.722318958417484, 52.0299524603874], [-0.722129788967226, 52.029697157413], [-0.722396391137443, 52.0292611101383], [-0.72321212797353, 52.0295214806449], [-0.723491487732654, 52.0293177642584], [-0.722300938922248, 52.0278066251287], [-0.725409474645884, 52.0269515181391], [-0.725437998713842, 52.0278975758237], [-0.723777182928374, 52.0289007573846], [-0.724352220740484, 52.0311427997227], [-0.725229234324685, 52.030249473433], [-0.727893512441729, 52.0297595616975], [-0.728845654870939, 52.030367320962], [-0.731144582821896, 52.0304755199129], [-0.730936295479551, 52.0292601393604], [-0.731680989082202, 52.029655692518], [-0.732763749244446, 52.0296863404602], [-0.732683915303253, 52.0300193363445], [-0.731640661656272, 52.0303138307791], [-0.732149827952066, 52.0317386650652], [-0.731681401530505, 52.0320226948549], [-0.730690074867438, 52.0318765718232], [-0.729194997175922, 52.0329042172077], [-0.729731935470997, 52.0332439367677], [-0.730084167379276, 52.032950364722], [-0.731087459931753, 52.0332098137696], [-0.73043619384251, 52.0347606507864], [-0.732367007403884, 52.036076209403], [-0.732897361777388, 52.0359226019577], [-0.733118640738904, 52.0364500466386], [-0.732160420057902, 52.0365810404365], [-0.72964940726562, 52.036674122519], [-0.725074934076175, 52.0362892461278], [-0.72102309043542, 52.0368052406594], [-0.720796420380996, 52.0365427526249], [-0.719600517129111, 52.0363914937446], [-0.718915742784391, 52.0358669072905], [-0.718157323940934, 52.0363406915507], [-0.717692496945088, 52.0362781249683], [-0.716938493105937, 52.0352151507793], [-0.716331766429521, 52.0350683313605], [-0.716060767438898, 52.0342404454589], [-0.714316475461104, 52.0346803876667], [-0.713602705336126, 52.0354503623152], [-0.713379909283093, 52.03486728016], [-0.711174820346052, 52.034585110997], [-0.711558780566301, 52.0341449337137], [-0.711215413257534, 52.0338867502903], [-0.711965388149324, 52.033700443488], [-0.711708467127306, 52.0333385822584], [-0.711104607739747, 52.0338273734839], [-0.710653286468171, 52.0334730414791], [-0.70959675865111, 52.0336632590866], [-0.708409081627216, 52.0337301609255], [-0.707974047943272, 52.0327174491408], [-0.707054760372499, 52.0330474266466], [-0.707081246232199, 52.033661937591], [-0.706539365760607, 52.0335903496563], [-0.706739998010014, 52.0339157438765], [-0.70594528487371, 52.0346317796516], [-0.704818312106864, 52.0346378534503], [-0.704892116172917, 52.0352537515006], [-0.703675353723664, 52.0354851644837], [-0.703290094226747, 52.0355626846035], [-0.703354320679421, 52.0360348946027], [-0.702918983750402, 52.0370018645025], [-0.702490210891068, 52.0368408128119], [-0.701127252238301, 52.037498424663], [-0.699221571747787, 52.0373515236218]]]}, "properties": {"LSOA21CD": "E01033506", "LSOA21NM": "Milton Keynes 016F", "LAT": 52.03237, "LONG": -0.72521, "fuel_poverty_rate_effective": 0.0392, "asset_total_mw": 0.0, "ec_count": 0.0, "population_effective": 2191, "deprivation_score": 7.276, "active": false}}, {"type": "Feature", "geometry": {"type": "Polygon", "coordinates": [[[-0.694140232942722, 52.0496134902559], [-0.693521106990816, 52.0482992234972], [-0.69260991681327, 52.0488829892133], [-0.691995548550576, 52.0485221792987], [-0.692249537155741, 52.048046487227], [-0.691468881043656, 52.0479072016779], [-0.69024385470576, 52.0482212048633], [-0.688999427111916, 52.0474195170336], [-0.686925847744823, 52.0472725221557], [-0.686655820632531, 52.0481779765777], [-0.684976001878393, 52.0477703643057], [-0.685508299232332, 52.0472413506375], [-0.684310269064109, 52.0467964041366], [-0.683891134287699, 52.0460901153388], [-0.6858301474704, 52.0459694102885], [-0.685703229177079, 52.0450433526156], [-0.685061749963672, 52.0445092281612], [-0.684484245443438, 52.0434820348706], [-0.685559163364354, 52.0432438840567], [-0.686164868024326, 52.0431018593413], [-0.687966343216107, 52.043191148193], [-0.688762568169815, 52.0437001687477], [-0.688725082813844, 52.0434029011519], [-0.691455503537556, 52.043823404112], [-0.692260057474349, 52.0428771445], [-0.692938103438923, 52.0431423288527], [-0.693696673985188, 52.0430059005873], [-0.69417337199965, 52.0429043118343], [-0.694650497179595, 52.0439272562559], [-0.695405881449251, 52.0438359015534], [-0.696469253811369, 52.0441556342678], [-0.696381334580234, 52.0448749606469], [-0.694573059693811, 52.0457699539338], [-0.694623608446856, 52.0458022632271], [-0.694187439978921, 52.0462750349087], [-0.695591453399298, 52.047005196677], [-0.696081482037337, 52.0490911379118], [-0.694857912751049, 52.0490758119192], [-0.694140232942722, 52.0496134902559]]]}, "properties": {"LSOA21CD": "E01033508", "LSOA21NM": "Milton Keynes 034C", "LAT": 52.0462, "LONG": -0.68969, "fuel_poverty_rate_effective": 0.0352, "asset_total_mw": 0.0, "ec_count": 0.0, "population_effective": 2875, "deprivation_score": 6.053, "active": false}}, {"type": "Feature", "geometry": {"type": "Polygon", "coordinates": [[[-0.700316151313021, 52.050749888944], [-0.699395144991577, 52.0490941610992], [-0.698114221237439, 52.0497490377799], [-0.697872381077205, 52.0488186358292], [-0.696081482037337, 52.0490911379118], [-0.695591453399298, 52.047005196677], [-0.694187439978921, 52.0462750349087], [-0.694623608446856, 52.0458022632271], [-0.694573059693811, 52.0457699539338], [-0.696381334580234, 52.0448749606469], [-0.697185031819133, 52.0452241296347], [-0.697729463148995, 52.0447974984002], [-0.698995782552394, 52.045556929626], [-0.700876624849996, 52.0461843034825], [-0.702465781794989, 52.0466484554987], [-0.70445041863516, 52.0471606435382], [-0.707093434601678, 52.048329846488], [-0.707345399443549, 52.0488600924672], [-0.704842611011345, 52.0501813275235], [-0.702890221862072, 52.0525300116096], [-0.700316151313021, 52.050749888944]]]}, "properties": {"LSOA21CD": "E01033511", "LSOA21NM": "Milton Keynes 033B", "LAT": 52.04868, "LONG": -0.70159, "fuel_poverty_rate_effective": 0.0453, "asset_total_mw": 0.0, "ec_count": 0.0, "population_effective": 1953, "deprivation_score": 12.432, "active": false}}, {"type": "Feature", "geometry": {"type": "Polygon", "coordinates": [[[-0.805082286643431, 52.0061881486991], [-0.803425744196069, 52.0051432955226], [-0.803175496557538, 52.0054543191522], [-0.80178372674273, 52.0041968019308], [-0.799248625322411, 52.0035540381481], [-0.801896494767919, 52.0013362968403], [-0.802535032857516, 52.0021130039329], [-0.803551516268451, 52.0017689605957], [-0.804094830889486, 52.0025916379353], [-0.805405362203655, 52.0028522996761], [-0.806081522721001, 52.0033359309011], [-0.805272521934593, 52.0041982842503], [-0.805890270351651, 52.0045555270489], [-0.807244483118943, 52.0044256818476], [-0.807000617731624, 52.0040593533433], [-0.807938599849185, 52.003607638121], [-0.808132495946322, 52.0031278715877], [-0.809016043770972, 52.0030536318974], [-0.808808862327616, 52.0026861409939], [-0.809391211328006, 52.0024656189522], [-0.811093088129916, 52.0047325518151], [-0.812243202811389, 52.0060156833098], [-0.811511136245536, 52.0061530227645], [-0.810714452844134, 52.0071323143103], [-0.808633097565442, 52.0082475275653], [-0.807550876486178, 52.0077243061162], [-0.805082286643431, 52.0061881486991]]]}, "properties": {"LSOA21CD": "E01033514", "LSOA21NM": "Milton Keynes 025E", "LAT": 52.00481, "LONG": -0.80672, "fuel_poverty_rate_effective": 0.034, "asset_total_mw": 0.0, "ec_count": 0.0, "population_effective": 1740, "deprivation_score": 8.952, "active": false}}, {"type": "Feature", "geometry": {"type": "Polygon", "coordinates": [[[-0.784537750133067, 52.0145950102402], [-0.784439189463449, 52.0140261299583], [-0.784311238525041, 52.013720176159], [-0.784594355959123, 52.0132737181033], [-0.782954871411785, 52.0123298559489], [-0.783254108877076, 52.0119684184265], [-0.784899266996134, 52.0127507161082], [-0.784688511077377, 52.012080480399], [-0.786416291319887, 52.012082657572], [-0.786341030180957, 52.0102245217473], [-0.786774463917873, 52.0103204062067], [-0.787507477457047, 52.009948311407], [-0.790004420098978, 52.0099331709288], [-0.790632590076676, 52.0099566401376], [-0.792154104051757, 52.0084979465917], [-0.793504382867557, 52.0086658473931], [-0.794776338922073, 52.0079673252667], [-0.795234014800699, 52.0082866974128], [-0.796644708337352, 52.0072940855928], [-0.796038714539653, 52.0059842111428], [-0.796124976484941, 52.0058193429238], [-0.79808518718942, 52.0042580436917], [-0.798949182149854, 52.0037676578078], [-0.799248625322411, 52.0035540381481], [-0.80178372674273, 52.0041968019308], [-0.803175496557538, 52.0054543191522], [-0.801987190741907, 52.0069169305524], [-0.801719065687793, 52.0072228510926], [-0.801595350443288, 52.0073428378299], [-0.798477829478865, 52.0100357626761], [-0.795592120432938, 52.011778963684], [-0.792975583246958, 52.0130808844019], [-0.792748310714277, 52.0131916141166], [-0.78994033600985, 52.0143699947247], [-0.787913939416532, 52.0127758166612], [-0.787227855631514, 52.01292183942], [-0.787739329058844, 52.0135893794385], [-0.786955469581066, 52.0139011574445], [-0.787035870892999, 52.0142581927196], [-0.786482686477742, 52.0142843938862], [-0.785321008104926, 52.0140853253509], [-0.785078359772749, 52.0145875799415], [-0.784537750133067, 52.0145950102402]]]}, "properties": {"LSOA21CD": "E01033515", "LSOA21NM": "Milton Keynes 025F", "LAT": 52.00912, "LONG": -0.7955, "fuel_poverty_rate_effective": 0.0385, "asset_total_mw": 0.0, "ec_count": 0.0, "population_effective": 1964, "deprivation_score": 8.767, "active": false}}, {"type": "Feature", "geometry": {"type": "Polygon", "coordinates": [[[-0.804094830889486, 52.0025916379353], [-0.803551516268451, 52.0017689605957], [-0.802535032857516, 52.0021130039329], [-0.801896494767919, 52.0013362968403], [-0.803067950588886, 51.9997970136255], [-0.803807602342707, 51.9991437488333], [-0.804300962722089, 51.9982531184692], [-0.806241591046491, 51.995919536721], [-0.806107425900657, 51.9938586494891], [-0.80615877025641, 51.9938245726848], [-0.807022087191854, 51.9978239229149], [-0.808468074061807, 52.0010794052661], [-0.809391211328006, 52.0024656189522], [-0.808808862327616, 52.0026861409939], [-0.809016043770972, 52.0030536318974], [-0.808132495946322, 52.0031278715877], [-0.807938599849185, 52.003607638121], [-0.807000617731624, 52.0040593533433], [-0.807244483118943, 52.0044256818476], [-0.805890270351651, 52.0045555270489], [-0.805272521934593, 52.0041982842503], [-0.806081522721001, 52.0033359309011], [-0.805405362203655, 52.0028522996761], [-0.804094830889486, 52.0025916379353]]]}, "properties": {"LSOA21CD": "E01033517", "LSOA21NM": "Milton Keynes 025G", "LAT": 51.99978, "LONG": -0.8057, "fuel_poverty_rate_effective": 0.0391, "asset_total_mw": 0.0, "ec_count": 0.0, "population_effective": 1537, "deprivation_score": 5.931, "active": false}}, {"type": "Feature", "geometry": {"type": "Polygon", "coordinates": [[[-0.798949182149854, 52.0037676578078], [-0.797679892398056, 52.0018625073141], [-0.796408892984526, 52.0022206736428], [-0.79645786821208, 52.0017535654849], [-0.795811887244181, 52.0013963067933], [-0.795688626346496, 52.000879559962], [-0.794512005869177, 52.0003838612661], [-0.796221004500316, 51.9998545598379], [-0.797800207568993, 51.9973166156728], [-0.796781846924362, 51.9967352768031], [-0.794199982916126, 51.9962225499865], [-0.794575658353973, 51.9967040089908], [-0.793837058635372, 51.9974607031623], [-0.793925896343481, 51.9961009967565], [-0.793113125930909, 51.9958991445802], [-0.792638308078706, 51.9951808056323], [-0.792841974747122, 51.9948050632631], [-0.792233028698701, 51.9944135546049], [-0.791287790426144, 51.9949621244917], [-0.790934859007896, 51.9947369998435], [-0.789640207824171, 51.994931780998], [-0.790926936045646, 51.9937398270463], [-0.790262209694905, 51.9928417062455], [-0.788431726163162, 51.9944034009507], [-0.787041264866631, 51.9939307135567], [-0.785549177147348, 51.9943240359391], [-0.784525361504765, 51.9956436586988], [-0.784457735240735, 51.996383619212], [-0.78230254099437, 51.9964288166214], [-0.780063537906081, 51.9957524815957], [-0.779546472034209, 51.9956620000125], [-0.780010429766535, 51.9951437468629], [-0.779690089581576, 51.9950052514981], [-0.778540188464809, 51.9958561201304], [-0.778610192672087, 51.9962852369854], [-0.777828124247464, 51.9961623127062], [-0.775127159177398, 51.9957640538423], [-0.775806402131462, 51.9951276086525], [-0.777992936659069, 51.9934673127633], [-0.78368838252593, 51.990267693962], [-0.786366175997657, 51.9888062554631], [-0.788660617786738, 51.9881122009706], [-0.789263914637989, 51.9879451895739], [-0.794117618398865, 51.9871257773457], [-0.799473682621028, 51.986968645583], [-0.803504318232008, 51.9855036509133], [-0.804498739663546, 51.9861157599567], [-0.80615877025641, 51.9938245726848], [-0.806107425900657, 51.9938586494891], [-0.806241591046491, 51.995919536721], [-0.804300962722089, 51.9982531184692], [-0.803807602342707, 51.9991437488333], [-0.803067950588886, 51.9997970136255], [-0.801896494767919, 52.0013362968403], [-0.799248625322411, 52.0035540381481], [-0.798949182149854, 52.0037676578078]]]}, "properties": {"LSOA21CD": "E01033519", "LSOA21NM": "Milton Keynes 028E", "LAT": 51.99462, "LONG": -0.7993, "fuel_poverty_rate_effective": 0.0361, "asset_total_mw": 0.0, "ec_count": 0.0, "population_effective": 4215, "deprivation_score": 11.089, "active": false}}, {"type": "Feature", "geometry": {"type": "Polygon", "coordinates": [[[-0.779171912320201, 52.0038332828345], [-0.778773534888936, 52.0026335981491], [-0.781213977820511, 52.0027431547747], [-0.782004945980993, 52.0018142617059], [-0.78056179499542, 52.0013204204692], [-0.775442788692486, 51.9993971682509], [-0.776620490673501, 51.9988727222493], [-0.776918764669546, 51.9994579409105], [-0.777485564302297, 51.9991528915925], [-0.777839683114617, 51.9993102064778], [-0.77829212621051, 51.9989108808634], [-0.778996886875287, 51.9996142254162], [-0.781142350586531, 51.9997564425044], [-0.781464378540718, 52.0000066398697], [-0.781421825801673, 51.9994192933916], [-0.782699347223948, 51.9992070839311], [-0.783246870601446, 51.9999417228614], [-0.7856539117965, 51.9992909313235], [-0.783653948227345, 51.9984807837123], [-0.784970790996748, 51.9977077425715], [-0.784673676527518, 51.9970963176817], [-0.784895800712843, 51.9966661507689], [-0.785404797235965, 51.9966916710091], [-0.785549177147348, 51.9943240359391], [-0.787041264866631, 51.9939307135567], [-0.788431726163162, 51.9944034009507], [-0.790262209694905, 51.9928417062455], [-0.790926936045646, 51.9937398270463], [-0.789640207824171, 51.994931780998], [-0.790934859007896, 51.9947369998435], [-0.791287790426144, 51.9949621244917], [-0.792233028698701, 51.9944135546049], [-0.792841974747122, 51.9948050632631], [-0.792638308078706, 51.9951808056323], [-0.793113125930909, 51.9958991445802], [-0.793925896343481, 51.9961009967565], [-0.793837058635372, 51.9974607031623], [-0.794575658353973, 51.9967040089908], [-0.794199982916126, 51.9962225499865], [-0.796781846924362, 51.9967352768031], [-0.797800207568993, 51.9973166156728], [-0.796221004500316, 51.9998545598379], [-0.794512005869177, 52.0003838612661], [-0.795688626346496, 52.000879559962], [-0.795811887244181, 52.0013963067933], [-0.795422281874648, 52.0012574557311], [-0.793033179363369, 52.0028874039863], [-0.792755748366139, 52.0035000782407], [-0.791874106427743, 52.003655224486], [-0.791605883812455, 52.0034307387224], [-0.788764827718867, 52.0045070019354], [-0.786058724690977, 52.0032923062965], [-0.785475671845036, 52.0038437609337], [-0.785917145676957, 52.0040522687289], [-0.784970359163717, 52.004549856091], [-0.783744889827938, 52.0046428949506], [-0.783746585280949, 52.0049642533786], [-0.782970649687875, 52.0053364442536], [-0.780712059118422, 52.0053466003577], [-0.780961818678591, 52.0056939194306], [-0.779792456664176, 52.006354625338], [-0.778385516632474, 52.0058416933957], [-0.778770608099093, 52.0055907429826], [-0.778530589493076, 52.0053095254775], [-0.778946760875506, 52.0044686519542], [-0.778731854076225, 52.0038638677825], [-0.779171912320201, 52.0038332828345]]]}, "properties": {"LSOA21CD": "E01033520", "LSOA21NM": "Milton Keynes 028F", "LAT": 51.99874, "LONG": -0.7866, "fuel_poverty_rate_effective": 0.0384, "asset_total_mw": 0.0, "ec_count": 0.0, "population_effective": 1823, "deprivation_score": 7.629, "active": false}}, {"type": "Feature", "geometry": {"type": "Polygon", "coordinates": [[[-0.813706035881053, 52.0220442897266], [-0.814796002254588, 52.0202127471001], [-0.812442307148893, 52.0203857081223], [-0.811621202929612, 52.0208673858376], [-0.810638322616918, 52.0214452401135], [-0.810818330710416, 52.0216536710013], [-0.809774285021656, 52.0220197474784], [-0.809318440865562, 52.0223790257288], [-0.808978466270892, 52.0228675834169], [-0.809411069232665, 52.0231627760071], [-0.809491308729551, 52.024155440475], [-0.809068440647684, 52.0241971174875], [-0.809012117024147, 52.0245509952625], [-0.809851931627228, 52.0247439470247], [-0.810562756893131, 52.0255753877132], [-0.808887374864693, 52.0262550147966], [-0.808863208376058, 52.0262440344459], [-0.807684677522734, 52.0271052102289], [-0.805791839904784, 52.0265058928143], [-0.804290574126141, 52.0269990758108], [-0.804453102827895, 52.0264082151657], [-0.805189486353159, 52.0263151852795], [-0.804984865171188, 52.0256762417567], [-0.805747391803623, 52.0255041512079], [-0.80585492176919, 52.0247499684263], [-0.806395748159227, 52.0244812628255], [-0.806051286608052, 52.0241565894916], [-0.806965832278627, 52.0236710329058], [-0.806432255267658, 52.0227121721643], [-0.805967352293741, 52.0205251755923], [-0.809646426940112, 52.0192751679254], [-0.812055572675208, 52.0183468663797], [-0.812549950087626, 52.0182929259502], [-0.812703033235001, 52.0171226551546], [-0.813424667389709, 52.0173820770656], [-0.814004189737959, 52.0170888261336], [-0.813269404109243, 52.0168498468719], [-0.812999910130567, 52.0159574953269], [-0.811768679335778, 52.0163760015268], [-0.812063102809747, 52.0169880777809], [-0.811566702996336, 52.0167481669128], [-0.811309731443271, 52.0163915434163], [-0.810548485333241, 52.0165742142525], [-0.810268201527557, 52.0159116519718], [-0.811403679350179, 52.0161793738402], [-0.812093269091315, 52.0156743951164], [-0.81250189052646, 52.013014039492], [-0.814049317588334, 52.0118347935027], [-0.808784074223474, 52.011513013247], [-0.805079159580749, 52.0124481863053], [-0.802785809594556, 52.0124906226305], [-0.804966193904665, 52.0106066903051], [-0.804311418351787, 52.009908282138], [-0.804613313779656, 52.0095214448903], [-0.806821817921881, 52.0087753874079], [-0.80770083621209, 52.008009228235], [-0.809079208185726, 52.008759627538], [-0.809736000491371, 52.0084540091774], [-0.810555600955408, 52.0081120164324], [-0.810765663827553, 52.0082890451104], [-0.809536016738853, 52.0090971041737], [-0.809889573561328, 52.0092913280862], [-0.811626044287676, 52.0101946810339], [-0.814339032231264, 52.0117447076851], [-0.819539434362247, 52.0111985754244], [-0.819534394051116, 52.0119728375869], [-0.820988104194434, 52.0129506181453], [-0.82493301584514, 52.0148275084599], [-0.826577865182923, 52.0149340124158], [-0.829053193855469, 52.0159648222034], [-0.831811948612468, 52.0181414884319], [-0.835321323342033, 52.0188692284906], [-0.832500692246037, 52.0212469390628], [-0.831892343864933, 52.0229586721221], [-0.829999136263328, 52.0247479313665], [-0.828183443883737, 52.0258435424393], [-0.821197165765116, 52.0289414909208], [-0.821271436815229, 52.0282208269518], [-0.819944122433915, 52.0274689216318], [-0.817734680034503, 52.0262172200613], [-0.814019991425783, 52.0241125999396], [-0.813041256004744, 52.0239668590988], [-0.814268344328194, 52.0233296567331], [-0.813671822726766, 52.0230408324994], [-0.813706035881053, 52.0220442897266]]]}, "properties": {"LSOA21CD": "E01033522", "LSOA21NM": "Milton Keynes 036E", "LAT": 52.01902, "LONG": -0.81896, "fuel_poverty_rate_effective": 0.0455, "asset_total_mw": 0.0, "ec_count": 0.0, "population_effective": 2153, "deprivation_score": 18.486, "active": false}}, {"type": "Feature", "geometry": {"type": "Polygon", "coordinates": [[[-0.794735590147652, 52.0188450487828], [-0.797225342241919, 52.0175675953728], [-0.798864354008891, 52.0164088298853], [-0.798995864266819, 52.0154410854366], [-0.799370870901232, 52.015458515328], [-0.804242040444007, 52.0155575927987], [-0.804597703596723, 52.0160504543562], [-0.804064553806804, 52.0161317223099], [-0.803870419850935, 52.0168902080435], [-0.805061810165565, 52.0165490723399], [-0.804440572845047, 52.017659417556], [-0.805462773954357, 52.0181283558004], [-0.80522968660429, 52.0185286947004], [-0.806021771774012, 52.0182229613909], [-0.808041872343595, 52.01776337978], [-0.807652667165365, 52.0168827844549], [-0.809468711043588, 52.0165415202242], [-0.810057720059538, 52.0169020177927], [-0.810548485333241, 52.0165742142525], [-0.811309731443271, 52.0163915434163], [-0.811566702996336, 52.0167481669128], [-0.812063102809747, 52.0169880777809], [-0.811768679335778, 52.0163760015268], [-0.812999910130567, 52.0159574953269], [-0.813269404109243, 52.0168498468719], [-0.814004189737959, 52.0170888261336], [-0.813424667389709, 52.0173820770656], [-0.812703033235001, 52.0171226551546], [-0.812549950087626, 52.0182929259502], [-0.812055572675208, 52.0183468663797], [-0.809646426940112, 52.0192751679254], [-0.805967352293741, 52.0205251755923], [-0.806432255267658, 52.0227121721643], [-0.806965832278627, 52.0236710329058], [-0.806051286608052, 52.0241565894916], [-0.804977441947495, 52.0232904891301], [-0.802927361656511, 52.0221005660183], [-0.802097360860067, 52.0213670050451], [-0.79936745359275, 52.0206062299102], [-0.794390633778922, 52.0190155737832], [-0.794735590147652, 52.0188450487828]]]}, "properties": {"LSOA21CD": "E01033523", "LSOA21NM": "Milton Keynes 036D", "LAT": 52.01977, "LONG": -0.80195, "fuel_poverty_rate_effective": 0.0414, "asset_total_mw": 0.0, "ec_count": 0.0, "population_effective": 1478, "deprivation_score": 12.932, "active": false}}, {"type": "Feature", "geometry": {"type": "Polygon", "coordinates": [[[-0.776892718481889, 52.099504776383], [-0.776396690859201, 52.098406758818], [-0.774200002290682, 52.0986566923479], [-0.771418366899544, 52.0969458635356], [-0.769440469064952, 52.0971707433173], [-0.766529130197949, 52.0955085975746], [-0.763046988302772, 52.0943580047131], [-0.760480425203117, 52.095379780184], [-0.754604957507134, 52.0891365223763], [-0.751114725442093, 52.0853124041912], [-0.748837868083797, 52.083521112533], [-0.744865224900209, 52.0811564334557], [-0.744203335835197, 52.0807745522409], [-0.745643869766756, 52.0800870800296], [-0.748658256964774, 52.0790098610681], [-0.751343741508128, 52.0783405699862], [-0.752162043321128, 52.0781034860779], [-0.753006312074259, 52.0778045183507], [-0.755275252557328, 52.0768907808257], [-0.759367976280075, 52.0752541120509], [-0.761184869316883, 52.0747163655999], [-0.762525709630955, 52.0744108059697], [-0.763238161868093, 52.07424471904], [-0.762532036386517, 52.0744111187825], [-0.76196957525056, 52.0745593359358], [-0.762201589873953, 52.075240100388], [-0.767924241980982, 52.0754581918186], [-0.768796851542973, 52.0758624962361], [-0.770533031986427, 52.076825056503], [-0.771718373057088, 52.077014557768], [-0.771341007438109, 52.0784843428646], [-0.771938806839359, 52.0789893229893], [-0.774109180621324, 52.0796473186391], [-0.77516655978186, 52.080571017241], [-0.779748844964297, 52.0791549654139], [-0.781278304073635, 52.0777479773633], [-0.781843972439534, 52.0760456509665], [-0.783849615632148, 52.074252951722], [-0.783678874649026, 52.07406271417], [-0.785006041113973, 52.0731774612957], [-0.785667484132538, 52.0716861443855], [-0.78832461699456, 52.0705636490892], [-0.788926257565087, 52.0691200209222], [-0.787713420153345, 52.0685491041098], [-0.789193784224986, 52.0677867706367], [-0.792211026583987, 52.0671661721991], [-0.796176030539002, 52.0669613584973], [-0.798074396857473, 52.0674220506991], [-0.798021733843502, 52.068166068973], [-0.800472398018698, 52.0695779637546], [-0.800237501099016, 52.0704117644342], [-0.801201637234995, 52.0707298128098], [-0.802999287960517, 52.072787327669], [-0.798398070276578, 52.0750606860216], [-0.802064563356669, 52.0759365824439], [-0.802050777829077, 52.0764524291428], [-0.802789294270793, 52.0765340283576], [-0.801138050857829, 52.0775477855802], [-0.798424062114966, 52.0773800599093], [-0.796514841432748, 52.0788724955877], [-0.80216770544613, 52.0792804645821], [-0.805067217020869, 52.0772336393402], [-0.806367979162309, 52.0753416442855], [-0.806820328675631, 52.0752681048496], [-0.807288937850325, 52.0757208661434], [-0.806597508173233, 52.0758840541328], [-0.805648524949545, 52.0776652884759], [-0.805695272828466, 52.0793130838491], [-0.809332768500172, 52.0792370122053], [-0.815478474377734, 52.0796751003026], [-0.813793137790544, 52.0806702436352], [-0.813060170503993, 52.0817920953122], [-0.813264074652318, 52.0830133001492], [-0.812056574503354, 52.0839685118076], [-0.814125826008587, 52.0861428980548], [-0.81396942469361, 52.0874683650058], [-0.812804768915312, 52.0887307039649], [-0.813028209329073, 52.0889540850932], [-0.812461953135261, 52.0891183629449], [-0.812571577619687, 52.0897676773385], [-0.811864001683454, 52.0904062137305], [-0.809899897598387, 52.0909338615086], [-0.808694678292826, 52.0923414340206], [-0.806084821278709, 52.0924966518238], [-0.804321863198064, 52.0931386358871], [-0.803378975526196, 52.093734137262], [-0.80339020823749, 52.0941847897071], [-0.802441314226012, 52.095054462076], [-0.798279860709892, 52.0971106296155], [-0.796843776396849, 52.0987197075941], [-0.796586693299227, 52.0985587535383], [-0.795899325765341, 52.0988232831137], [-0.794623691711636, 52.0983804915284], [-0.793806113221727, 52.0991947893449], [-0.793045943042539, 52.1015004251187], [-0.795453156288271, 52.1019172814076], [-0.795073378315011, 52.1023906541834], [-0.795431976037676, 52.1024590792376], [-0.795318141726558, 52.1028913153947], [-0.794154495306894, 52.1046919646863], [-0.792504350148492, 52.1053934866775], [-0.792047878592331, 52.1060235344516], [-0.79076215799364, 52.1063702220731], [-0.788918447451452, 52.1046741694732], [-0.787053060796151, 52.1037823938592], [-0.782938081029763, 52.1009531717257], [-0.778260980537281, 52.1005066398071], [-0.776892718481889, 52.099504776383]]]}, "properties": {"LSOA21CD": "E01034446", "LSOA21NM": "Milton Keynes 002G", "LAT": 52.08656, "LONG": -0.78307, "fuel_poverty_rate_effective": 0.0434, "asset_total_mw": 0.0, "ec_count": 0.0, "population_effective": 1653, "deprivation_score": NaN, "active": false}}, {"type": "Feature", "geometry": {"type": "Polygon", "coordinates": [[[-0.833835320937701, 52.0937939587559], [-0.833560634827854, 52.0933636197399], [-0.832971494836408, 52.0935956885652], [-0.832797060725859, 52.0932623575462], [-0.829510027594121, 52.0927089029405], [-0.825112579053618, 52.0914467768228], [-0.825531477330442, 52.09079553638], [-0.822955731516264, 52.0904878393737], [-0.815296690820637, 52.0897143390987], [-0.813599085787537, 52.0897232416604], [-0.813353692314086, 52.0900507537375], [-0.812571577619687, 52.0897676773385], [-0.812461953135261, 52.0891183629449], [-0.813028209329073, 52.0889540850932], [-0.812804768915312, 52.0887307039649], [-0.81396942469361, 52.0874683650058], [-0.814125826008587, 52.0861428980548], [-0.812056574503354, 52.0839685118076], [-0.813264074652318, 52.0830133001492], [-0.813060170503993, 52.0817920953122], [-0.813793137790544, 52.0806702436352], [-0.815478474377734, 52.0796751003026], [-0.809332768500172, 52.0792370122053], [-0.805695272828466, 52.0793130838491], [-0.805648524949545, 52.0776652884759], [-0.806597508173233, 52.0758840541328], [-0.807288937850325, 52.0757208661434], [-0.806820328675631, 52.0752681048496], [-0.806367979162309, 52.0753416442855], [-0.805067217020869, 52.0772336393402], [-0.80216770544613, 52.0792804645821], [-0.796514841432748, 52.0788724955877], [-0.798424062114966, 52.0773800599093], [-0.801138050857829, 52.0775477855802], [-0.802789294270793, 52.0765340283576], [-0.802050777829077, 52.0764524291428], [-0.802064563356669, 52.0759365824439], [-0.798398070276578, 52.0750606860216], [-0.802999287960517, 52.072787327669], [-0.804927794459119, 52.0732599402697], [-0.80782139837872, 52.0729841686434], [-0.807827460135146, 52.0729844817774], [-0.809483056038594, 52.0728676251952], [-0.812106339143969, 52.0721277663365], [-0.814506101057565, 52.0729225268571], [-0.814967059376353, 52.0733725102539], [-0.816838952841561, 52.0730075292869], [-0.817320208920367, 52.0739335392471], [-0.818039303630273, 52.0741745224696], [-0.821128292765754, 52.0740688147674], [-0.822423439389004, 52.0742044143445], [-0.822823016530722, 52.0745384492406], [-0.823818460073715, 52.074425712264], [-0.82563863412531, 52.0737535280503], [-0.825524549042924, 52.07291994142], [-0.827869472850364, 52.0722839218588], [-0.82878391845816, 52.072544736878], [-0.831418075711131, 52.0719470317291], [-0.832534875173095, 52.0720455047765], [-0.834070635250544, 52.0727455981907], [-0.834176775500263, 52.0734334939229], [-0.834709957736951, 52.07358273855], [-0.834936977678584, 52.0743255249249], [-0.836025452847469, 52.0750630279268], [-0.836029683832096, 52.0768136859023], [-0.83524713336692, 52.0776378286071], [-0.83541577661148, 52.0788520215984], [-0.835257959863738, 52.0798208913097], [-0.836778415799605, 52.0805930926574], [-0.837443058267112, 52.0822934191253], [-0.839190987857475, 52.0828282778397], [-0.840668470176659, 52.0837880492938], [-0.841659386015681, 52.0837072412381], [-0.841318331877979, 52.0841085865787], [-0.843793414402161, 52.0848936347756], [-0.843687147806581, 52.0856681311094], [-0.845087371739637, 52.0864299494362], [-0.845574108346287, 52.0877661843183], [-0.846326119674485, 52.0880972608462], [-0.845928416103675, 52.0890321463492], [-0.846607590323358, 52.0906475100203], [-0.844675274597709, 52.0921742183219], [-0.843868130616077, 52.0939106393834], [-0.840212451562492, 52.093751243517], [-0.838947598150511, 52.0929306684175], [-0.838187750990692, 52.0932007052217], [-0.838783122298669, 52.0937133704831], [-0.835228065945559, 52.0941832922174], [-0.833835320937701, 52.0937939587559]]]}, "properties": {"LSOA21CD": "E01034447", "LSOA21NM": "Milton Keynes 002H", "LAT": 52.08299, "LONG": -0.8265, "fuel_poverty_rate_effective": 0.0975, "asset_total_mw": 0.0, "ec_count": 0.0, "population_effective": 1255, "deprivation_score": NaN, "active": false}}, {"type": "Feature", "geometry": {"type": "Polygon", "coordinates": [[[-0.777115760822153, 52.0677387858158], [-0.780426229911972, 52.0675208772646], [-0.780135487741815, 52.0705986070815], [-0.781995602353871, 52.0737214754269], [-0.783678874649026, 52.07406271417], [-0.783849615632148, 52.074252951722], [-0.781843972439534, 52.0760456509665], [-0.781278304073635, 52.0777479773633], [-0.779748844964297, 52.0791549654139], [-0.77516655978186, 52.080571017241], [-0.774109180621324, 52.0796473186391], [-0.771938806839359, 52.0789893229893], [-0.771341007438109, 52.0784843428646], [-0.771718373057088, 52.077014557768], [-0.770533031986427, 52.076825056503], [-0.768796851542973, 52.0758624962361], [-0.767924241980982, 52.0754581918186], [-0.762201589873953, 52.075240100388], [-0.76196957525056, 52.0745593359358], [-0.762532036386517, 52.0744111187825], [-0.763238161868093, 52.07424471904], [-0.767765729300016, 52.0729804926171], [-0.771132468404948, 52.0711546898257], [-0.771996925894436, 52.0702628570386], [-0.774179567009583, 52.068587488665], [-0.777088623072968, 52.0677458298349], [-0.777115760822153, 52.0677387858158]]]}, "properties": {"LSOA21CD": "E01034448", "LSOA21NM": "Milton Keynes 002I", "LAT": 52.07399, "LONG": -0.77422, "fuel_poverty_rate_effective": 0.0327, "asset_total_mw": 0.0, "ec_count": 0.0, "population_effective": 1703, "deprivation_score": NaN, "active": false}}, {"type": "Feature", "geometry": {"type": "Polygon", "coordinates": [[[-0.822423439389004, 52.0742044143445], [-0.821128292765754, 52.0740688147674], [-0.818039303630273, 52.0741745224696], [-0.817320208920367, 52.0739335392471], [-0.816838952841561, 52.0730075292869], [-0.814967059376353, 52.0733725102539], [-0.814506101057565, 52.0729225268571], [-0.812106339143969, 52.0721277663365], [-0.809483056038594, 52.0728676251952], [-0.807827460135146, 52.0729844817774], [-0.808675540079854, 52.0715967599318], [-0.808612364002217, 52.0705764644923], [-0.807697329059986, 52.0694765954249], [-0.805781136707858, 52.0681347746189], [-0.806782133096241, 52.067511048384], [-0.808096507621477, 52.0670323586123], [-0.810235439318446, 52.0668729459015], [-0.806901090657009, 52.0648506259914], [-0.805464895269904, 52.0642095705699], [-0.807854562641684, 52.063514330228], [-0.81230373309547, 52.0628625563232], [-0.812897810844475, 52.0635238575818], [-0.814154986539399, 52.0638225478294], [-0.819441706863474, 52.0640918917108], [-0.819845730078844, 52.063759336666], [-0.819761128241076, 52.0623154366317], [-0.82253820573486, 52.0621186870813], [-0.822820705631993, 52.0620974604984], [-0.824930855406793, 52.0619581170169], [-0.829301851907943, 52.0617514740813], [-0.829470902526806, 52.0607710492598], [-0.828743603815235, 52.0596689325258], [-0.827268065620011, 52.0584005881892], [-0.824546014607217, 52.0569729575745], [-0.823640113229153, 52.0566005814402], [-0.822808903441574, 52.0562559563607], [-0.819605425137174, 52.0549604356287], [-0.820502993731768, 52.0540929094441], [-0.819663856892179, 52.0538031739192], [-0.820030173369205, 52.0533761466431], [-0.820604232148608, 52.0535724194263], [-0.820757761708108, 52.0528276667522], [-0.823176636232678, 52.05266632583], [-0.822777822731462, 52.0529811930566], [-0.824297668838006, 52.0545330212908], [-0.824421276463027, 52.0553998984093], [-0.824956069557933, 52.0554657861669], [-0.82577016326102, 52.0547311215199], [-0.826178390727555, 52.0548634243396], [-0.826807714598939, 52.0541490515], [-0.826305177708831, 52.0529412561009], [-0.826668713875692, 52.0518152664809], [-0.827249256399032, 52.0511416217931], [-0.829831467620245, 52.0518056493346], [-0.834572186530468, 52.0537662924162], [-0.836579821188572, 52.055005742393], [-0.837281690275447, 52.0555483418548], [-0.839595107386325, 52.057777502358], [-0.841164194076236, 52.059113053452], [-0.845857689538059, 52.061857341104], [-0.853076408348248, 52.0643473538332], [-0.850810240383384, 52.0647021954119], [-0.84978539279675, 52.0644478041754], [-0.847918492479667, 52.0636381171408], [-0.846883724582272, 52.0635983517559], [-0.845232185942496, 52.0629734218453], [-0.843465822666986, 52.063037705876], [-0.838768085254653, 52.0641235249948], [-0.835988077960972, 52.0660979102071], [-0.8341931068682, 52.0683159855982], [-0.832792869534757, 52.0693161468552], [-0.832749300030395, 52.0708676824613], [-0.831418075711131, 52.0719470317291], [-0.82878391845816, 52.072544736878], [-0.827869472850364, 52.0722839218588], [-0.825524549042924, 52.07291994142], [-0.82563863412531, 52.0737535280503], [-0.823818460073715, 52.074425712264], [-0.822823016530722, 52.0745384492406], [-0.822423439389004, 52.0742044143445]]]}, "properties": {"LSOA21CD": "E01034449", "LSOA21NM": "Milton Keynes 010E", "LAT": 52.06291, "LONG": -0.83166, "fuel_poverty_rate_effective": 0.0554, "asset_total_mw": 0.0, "ec_count": 0.0, "population_effective": 2363, "deprivation_score": NaN, "active": false}}, {"type": "Feature", "geometry": {"type": "Polygon", "coordinates": [[[-0.821479764155172, 52.0572293074079], [-0.820905713451347, 52.0568217583192], [-0.821682207373337, 52.0563658709846], [-0.823098926342636, 52.0570531965821], [-0.823640113229153, 52.0566005814402], [-0.824546014607217, 52.0569729575745], [-0.827268065620011, 52.0584005881892], [-0.828743603815235, 52.0596689325258], [-0.829470902526806, 52.0607710492598], [-0.829301851907943, 52.0617514740813], [-0.824930855406793, 52.0619581170169], [-0.822820705631993, 52.0620974604984], [-0.82253820573486, 52.0621186870813], [-0.819761128241076, 52.0623154366317], [-0.819845730078844, 52.063759336666], [-0.819441706863474, 52.0640918917108], [-0.814154986539399, 52.0638225478294], [-0.812897810844475, 52.0635238575818], [-0.81230373309547, 52.0628625563232], [-0.817700799621245, 52.0624447563764], [-0.817575724632308, 52.0616526919856], [-0.817527403777876, 52.0613919141744], [-0.818627690594647, 52.0610427835546], [-0.817877018548384, 52.0603451107749], [-0.817925614720498, 52.0599162793717], [-0.81912131427898, 52.059802985485], [-0.820397068402597, 52.0586421021448], [-0.821973858296987, 52.0577655573452], [-0.821479764155172, 52.0572293074079]]]}, "properties": {"LSOA21CD": "E01034450", "LSOA21NM": "Milton Keynes 010F", "LAT": 52.06026, "LONG": -0.82351, "fuel_poverty_rate_effective": 0.0438, "asset_total_mw": 0.0, "ec_count": 0.0, "population_effective": 1710, "deprivation_score": NaN, "active": false}}, {"type": "Feature", "geometry": {"type": "Polygon", "coordinates": [[[-0.640372533799194, 52.0236072245332], [-0.643580012827355, 52.0223734329385], [-0.64585118509385, 52.021684052754], [-0.646744093149437, 52.0206641119993], [-0.649509250162859, 52.020795556748], [-0.650070782682545, 52.0214908360929], [-0.652369941333037, 52.0210137700263], [-0.652622130181439, 52.0214616003899], [-0.657373616046478, 52.0202803761805], [-0.658418511661579, 52.0213569177618], [-0.661455967143248, 52.0208035131512], [-0.663880411492699, 52.0226982546415], [-0.664357724936936, 52.0233062801798], [-0.667920999912737, 52.0224471621162], [-0.668927487617515, 52.0240432728473], [-0.665936972101788, 52.0246529059889], [-0.666789012479627, 52.0258487414412], [-0.669325171958416, 52.0283050888553], [-0.671979254693187, 52.0287576306312], [-0.67341647257272, 52.0293948383837], [-0.67570453746916, 52.03061635811], [-0.677637072094544, 52.0320453388891], [-0.678059202661758, 52.0332333207315], [-0.676250897977128, 52.0369420139489], [-0.675993999173189, 52.0387139257828], [-0.676556706971187, 52.0397927337817], [-0.678820053418801, 52.0416210158603], [-0.678817712099796, 52.041621253963], [-0.674585252090676, 52.0426510243483], [-0.674904178592037, 52.043137331941], [-0.674378443225943, 52.0440283032678], [-0.672884263648194, 52.0443490246626], [-0.671823696325669, 52.0461041118198], [-0.671720033077304, 52.0468151798658], [-0.670165444669526, 52.0468079021467], [-0.669376905024793, 52.0485795657836], [-0.66897591990724, 52.0487168041494], [-0.658399586288562, 52.0440619324411], [-0.643058632961007, 52.0372556857176], [-0.643075323866858, 52.0368905839608], [-0.643870253623863, 52.035535640056], [-0.643264330903385, 52.0346623279795], [-0.643319883914397, 52.0336730122136], [-0.643677628068286, 52.0320830513993], [-0.644814817317858, 52.0312175428173], [-0.642248062035732, 52.0302941460659], [-0.643893666083402, 52.028268400134], [-0.642535724742125, 52.0280893695705], [-0.643164425214839, 52.0268324470778], [-0.642568108980901, 52.0267110811589], [-0.64301151420011, 52.0258985555244], [-0.640832056445747, 52.0253181935706], [-0.641487618988504, 52.0247637012666], [-0.640201641444135, 52.0240675578688], [-0.640372533799194, 52.0236072245332]]]}, "properties": {"LSOA21CD": "E01034451", "LSOA21NM": "Milton Keynes 024E", "LAT": 52.03277, "LONG": -0.65951, "fuel_poverty_rate_effective": 0.048, "asset_total_mw": 0.0, "ec_count": 0.0, "population_effective": 6816, "deprivation_score": NaN, "active": false}}, {"type": "Feature", "geometry": {"type": "Polygon", "coordinates": [[[-0.663880411492699, 52.0226982546415], [-0.661455967143248, 52.0208035131512], [-0.658418511661579, 52.0213569177618], [-0.657373616046478, 52.0202803761805], [-0.652622130181439, 52.0214616003899], [-0.652369941333037, 52.0210137700263], [-0.650070782682545, 52.0214908360929], [-0.649509250162859, 52.020795556748], [-0.646744093149437, 52.0206641119993], [-0.647510685841385, 52.0190106981738], [-0.64809083825435, 52.0189030899369], [-0.65102420524489, 52.0184861162208], [-0.650760119329428, 52.0180011965471], [-0.650358192112845, 52.0171602641146], [-0.650630175907316, 52.0169972813981], [-0.649428021589592, 52.0153072252526], [-0.649975875359215, 52.0151886233025], [-0.649826407034228, 52.0149422734], [-0.64978862984004, 52.0146158725351], [-0.653597821412446, 52.0135762127973], [-0.654708501674551, 52.0142728169692], [-0.656165087682745, 52.0139526689931], [-0.655656457049186, 52.0126013259322], [-0.652180570702566, 52.0132690159434], [-0.651996019948591, 52.0129207343864], [-0.652499195655236, 52.0127849933186], [-0.652171735871735, 52.0125049135613], [-0.652874043113715, 52.0123985852834], [-0.653168203462596, 52.012032095651], [-0.654128570869399, 52.0118367997756], [-0.654780761482652, 52.0121711596825], [-0.65555184169383, 52.0120635192676], [-0.660843023157029, 52.0110309135287], [-0.663313627996866, 52.0149342352769], [-0.664396343153966, 52.016650086162], [-0.667920999912737, 52.0224471621162], [-0.664357724936936, 52.0233062801798], [-0.663880411492699, 52.0226982546415]]]}, "properties": {"LSOA21CD": "E01034452", "LSOA21NM": "Milton Keynes 024F", "LAT": 52.01711, "LONG": -0.65765, "fuel_poverty_rate_effective": 0.0552, "asset_total_mw": 0.0, "ec_count": 0.0, "population_effective": 2389, "deprivation_score": NaN, "active": false}}, {"type": "Feature", "geometry": {"type": "Polygon", "coordinates": [[[-0.733387033807459, 51.9857631984732], [-0.732429230433681, 51.9828416098707], [-0.731771177057293, 51.9828947701942], [-0.73137353885004, 51.9814610574516], [-0.728585034240951, 51.9815890447405], [-0.727038500509839, 51.9813511890362], [-0.726844717811094, 51.9807931215361], [-0.728533385476273, 51.9808173352332], [-0.730822158948454, 51.9796052293477], [-0.729408760844456, 51.9762721171141], [-0.72889217222794, 51.9755269416949], [-0.729002252213938, 51.9746826662863], [-0.729647942648806, 51.9740495856558], [-0.729371667755552, 51.9731420051788], [-0.730525357671135, 51.9723643016328], [-0.734153785456493, 51.9716371849499], [-0.734068115397202, 51.9718409683798], [-0.734653685622224, 51.9719437978561], [-0.735310745014727, 51.9731962113575], [-0.736110569977386, 51.9734202540608], [-0.737573244223165, 51.9731092554054], [-0.738193979836683, 51.9739696798194], [-0.737437907871363, 51.9746730596115], [-0.738226011756649, 51.9756655232626], [-0.737565071206722, 51.9762983593044], [-0.736769959216442, 51.9764168934276], [-0.73681046592418, 51.9766999072943], [-0.737206309760982, 51.9766871210865], [-0.737992640644393, 51.9768910167064], [-0.739952404008453, 51.9767026132858], [-0.739748111299278, 51.9764247028276], [-0.740223885950461, 51.976418522099], [-0.741874628139828, 51.9750503255628], [-0.741907721646654, 51.9750629456945], [-0.742490033675528, 51.9753576300722], [-0.742520722175276, 51.9758744281458], [-0.743045635124521, 51.9758074860374], [-0.741718985454248, 51.9771739849097], [-0.742637062025999, 51.9772958436312], [-0.743400683298702, 51.9762179336318], [-0.743090639342406, 51.9760428443777], [-0.743774834328475, 51.9755634470779], [-0.744606076533876, 51.9756462490352], [-0.748192589067873, 51.9770146262795], [-0.755436020621083, 51.9806483909744], [-0.757805258928445, 51.9830068968837], [-0.760806495639847, 51.9846419654725], [-0.76178048403146, 51.9853395437639], [-0.758293746786329, 51.9863251657265], [-0.757869562111244, 51.9864444863319], [-0.75687737294849, 51.9853795161324], [-0.755050510394854, 51.9852715727119], [-0.749204642587067, 51.9862376131284], [-0.748583355738804, 51.9865516180452], [-0.745984897539636, 51.9866636354352], [-0.739624883274921, 51.9880429650855], [-0.73670378369866, 51.9882705859118], [-0.735526151490135, 51.9887336457239], [-0.735241411357148, 51.9902777971331], [-0.7348263070458, 51.990336940313], [-0.734158676917902, 51.9882332364612], [-0.733387033807459, 51.9857631984732]]]}, "properties": {"LSOA21CD": "E01034453", "LSOA21NM": "Milton Keynes 032E", "LAT": 51.98107, "LONG": -0.74202, "fuel_poverty_rate_effective": 0.0285, "asset_total_mw": 0.0, "ec_count": 0.0, "population_effective": 2549, "deprivation_score": NaN, "active": false}}, {"type": "Feature", "geometry": {"type": "Polygon", "coordinates": [[[-0.725578272112067, 51.9793729740884], [-0.725234071694793, 51.9789883452593], [-0.724305949237191, 51.9791210361979], [-0.724384755388913, 51.979425344164], [-0.723791764126233, 51.9795301625017], [-0.720077737538695, 51.9798587510385], [-0.719160798301254, 51.9799754016887], [-0.719731665466977, 51.9794733663453], [-0.72117954571325, 51.9794965436987], [-0.721174306650618, 51.9780850485805], [-0.721847064238452, 51.9779544227443], [-0.721531254889449, 51.9768181339865], [-0.720752127398068, 51.9767648917575], [-0.720330148766405, 51.9760896603372], [-0.723667069613458, 51.9753072916068], [-0.724982209645101, 51.9746980591444], [-0.729371667755552, 51.9731420051788], [-0.729647942648806, 51.9740495856558], [-0.729002252213938, 51.9746826662863], [-0.72889217222794, 51.9755269416949], [-0.729408760844456, 51.9762721171141], [-0.730822158948454, 51.9796052293477], [-0.728533385476273, 51.9808173352332], [-0.726844717811094, 51.9807931215361], [-0.726429706717568, 51.9794316052235], [-0.725578272112067, 51.9793729740884]]]}, "properties": {"LSOA21CD": "E01034454", "LSOA21NM": "Milton Keynes 032F", "LAT": 51.97702, "LONG": -0.72578, "fuel_poverty_rate_effective": 0.1447, "asset_total_mw": 0.0, "ec_count": 0.0, "population_effective": 1897, "deprivation_score": NaN, "active": false}}, {"type": "Feature", "geometry": {"type": "Polygon", "coordinates": [[[-0.741718985454248, 51.9771739849097], [-0.743045635124521, 51.9758074860374], [-0.742520722175276, 51.9758744281458], [-0.742490033675528, 51.9753576300722], [-0.741907721646654, 51.9750629456945], [-0.741874628139828, 51.9750503255628], [-0.740223885950461, 51.976418522099], [-0.739748111299278, 51.9764247028276], [-0.739952404008453, 51.9767026132858], [-0.737992640644393, 51.9768910167064], [-0.737206309760982, 51.9766871210865], [-0.73681046592418, 51.9766999072943], [-0.736769959216442, 51.9764168934276], [-0.737565071206722, 51.9762983593044], [-0.738226011756649, 51.9756655232626], [-0.737437907871363, 51.9746730596115], [-0.738193979836683, 51.9739696798194], [-0.737573244223165, 51.9731092554054], [-0.736110569977386, 51.9734202540608], [-0.735310745014727, 51.9731962113575], [-0.734653685622224, 51.9719437978561], [-0.734068115397202, 51.9718409683798], [-0.734153785456493, 51.9716371849499], [-0.737811432360418, 51.9706565838315], [-0.738186037712488, 51.9705502727638], [-0.740379177491023, 51.9698626948556], [-0.741422664314886, 51.9704464992767], [-0.744252146898826, 51.9720175293344], [-0.747554475459547, 51.9735571860168], [-0.743647285340507, 51.9752468162828], [-0.744606076533876, 51.9756462490352], [-0.743774834328475, 51.9755634470779], [-0.743090639342406, 51.9760428443777], [-0.743400683298702, 51.9762179336318], [-0.742637062025999, 51.9772958436312], [-0.741718985454248, 51.9771739849097]]]}, "properties": {"LSOA21CD": "E01034455", "LSOA21NM": "Milton Keynes 032G", "LAT": 51.97359, "LONG": -0.74253, "fuel_poverty_rate_effective": 0.0286, "asset_total_mw": 0.0, "ec_count": 0.0, "population_effective": 2239, "deprivation_score": NaN, "active": false}}, {"type": "Feature", "geometry": {"type": "Polygon", "coordinates": [[[-0.698995782552394, 52.045556929626], [-0.697729463148995, 52.0447974984002], [-0.697185031819133, 52.0452241296347], [-0.696381334580234, 52.0448749606469], [-0.696469253811369, 52.0441556342678], [-0.695405881449251, 52.0438359015534], [-0.694650497179595, 52.0439272562559], [-0.69417337199965, 52.0429043118343], [-0.69389984211574, 52.0423513545312], [-0.694871145279548, 52.0415940111216], [-0.694233924935004, 52.0410270909274], [-0.693411100793562, 52.0404966474412], [-0.696850634955429, 52.0394764973279], [-0.697646243366581, 52.0392378805636], [-0.698514431221624, 52.0390053343615], [-0.701523267431921, 52.0383524008469], [-0.705462016179031, 52.0378789272365], [-0.703748685321186, 52.0400485597562], [-0.704223474710698, 52.0404898982434], [-0.705096936166375, 52.040606438921], [-0.705580085661087, 52.0413579473146], [-0.704824329324127, 52.0423099882587], [-0.704071526398921, 52.041527575409], [-0.702591275679933, 52.0421169272375], [-0.70254020713096, 52.0425418816616], [-0.70153956084683, 52.0421369942516], [-0.701026895358455, 52.0424776150809], [-0.701342919817638, 52.0426258367678], [-0.701009830871421, 52.0429857921679], [-0.70272340365145, 52.0431148111397], [-0.70309791372889, 52.0446313276913], [-0.705191566819875, 52.044575180283], [-0.7061693512015, 52.0439767639187], [-0.706467140894719, 52.0443817289916], [-0.70602972359617, 52.0449938694772], [-0.703046814905423, 52.0455990846758], [-0.703552355194374, 52.0463906762162], [-0.704613676512852, 52.0465012632708], [-0.70445041863516, 52.0471606435382], [-0.702465781794989, 52.0466484554987], [-0.700876624849996, 52.0461843034825], [-0.698995782552394, 52.045556929626]]]}, "properties": {"LSOA21CD": "E01034456", "LSOA21NM": "Milton Keynes 033C", "LAT": 52.0423, "LONG": -0.69994, "fuel_poverty_rate_effective": 0.0385, "asset_total_mw": 0.0, "ec_count": 0.0, "population_effective": 1923, "deprivation_score": NaN, "active": false}}, {"type": "Feature", "geometry": {"type": "Polygon", "coordinates": [[[-0.71311960700676, 52.0410924159348], [-0.710740459811406, 52.0395461475913], [-0.705580085661087, 52.0413579473146], [-0.705096936166375, 52.040606438921], [-0.704223474710698, 52.0404898982434], [-0.703748685321186, 52.0400485597562], [-0.705462016179031, 52.0378789272365], [-0.706678617032258, 52.0377817457234], [-0.709260558452526, 52.0376630316283], [-0.715454424122873, 52.0372034502489], [-0.716770299854622, 52.0370657062182], [-0.720796420380996, 52.0365427526249], [-0.72102309043542, 52.0368052406594], [-0.720873565554992, 52.0374393384319], [-0.722135459082219, 52.038752578029], [-0.7241189431703, 52.0396879684557], [-0.724056157335795, 52.0410450116808], [-0.72459607501845, 52.0418123185304], [-0.724375533028069, 52.042261146961], [-0.72370430596582, 52.0431908770965], [-0.720829162482921, 52.0441068554469], [-0.720074289192297, 52.0437708417908], [-0.71637697936949, 52.0426018781781], [-0.714404894076442, 52.0417937615263], [-0.71311960700676, 52.0410924159348]]]}, "properties": {"LSOA21CD": "E01034457", "LSOA21NM": "Milton Keynes 033D", "LAT": 52.04029, "LONG": -0.71795, "fuel_poverty_rate_effective": 0.0424, "asset_total_mw": 0.0, "ec_count": 0.0, "population_effective": 2334, "deprivation_score": NaN, "active": false}}, {"type": "Feature", "geometry": {"type": "Polygon", "coordinates": [[[-0.677870317048821, 52.0497304899162], [-0.677591062602747, 52.0491381747771], [-0.67724207424966, 52.0491431442094], [-0.677566050411568, 52.0481442524654], [-0.677274663911404, 52.0475829966362], [-0.678525406246541, 52.047494827994], [-0.678556690363547, 52.0466064911271], [-0.679510605757861, 52.0467714293529], [-0.68010033159689, 52.0465253271813], [-0.682496322361141, 52.0465828650365], [-0.683375627609174, 52.0471339132823], [-0.682823863406087, 52.0473941786364], [-0.683296577098144, 52.0477328197749], [-0.683187476076271, 52.0481774376971], [-0.684059841649302, 52.0489542201644], [-0.684567559273866, 52.0488533437858], [-0.685610706364124, 52.0497646241858], [-0.686064841051809, 52.049580816126], [-0.687544729921281, 52.0504008608872], [-0.688833821855878, 52.0506140452161], [-0.688937879201619, 52.0509567926915], [-0.689745965071877, 52.0510789952983], [-0.689642230989798, 52.0514995421886], [-0.690904996387902, 52.0519778339594], [-0.690619784907323, 52.0523935505402], [-0.691371936638308, 52.0525444553329], [-0.690260035376443, 52.0531571546684], [-0.687086519179738, 52.0542877938385], [-0.675771733209356, 52.0507201403241], [-0.677591216897007, 52.0498621124747], [-0.677870317048821, 52.0497304899162]]]}, "properties": {"LSOA21CD": "E01034458", "LSOA21NM": "Milton Keynes 034A", "LAT": 52.05038, "LONG": -0.68214, "fuel_poverty_rate_effective": 0.0264, "asset_total_mw": 0.0, "ec_count": 0.0, "population_effective": 2683, "deprivation_score": NaN, "active": false}}, {"type": "Feature", "geometry": {"type": "Polygon", "coordinates": [[[-0.687544729921281, 52.0504008608872], [-0.686064841051809, 52.049580816126], [-0.685610706364124, 52.0497646241858], [-0.684567559273866, 52.0488533437858], [-0.684059841649302, 52.0489542201644], [-0.683187476076271, 52.0481774376971], [-0.683296577098144, 52.0477328197749], [-0.682823863406087, 52.0473941786364], [-0.683375627609174, 52.0471339132823], [-0.682496322361141, 52.0465828650365], [-0.682892216673264, 52.046605291586], [-0.681974747122967, 52.0457606883729], [-0.682805076302795, 52.0439387630768], [-0.683798865824137, 52.0449090923999], [-0.683891134287699, 52.0460901153388], [-0.684310269064109, 52.0467964041366], [-0.685508299232332, 52.0472413506375], [-0.684976001878393, 52.0477703643057], [-0.686655820632531, 52.0481779765777], [-0.686925847744823, 52.0472725221557], [-0.688999427111916, 52.0474195170336], [-0.69024385470576, 52.0482212048633], [-0.691468881043656, 52.0479072016779], [-0.692249537155741, 52.048046487227], [-0.691995548550576, 52.0485221792987], [-0.69260991681327, 52.0488829892133], [-0.693521106990816, 52.0482992234972], [-0.694140232942722, 52.0496134902559], [-0.694037712839247, 52.0499406455912], [-0.695613714360646, 52.0500170391662], [-0.694118131601749, 52.0511289673149], [-0.692670475295673, 52.0518665067844], [-0.691371936638308, 52.0525444553329], [-0.690619784907323, 52.0523935505402], [-0.690904996387902, 52.0519778339594], [-0.689642230989798, 52.0514995421886], [-0.689745965071877, 52.0510789952983], [-0.688937879201619, 52.0509567926915], [-0.688833821855878, 52.0506140452161], [-0.687544729921281, 52.0504008608872]]]}, "properties": {"LSOA21CD": "E01034459", "LSOA21NM": "Milton Keynes 034B", "LAT": 52.04825, "LONG": -0.68768, "fuel_poverty_rate_effective": 0.0313, "asset_total_mw": 0.0, "ec_count": 0.0, "population_effective": 2045, "deprivation_score": NaN, "active": false}}, {"type": "Feature", "geometry": {"type": "Polygon", "coordinates": [[[-0.675771733209356, 52.0507201403241], [-0.669376905024793, 52.0485795657836], [-0.670165444669526, 52.0468079021467], [-0.671720033077304, 52.0468151798658], [-0.671823696325669, 52.0461041118198], [-0.672884263648194, 52.0443490246626], [-0.674378443225943, 52.0440283032678], [-0.674904178592037, 52.043137331941], [-0.674585252090676, 52.0426510243483], [-0.678817712099796, 52.041621253963], [-0.678820053418801, 52.0416210158603], [-0.681754138518337, 52.0408537773947], [-0.685027690899603, 52.0411374647276], [-0.687696398622115, 52.0419105706538], [-0.685861991431996, 52.0422353784294], [-0.684065071647693, 52.0426781723466], [-0.684181405908661, 52.0429328012271], [-0.683805753062829, 52.0427350713986], [-0.680219705759974, 52.0434992135831], [-0.680345073310023, 52.0436871336791], [-0.681974747122967, 52.0457606883729], [-0.682892216673264, 52.046605291586], [-0.682496322361141, 52.0465828650365], [-0.68010033159689, 52.0465253271813], [-0.679510605757861, 52.0467714293529], [-0.678556690363547, 52.0466064911271], [-0.678525406246541, 52.047494827994], [-0.677274663911404, 52.0475829966362], [-0.677566050411568, 52.0481442524654], [-0.67724207424966, 52.0491431442094], [-0.677591062602747, 52.0491381747771], [-0.677870317048821, 52.0497304899162], [-0.677591216897007, 52.0498621124747], [-0.675771733209356, 52.0507201403241]]]}, "properties": {"LSOA21CD": "E01034460", "LSOA21NM": "Milton Keynes 034D", "LAT": 52.04576, "LONG": -0.67706, "fuel_poverty_rate_effective": 0.0285, "asset_total_mw": 0.0, "ec_count": 0.0, "population_effective": 2301, "deprivation_score": NaN, "active": false}}, {"type": "Feature", "geometry": {"type": "Polygon", "coordinates": [[[-0.683798865824137, 52.0449090923999], [-0.682805076302795, 52.0439387630768], [-0.681974747122967, 52.0457606883729], [-0.680345073310023, 52.0436871336791], [-0.680219705759974, 52.0434992135831], [-0.683805753062829, 52.0427350713986], [-0.684181405908661, 52.0429328012271], [-0.684065071647693, 52.0426781723466], [-0.685861991431996, 52.0422353784294], [-0.687696398622115, 52.0419105706538], [-0.690375147522058, 52.041275351151], [-0.69049738492858, 52.0412462745625], [-0.693411100793562, 52.0404966474412], [-0.694233924935004, 52.0410270909274], [-0.694871145279548, 52.0415940111216], [-0.69389984211574, 52.0423513545312], [-0.69417337199965, 52.0429043118343], [-0.693696673985188, 52.0430059005873], [-0.692938103438923, 52.0431423288527], [-0.692260057474349, 52.0428771445], [-0.691455503537556, 52.043823404112], [-0.688725082813844, 52.0434029011519], [-0.688762568169815, 52.0437001687477], [-0.687966343216107, 52.043191148193], [-0.686164868024326, 52.0431018593413], [-0.685559163364354, 52.0432438840567], [-0.684484245443438, 52.0434820348706], [-0.685061749963672, 52.0445092281612], [-0.685703229177079, 52.0450433526156], [-0.6858301474704, 52.0459694102885], [-0.683891134287699, 52.0460901153388], [-0.683798865824137, 52.0449090923999]]]}, "properties": {"LSOA21CD": "E01034461", "LSOA21NM": "Milton Keynes 034E", "LAT": 52.04328, "LONG": -0.6833, "fuel_poverty_rate_effective": 0.0415, "asset_total_mw": 0.0, "ec_count": 0.0, "population_effective": 1855, "deprivation_score": NaN, "active": false}}, {"type": "Feature", "geometry": {"type": "Polygon", "coordinates": [[[-0.85378579772058, 52.0549563967118], [-0.852768439003413, 52.0540798282425], [-0.85134865071482, 52.0541747250806], [-0.850492226535095, 52.0537757875734], [-0.849783933563626, 52.05428660963], [-0.848566942281791, 52.0540716401002], [-0.847949290419045, 52.054243868417], [-0.847091133340113, 52.0533947346587], [-0.84662496347666, 52.0528035058444], [-0.844558371503132, 52.0516700369844], [-0.845869403069912, 52.05066375284], [-0.845457281604856, 52.0504655770602], [-0.845702427986114, 52.0502875970237], [-0.844402036753535, 52.0498162747896], [-0.842973058752151, 52.0486783105588], [-0.841953253340194, 52.0485225818478], [-0.842156395677758, 52.0483379098074], [-0.843526106086704, 52.0470796309301], [-0.846639781162357, 52.0483426226796], [-0.849035583204127, 52.0492688319474], [-0.849258239635742, 52.0489700693808], [-0.850208300763686, 52.0490639290743], [-0.851672698635355, 52.0496814928477], [-0.853085431276456, 52.0498024376568], [-0.852446743575193, 52.0507051991632], [-0.852801344843593, 52.0514063415923], [-0.853284004464109, 52.0522481771122], [-0.855789146546399, 52.0531919481407], [-0.854319932659372, 52.0546671199276], [-0.854576889241132, 52.055385574107], [-0.853866885801467, 52.0555104510074], [-0.853423405455796, 52.0551079419912], [-0.85378579772058, 52.0549563967118]]]}, "properties": {"LSOA21CD": "E01034462", "LSOA21NM": "Milton Keynes 036A", "LAT": 52.05175, "LONG": -0.84884, "fuel_poverty_rate_effective": 0.0798, "asset_total_mw": 0.0, "ec_count": 0.0, "population_effective": 1354, "deprivation_score": NaN, "active": false}}, {"type": "Feature", "geometry": {"type": "Polygon", "coordinates": [[[-0.83611339898287, 52.0480868723513], [-0.832513868602715, 52.0463289719462], [-0.832299669087826, 52.0462197140411], [-0.832008248360838, 52.0460710442381], [-0.830357177031039, 52.0452161446991], [-0.830992890723429, 52.0449017397445], [-0.831038028373069, 52.0443377361954], [-0.831607245626879, 52.0441243392928], [-0.832206120910242, 52.0443045586447], [-0.831855704265478, 52.043603175704], [-0.832363534717003, 52.0431388061665], [-0.833357696715314, 52.0439537114586], [-0.834071692115009, 52.0440662498695], [-0.834638633468208, 52.0446473369957], [-0.834317100557491, 52.0449190683011], [-0.835666039166532, 52.0448916476375], [-0.836269221840871, 52.044371099469], [-0.835861081515376, 52.0437846161186], [-0.836190055284251, 52.0435281197154], [-0.836778475344369, 52.0433579411841], [-0.838315084811644, 52.0440002211469], [-0.838093636784103, 52.0441886143143], [-0.839053271970073, 52.0446260190294], [-0.839728657626427, 52.0445894322687], [-0.839493427626499, 52.0447790587006], [-0.839938398591937, 52.0449942037232], [-0.840735087009774, 52.0450147652227], [-0.840835548195413, 52.0445457780784], [-0.841499909348153, 52.0444720496214], [-0.841639271605802, 52.0447296293164], [-0.846357492491967, 52.0442251379483], [-0.846769953644782, 52.045656680217], [-0.846639781162357, 52.0483426226796], [-0.843526106086704, 52.0470796309301], [-0.842156395677758, 52.0483379098074], [-0.841953253340194, 52.0485225818478], [-0.839667251827915, 52.0499886874264], [-0.83611339898287, 52.0480868723513]]]}, "properties": {"LSOA21CD": "E01034463", "LSOA21NM": "Milton Keynes 036B", "LAT": 52.04662, "LONG": -0.8398, "fuel_poverty_rate_effective": 0.0334, "asset_total_mw": 0.0, "ec_count": 0.0, "population_effective": 2422, "deprivation_score": NaN, "active": false}}, {"type": "Feature", "geometry": {"type": "Polygon", "coordinates": [[[-0.850208300763686, 52.0490639290743], [-0.849258239635742, 52.0489700693808], [-0.849035583204127, 52.0492688319474], [-0.846639781162357, 52.0483426226796], [-0.846769953644782, 52.045656680217], [-0.846357492491967, 52.0442251379483], [-0.841639271605802, 52.0447296293164], [-0.841499909348153, 52.0444720496214], [-0.840835548195413, 52.0445457780784], [-0.840735087009774, 52.0450147652227], [-0.839938398591937, 52.0449942037232], [-0.839493427626499, 52.0447790587006], [-0.839728657626427, 52.0445894322687], [-0.839053271970073, 52.0446260190294], [-0.838093636784103, 52.0441886143143], [-0.838315084811644, 52.0440002211469], [-0.836778475344369, 52.0433579411841], [-0.836190055284251, 52.0435281197154], [-0.835861081515376, 52.0437846161186], [-0.836269221840871, 52.044371099469], [-0.835666039166532, 52.0448916476375], [-0.834317100557491, 52.0449190683011], [-0.834638633468208, 52.0446473369957], [-0.834071692115009, 52.0440662498695], [-0.833357696715314, 52.0439537114586], [-0.832363534717003, 52.0431388061665], [-0.831855704265478, 52.043603175704], [-0.832206120910242, 52.0443045586447], [-0.831607245626879, 52.0441243392928], [-0.831038028373069, 52.0443377361954], [-0.830992890723429, 52.0449017397445], [-0.830357177031039, 52.0452161446991], [-0.832008248360838, 52.0460710442381], [-0.818797489329527, 52.0403757538354], [-0.813564296874485, 52.0383290737929], [-0.81095563930387, 52.0371324110068], [-0.812178955685099, 52.0360142386126], [-0.815275652802542, 52.0326743804496], [-0.816448908226566, 52.0327237329152], [-0.8163959281808, 52.0323526203779], [-0.81627152965652, 52.0315573482153], [-0.817732945778893, 52.0312279630489], [-0.820048588004439, 52.0294082174506], [-0.821197165765116, 52.0289414909208], [-0.828183443883737, 52.0258435424393], [-0.829999136263328, 52.0247479313665], [-0.831892343864933, 52.0229586721221], [-0.832500692246037, 52.0212469390628], [-0.835321323342033, 52.0188692284906], [-0.8391311885953, 52.0211660523258], [-0.843492633757718, 52.0223728338017], [-0.845126361738581, 52.0228537970872], [-0.84745312584574, 52.025574038771], [-0.849509508049803, 52.0260046875502], [-0.852349040427805, 52.0274453477811], [-0.851878128505919, 52.0280133830813], [-0.855490304337477, 52.0299915402445], [-0.856887559168663, 52.0305601091629], [-0.855910152186401, 52.0316621494715], [-0.85801357398758, 52.0330413518823], [-0.857784786303852, 52.0332340486109], [-0.859111520129512, 52.0344281626502], [-0.861312474737103, 52.0355839858063], [-0.861144958441274, 52.035749813493], [-0.865410649624723, 52.0377256809679], [-0.865093627599222, 52.0381026035515], [-0.867090277541781, 52.0386165705614], [-0.866951706547731, 52.0400984833174], [-0.869508514983134, 52.0403873457198], [-0.871325791435742, 52.0402517758881], [-0.871789728247653, 52.0418459916887], [-0.870454136473113, 52.0433715450283], [-0.870606635684049, 52.0438034328154], [-0.867733960077935, 52.0462209463351], [-0.866115368062688, 52.0466899079751], [-0.865602886518112, 52.0466470249952], [-0.865007415898847, 52.0458683200885], [-0.864202163841065, 52.045598822164], [-0.864016408842865, 52.0458999182393], [-0.86322041295454, 52.0460168674846], [-0.862595314515457, 52.0452615866524], [-0.85942282439064, 52.0446021892402], [-0.857882913253477, 52.0460259856334], [-0.856141165562772, 52.0468941749263], [-0.855535172590961, 52.0474218402884], [-0.85570536989058, 52.0479486331445], [-0.853085431276456, 52.0498024376568], [-0.851672698635355, 52.0496814928477], [-0.850208300763686, 52.0490639290743]]]}, "properties": {"LSOA21CD": "E01034464", "LSOA21NM": "Milton Keynes 036C", "LAT": 52.03427, "LONG": -0.83674, "fuel_poverty_rate_effective": 0.0443, "asset_total_mw": 0.0, "ec_count": 0.0, "population_effective": 2108, "deprivation_score": NaN, "active": false}}, {"type": "Feature", "geometry": {"type": "Polygon", "coordinates": [[[-0.798017261506878, 52.0134914315316], [-0.795592120432938, 52.011778963684], [-0.798477829478865, 52.0100357626761], [-0.801595350443288, 52.0073428378299], [-0.801719065687793, 52.0072228510926], [-0.801987190741907, 52.0069169305524], [-0.803175496557538, 52.0054543191522], [-0.803425744196069, 52.0051432955226], [-0.805082286643431, 52.0061881486991], [-0.807550876486178, 52.0077243061162], [-0.808633097565442, 52.0082475275653], [-0.810714452844134, 52.0071323143103], [-0.811511136245536, 52.0061530227645], [-0.812243202811389, 52.0060156833098], [-0.813797105153097, 52.0055323743397], [-0.816328759507486, 52.0054336824499], [-0.817996993479199, 52.0060714005344], [-0.819337855559581, 52.0073182039473], [-0.819539434362247, 52.0111985754244], [-0.814339032231264, 52.0117447076851], [-0.811626044287676, 52.0101946810339], [-0.809889573561328, 52.0092913280862], [-0.809536016738853, 52.0090971041737], [-0.810765663827553, 52.0082890451104], [-0.810555600955408, 52.0081120164324], [-0.809736000491371, 52.0084540091774], [-0.809079208185726, 52.008759627538], [-0.80770083621209, 52.008009228235], [-0.806821817921881, 52.0087753874079], [-0.804613313779656, 52.0095214448903], [-0.804311418351787, 52.009908282138], [-0.804966193904665, 52.0106066903051], [-0.802785809594556, 52.0124906226305], [-0.802146288268868, 52.0124301678658], [-0.801200082663512, 52.0129420308265], [-0.798017261506878, 52.0134914315316]]]}, "properties": {"LSOA21CD": "E01034465", "LSOA21NM": "Milton Keynes 036F", "LAT": 52.00947, "LONG": -0.81471, "fuel_poverty_rate_effective": 0.0356999999999999, "asset_total_mw": 0.0, "ec_count": 0.0, "population_effective": 1963, "deprivation_score": NaN, "active": false}}, {"type": "Feature", "geometry": {"type": "Polygon", "coordinates": [[[-0.804304218404903, 52.0336987164666], [-0.808629418667013, 52.0294896005029], [-0.809240850477473, 52.0287740295977], [-0.811182947435496, 52.0295108790528], [-0.812458635988052, 52.029865083149], [-0.813049080600743, 52.0293306994572], [-0.813587859883754, 52.028621489577], [-0.814432212527065, 52.0284885489923], [-0.814325840640383, 52.0280532836107], [-0.81354742354981, 52.0277741211742], [-0.813079910190228, 52.0282866322666], [-0.812762092361308, 52.0281822862101], [-0.812080798821163, 52.0273962014504], [-0.812323186594186, 52.0270465213416], [-0.81399624907384, 52.027565954026], [-0.816158892614005, 52.0273535895299], [-0.815904399454692, 52.0268696291362], [-0.81624506299976, 52.0265317431272], [-0.817734680034503, 52.0262172200613], [-0.819944122433915, 52.0274689216318], [-0.821271436815229, 52.0282208269518], [-0.821197165765116, 52.0289414909208], [-0.820048588004439, 52.0294082174506], [-0.817732945778893, 52.0312279630489], [-0.81627152965652, 52.0315573482153], [-0.8163959281808, 52.0323526203779], [-0.816448908226566, 52.0327237329152], [-0.815275652802542, 52.0326743804496], [-0.812178955685099, 52.0360142386126], [-0.81095563930387, 52.0371324110068], [-0.809503461221228, 52.0364662922626], [-0.806862445794078, 52.0353182272718], [-0.804214789597581, 52.0341855240291], [-0.804304218404903, 52.0336987164666]]]}, "properties": {"LSOA21CD": "E01034466", "LSOA21NM": "Milton Keynes 037A", "LAT": 52.03253, "LONG": -0.8127, "fuel_poverty_rate_effective": 0.0308, "asset_total_mw": 0.0, "ec_count": 0.0, "population_effective": 3684, "deprivation_score": NaN, "active": false}}, {"type": "Feature", "geometry": {"type": "Polygon", "coordinates": [[[-0.807134986523722, 52.0298431444976], [-0.805905916418352, 52.0291828671472], [-0.8051310055797, 52.029546010661], [-0.804956386793256, 52.029128688304], [-0.805660738061728, 52.0287715917639], [-0.805293577018801, 52.0285803220486], [-0.804782540878101, 52.0288993492125], [-0.804370804194303, 52.0287059965405], [-0.803272726204018, 52.0295693950925], [-0.800481110144159, 52.0283908446449], [-0.800446530086994, 52.0283757830366], [-0.796415879187714, 52.0267040084731], [-0.797025251542019, 52.0259475294865], [-0.797617985650586, 52.0254395557645], [-0.799297017383591, 52.0257794810112], [-0.799437191254004, 52.025351034719], [-0.801857846522555, 52.0259681472195], [-0.80214842758229, 52.0266530207941], [-0.802982183251549, 52.0275044788979], [-0.803491608523611, 52.027342686171], [-0.804290574126141, 52.0269990758108], [-0.805791839904784, 52.0265058928143], [-0.807684677522734, 52.0271052102289], [-0.808863208376058, 52.0262440344459], [-0.808887374864693, 52.0262550147966], [-0.810562756893131, 52.0255753877132], [-0.809851931627228, 52.0247439470247], [-0.809012117024147, 52.0245509952625], [-0.809068440647684, 52.0241971174875], [-0.809491308729551, 52.024155440475], [-0.809411069232665, 52.0231627760071], [-0.808978466270892, 52.0228675834169], [-0.809318440865562, 52.0223790257288], [-0.809774285021656, 52.0220197474784], [-0.810818330710416, 52.0216536710013], [-0.810638322616918, 52.0214452401135], [-0.811621202929612, 52.0208673858376], [-0.812442307148893, 52.0203857081223], [-0.814796002254588, 52.0202127471001], [-0.813706035881053, 52.0220442897266], [-0.813671822726766, 52.0230408324994], [-0.814268344328194, 52.0233296567331], [-0.813041256004744, 52.0239668590988], [-0.814019991425783, 52.0241125999396], [-0.817734680034503, 52.0262172200613], [-0.81624506299976, 52.0265317431272], [-0.815904399454692, 52.0268696291362], [-0.816158892614005, 52.0273535895299], [-0.81399624907384, 52.027565954026], [-0.812323186594186, 52.0270465213416], [-0.812080798821163, 52.0273962014504], [-0.812762092361308, 52.0281822862101], [-0.813079910190228, 52.0282866322666], [-0.81354742354981, 52.0277741211742], [-0.814325840640383, 52.0280532836107], [-0.814432212527065, 52.0284885489923], [-0.813587859883754, 52.028621489577], [-0.813049080600743, 52.0293306994572], [-0.812458635988052, 52.029865083149], [-0.811182947435496, 52.0295108790528], [-0.809240850477473, 52.0287740295977], [-0.808629418667013, 52.0294896005029], [-0.807503239495103, 52.0290825738268], [-0.807998731257386, 52.027991748318], [-0.807154551630548, 52.0273023363216], [-0.807199724643298, 52.0278666310272], [-0.807592248680121, 52.0279025004297], [-0.807335009529592, 52.028336322287], [-0.806669786019856, 52.0280398396935], [-0.805496050030782, 52.02836988123], [-0.807019053844483, 52.0285527014187], [-0.806644068419762, 52.028960723451], [-0.807134986523722, 52.0298431444976]]]}, "properties": {"LSOA21CD": "E01034467", "LSOA21NM": "Milton Keynes 037B", "LAT": 52.02505, "LONG": -0.81289, "fuel_poverty_rate_effective": 0.0479, "asset_total_mw": 0.0, "ec_count": 0.0, "population_effective": 2168, "deprivation_score": NaN, "active": false}}, {"type": "Feature", "geometry": {"type": "Polygon", "coordinates": [[[-0.790630658136961, 52.0166622895716], [-0.788498942619638, 52.0150466589037], [-0.78994033600985, 52.0143699947247], [-0.792748310714277, 52.0131916141166], [-0.792975583246958, 52.0130808844019], [-0.795592120432938, 52.011778963684], [-0.798017261506878, 52.0134914315316], [-0.801200082663512, 52.0129420308265], [-0.802146288268868, 52.0124301678658], [-0.802785809594556, 52.0124906226305], [-0.805079159580749, 52.0124481863053], [-0.808784074223474, 52.011513013247], [-0.814049317588334, 52.0118347935027], [-0.81250189052646, 52.013014039492], [-0.812093269091315, 52.0156743951164], [-0.811403679350179, 52.0161793738402], [-0.810268201527557, 52.0159116519718], [-0.810548485333241, 52.0165742142525], [-0.810057720059538, 52.0169020177927], [-0.809468711043588, 52.0165415202242], [-0.807652667165365, 52.0168827844549], [-0.808041872343595, 52.01776337978], [-0.806021771774012, 52.0182229613909], [-0.80522968660429, 52.0185286947004], [-0.805462773954357, 52.0181283558004], [-0.804440572845047, 52.017659417556], [-0.805061810165565, 52.0165490723399], [-0.803870419850935, 52.0168902080435], [-0.804064553806804, 52.0161317223099], [-0.804597703596723, 52.0160504543562], [-0.804242040444007, 52.0155575927987], [-0.799370870901232, 52.015458515328], [-0.798995864266819, 52.0154410854366], [-0.798864354008891, 52.0164088298853], [-0.797225342241919, 52.0175675953728], [-0.794735590147652, 52.0188450487828], [-0.794390633778922, 52.0190155737832], [-0.790125164889785, 52.0183765631411], [-0.790120972490842, 52.017235509212], [-0.790630658136961, 52.0166622895716]]]}, "properties": {"LSOA21CD": "E01034468", "LSOA21NM": "Milton Keynes 037E", "LAT": 52.01525, "LONG": -0.80041, "fuel_poverty_rate_effective": 0.0361, "asset_total_mw": 0.0, "ec_count": 0.0, "population_effective": 1114, "deprivation_score": NaN, "active": false}}]}